Keyword,Volume,Trend,Growth %,SEO Score,Competition,Avg CPC,Branded,Topics,Aug 2022,Sep 2022,Oct 2022,Nov 2022,Dec 2022,Jan 2023,Feb 2023,Mar 2023,Apr 2023,May 2023,Jun 2023,Jul 2023,Aug 2023,Sep 2023,Oct 2023,Nov 2023,Dec 2023,Jan 2024,Feb 2024,Mar 2024,Apr 2024,May 2024,Jun 2024,Jul 2024,Aug 2024,Sep 2024,Oct 2024,Nov 2024,Dec 2024,Jan 2025,Feb 2025,Mar 2025,Apr 2025,May 2025,Jun 2025,Jul 2025,Aug 2025,Sep 2025,Oct 2025,Nov 2025,Dec 2025,Jan 2026,Feb 2026,Mar 2026,Apr 2026,May 2026,Jun 2026,Jul 2026
"photo upload",12100,"stable -18%","-18%",64,"0.06","$0.01",No,"Length: Head (1–2 words) · Seasonality: Evergreen",14800,14800,14800,12100,14800,14800,14800,18100,14800,14800,14800,14800,14800,18100,14800,14800,14800,14800,14800,14800,14800,14800,14800,14800,14800,12100,12100,12100,14800,12100,12100,12100,12100,14800,12100,14800,14800,14800,14800,12100,12100,12100,12100,12100,12100,12100,12100,12100
"photo download",60500,"stable -13%","-13%",79,"0.01","$0.01",No,"Length: Head (1–2 words) · Seasonality: Evergreen",165000,135000,135000,135000,135000,135000,110000,135000,110000,110000,110000,110000,110000,110000,110000,110000,110000,110000,110000,110000,90500,110000,90500,90500,90500,74000,74000,74000,74000,74000,60500,74000,74000,74000,74000,74000,74000,74000,60500,60500,74000,74000,60500,60500,60500,60500,60500,60500
"photo location",14800,"stable 6%","+6%",59,"0.15","$0.00",No,"Length: Head (1–2 words) · Seasonality: Evergreen",14800,12100,12100,12100,12100,14800,12100,14800,14800,14800,14800,18100,18100,14800,14800,12100,12100,12100,12100,14800,14800,14800,14800,14800,14800,12100,12100,12100,12100,14800,12100,14800,14800,14800,14800,14800,14800,14800,12100,12100,14800,14800,12100,14800,14800,14800,14800,14800
"photo processing",1300,"stable -14%","-14%",6,"0.89","$0.01",No,"Length: Head (1–2 words) · Seasonality: Evergreen",1900,1900,1900,1900,1900,1900,1600,1900,1600,2400,1900,1600,1900,1600,1600,1600,1900,1600,1600,1900,1900,1900,1600,1900,1600,1600,1900,1600,1900,1900,1300,1600,1600,1600,1300,1300,1300,1600,1300,1300,1300,1000,1000,1300,1300,1300,1300,1000
"ai your photo",480,"declining -54%","-54%",19,"0.58","$0.01",No,"Contains: your photo · Length: Body (3–4 words) · Seasonality: Peaks in December",20,40,70,210,2900,590,480,390,590,590,720,720,720,590,1000,720,880,880,720,720,720,720,480,590,590,590,590,590,720,590,590,720,720,480,480,390,390,720,880,720,720,720,590,480,210,390,260,260
"photo apps free",2900,"stable -2%","-2%",42,"0.28","$0.01",No,"Length: Body (3–4 words) · Seasonality: Evergreen",2900,2400,2400,2400,2900,2400,1900,2400,2400,2900,2900,2900,2400,1900,2900,2400,2900,3600,3600,3600,3600,3600,3600,2900,2900,2900,2900,2400,2400,2400,1600,1900,1600,1900,1900,1900,2400,3600,3600,3600,3600,2900,2900,2900,2900,2900,3600,2900
"upload image",110000,"stable -18%","-18%",82,"0.02","$0.00",No,"Length: Head (1–2 words) · Seasonality: Evergreen",165000,135000,135000,135000,135000,165000,135000,165000,135000,135000,135000,135000,165000,135000,135000,135000,135000,135000,135000,135000,135000,135000,110000,110000,110000,110000,110000,110000,110000,110000,110000,110000,110000,110000,110000,135000,135000,110000,110000,110000,110000,110000,90500,90500,90500,110000,90500,90500
"add photo to photo",14800,"declining -41%","-41%",60,"0.14","$0.00",No,"Contains: photo to · Contains: to photo · Contains: add photo · Contains: add photo to · Length: Body (3–4 words) · Seasonality: Evergreen",9900,9900,12100,9900,12100,12100,9900,12100,12100,12100,12100,12100,12100,12100,12100,12100,14800,14800,14800,14800,14800,14800,14800,14800,14800,14800,18100,14800,18100,18100,14800,18100,18100,18100,18100,18100,18100,18100,18100,18100,18100,14800,14800,14800,12100,12100,9900,9900
"photo ai free",5400,"declining -42%","-42%",35,"0.43","$0.00",No,"Length: Body (3–4 words) · Seasonality: Evergreen",50,50,90,110,720,720,880,1900,2900,4400,5400,6600,6600,6600,8100,6600,8100,8100,6600,6600,6600,6600,6600,8100,6600,6600,6600,6600,6600,6600,6600,8100,6600,5400,5400,5400,4400,8100,8100,6600,6600,8100,5400,5400,4400,5400,3600,2900
"ai photos",450000,"stable 13%","+13%",67,"0.29","$0.00",No,"Length: Head (1–2 words) · Seasonality: Evergreen",12100,12100,14800,18100,165000,60500,60500,74000,135000,135000,165000,201000,246000,165000,246000,201000,246000,246000,246000,246000,201000,201000,201000,201000,201000,201000,201000,201000,201000,201000,201000,246000,246000,201000,201000,201000,165000,673000,450000,368000,368000,450000,368000,368000,368000,550000,450000,450000
"ai tools free",22200,"stable -13%","-13%",31,"0.57","$0.00",No,"Length: Body (3–4 words) · Seasonality: Evergreen",390,390,720,590,1300,4400,5400,6600,8100,9900,14800,18100,18100,18100,14800,14800,18100,18100,22200,22200,27100,22200,18100,14800,18100,22200,22200,18100,22200,27100,27100,33100,27100,27100,27100,27100,27100,27100,22200,18100,18100,22200,18100,22200,22200,22200,22200,22200
"free photo ai",2900,"growing 61%","+61%",32,"0.44","$0.00",No,"Length: Body (3–4 words) · Seasonality: Evergreen",70,90,110,140,720,590,590,1000,1600,1900,2400,2900,2900,2900,3600,2900,3600,3600,2900,2900,2900,2900,2400,2400,2400,2400,2400,2400,2400,2400,2400,2400,2900,2400,2400,2400,1900,2400,2400,1900,2900,2400,2400,2900,2900,3600,3600,3600
"photo ai",110000,"stable -10%","-10%",48,"0.43","$0.00",No,"Length: Head (1–2 words) · Seasonality: Evergreen",3600,5400,5400,9900,27100,22200,27100,49500,60500,60500,74000,74000,74000,90500,90500,90500,110000,110000,110000,90500,90500,90500,90500,135000,110000,135000,135000,135000,110000,110000,90500,110000,110000,90500,110000,90500,74000,135000,135000,110000,110000,110000,90500,110000,110000,110000,110000,90500
"photo tools",6600,"declining -64%","-64%",59,"0.07","$0.00",No,"Length: Head (1–2 words) · Seasonality: Peaks in October",2400,5400,135000,74000,3600,3600,2900,3600,2900,4400,3600,4400,5400,18100,301000,135000,8100,8100,5400,6600,5400,5400,4400,6600,5400,18100,246000,110000,8100,8100,6600,5400,5400,5400,4400,5400,6600,12100,18100,6600,5400,4400,5400,5400,4400,4400,4400,4400
"photo resizer free",8100,"stable 7%","+7%",48,"0.26","$0.00",No,"Contains: photo resizer free · Length: Body (3–4 words) · Seasonality: Evergreen",2900,4400,5400,6600,5400,6600,6600,8100,6600,6600,6600,6600,6600,6600,9900,8100,6600,6600,6600,6600,5400,5400,5400,5400,4400,5400,8100,6600,6600,8100,8100,6600,6600,6600,6600,6600,8100,6600,6600,8100,8100,8100,8100,8100,6600,6600,8100,8100
"free ai tools",90500,"growing 615%","+615%",77,"0.07","$0.01",No,"Length: Body (3–4 words) · Seasonality: Peaks in June",1300,1600,1600,1600,4400,9900,9900,12100,14800,22200,22200,27100,22200,22200,18100,18100,18100,22200,22200,22200,22200,22200,27100,22200,27100,27100,27100,27100,33100,40500,27100,33100,33100,33100,33100,33100,33100,33100,33100,27100,27100,33100,33100,40500,74000,40500,368000,301000
"free editor",14800,"growing 40%","+40%",54,"0.22","$0.00",No,"Length: Head (1–2 words) · Seasonality: Evergreen",12100,12100,12100,9900,9900,9900,9900,9900,9900,12100,9900,9900,9900,9900,9900,9900,9900,12100,12100,12100,12100,12100,12100,12100,12100,12100,12100,12100,9900,12100,12100,12100,12100,12100,12100,12100,12100,12100,12100,14800,14800,18100,14800,18100,18100,18100,18100,14800
"ai photo free",9900,"growing 52%","+52%",45,"0.33","$0.00",No,"Length: Body (3–4 words) · Seasonality: Evergreen",70,70,140,260,2400,1600,1300,1600,3600,4400,5400,6600,3600,3600,8100,8100,8100,8100,8100,8100,6600,6600,6600,6600,6600,6600,6600,6600,6600,6600,6600,8100,8100,5400,5400,5400,4400,9900,9900,6600,9900,8100,8100,9900,9900,12100,14800,9900
"my images",49500,"growing 107%","+107%",77,"0.02","$0.00",No,"Length: Head (1–2 words) · Seasonality: Evergreen",27100,49500,49500,18100,40500,27100,14800,12100,18100,18100,12100,9900,12100,9900,9900,8100,8100,9900,9900,9900,8100,8100,8100,8100,8100,9900,8100,8100,8100,9900,8100,9900,9900,14800,14800,22200,27100,33100,40500,33100,33100,49500,49500,60500,60500,74000,74000,60500
"photo apps",90500,"stable -13%","-13%",74,"0.11","$0.00",No,"Length: Head (1–2 words) · Seasonality: Evergreen",110000,110000,90500,90500,110000,110000,90500,90500,90500,90500,74000,74000,74000,74000,90500,74000,74000,90500,74000,90500,90500,90500,90500,90500,90500,74000,90500,90500,90500,90500,74000,74000,74000,74000,74000,90500,90500,110000,110000,90500,110000,90500,74000,90500,90500,90500,90500,90500
"photo images",22200,"stable -7%","-7%",70,"0.04","$0.01",No,"Length: Head (1–2 words) · Seasonality: Evergreen",27100,27100,27100,27100,27100,27100,22200,27100,27100,27100,22200,22200,22200,22200,22200,22200,22200,22200,22200,27100,22200,27100,27100,27100,22200,22200,22200,22200,22200,22200,22200,22200,22200,22200,22200,22200,22200,27100,22200,22200,22200,22200,22200,22200,22200,22200,22200,22200
"add photo",9900,"growing 22%","+22%",65,"0.03","$0.00",No,"Contains: add photo · Length: Head (1–2 words) · Seasonality: Evergreen",5400,4400,5400,6600,6600,8100,6600,8100,8100,8100,6600,8100,8100,6600,6600,6600,6600,6600,6600,6600,5400,6600,6600,6600,8100,8100,8100,6600,8100,8100,6600,8100,6600,6600,6600,8100,8100,9900,8100,8100,8100,9900,8100,8100,8100,9900,9900,12100
"free ai photo",4400,"growing 50%","+50%",33,"0.46","$0.00",No,"Length: Body (3–4 words) · Seasonality: Evergreen",90,110,170,210,1900,1000,880,1300,1600,1900,2400,2900,2900,2900,5400,3600,4400,5400,4400,4400,4400,3600,3600,3600,3600,3600,3600,3600,4400,3600,3600,3600,3600,3600,2900,2900,2900,3600,3600,3600,5400,5400,4400,5400,5400,5400,5400,4400
"photo to ai",2400,"declining -52%","-52%",35,"0.38","$0.00",No,"Contains: photo to · Contains: photo to ai · Length: Body (3–4 words) · Seasonality: Evergreen",140,260,260,590,4400,2400,1900,2400,2900,3600,4400,4400,4400,4400,5400,5400,5400,5400,5400,5400,4400,5400,4400,4400,4400,4400,4400,4400,4400,4400,4400,6600,5400,4400,3600,2900,2900,2900,2900,2400,2400,2400,2900,2400,1600,1600,1300,1300
"image ai free",4400,"stable 7%","+7%",35,"0.43","$0.00",No,"Length: Body (3–4 words) · Seasonality: Evergreen",210,390,390,390,720,1300,1300,1900,3600,3600,3600,3600,3600,3600,4400,4400,5400,5400,6600,6600,6600,5400,4400,4400,4400,5400,5400,5400,5400,5400,5400,5400,6600,5400,4400,3600,3600,3600,4400,3600,4400,4400,3600,4400,4400,4400,4400,3600
"add image to photo",14800,"declining -41%","-41%",60,"0.14","$0.00",No,"Contains: to photo · Length: Body (3–4 words) · Seasonality: Evergreen",9900,9900,12100,9900,12100,12100,9900,12100,12100,12100,12100,12100,12100,12100,12100,12100,14800,14800,14800,14800,14800,14800,14800,14800,14800,14800,18100,14800,18100,18100,14800,18100,18100,18100,18100,18100,18100,18100,18100,18100,18100,14800,14800,14800,12100,12100,9900,9900
"photo picture",22200,"growing 41%","+41%",62,"0.15","$0.01",No,"Length: Head (1–2 words) · Seasonality: Evergreen",33100,33100,27100,27100,27100,27100,27100,27100,27100,33100,33100,27100,33100,27100,33100,33100,33100,33100,33100,33100,33100,33100,33100,27100,22200,22200,27100,33100,27100,27100,18100,22200,22200,22200,18100,22200,22200,22200,22200,22200,22200,22200,18100,22200,22200,22200,22200,49500
"google my photos",6600,"stable -7%","-7%",63,"0.01","$0.00",No,"Length: Body (3–4 words) · Seasonality: Peaks in July",6600,8100,6600,6600,6600,6600,6600,6600,5400,6600,12100,27100,18100,12100,9900,9900,9900,9900,8100,8100,8100,8100,6600,8100,8100,6600,6600,6600,6600,9900,8100,8100,8100,6600,8100,8100,6600,8100,6600,5400,5400,5400,5400,6600,5400,6600,6600,6600
"free ai image",27100,"growing 33%","+33%",41,"0.44","$0.01",No,"Contains: free ai image · Length: Body (3–4 words) · Seasonality: Evergreen",1300,1900,1900,2400,5400,6600,6600,9900,14800,18100,18100,18100,18100,18100,27100,27100,33100,33100,33100,33100,33100,33100,33100,27100,27100,33100,33100,27100,33100,33100,27100,33100,33100,27100,27100,22200,22200,22200,22200,22200,27100,33100,27100,27100,27100,33100,33100,22200
"multiple photos in one photo",480,"declining -24%","-24%",31,"0.3","$0.00",No,"Contains: multiple photos · Contains: in one photo · Contains: multiple photos in · Contains: photos in one · Length: Long tail (5+ words) · Seasonality: Evergreen",1600,1600,1600,1300,1600,1600,1300,1600,1600,1600,1300,1300,1300,1300,1300,1000,1300,1600,1000,1000,1000,880,1000,1000,1000,880,880,1000,880,880,880,720,720,590,590,590,590,590,590,590,590,480,480,480,390,480,480,390
"google photo upload",3600,"growing 31%","+31%",59,"0.01","$0.01",No,"Length: Body (3–4 words) · Seasonality: Evergreen",5400,5400,5400,5400,5400,6600,5400,5400,5400,5400,5400,5400,5400,5400,5400,4400,4400,5400,4400,4400,4400,4400,4400,4400,4400,3600,3600,3600,4400,4400,4400,4400,3600,3600,3600,3600,3600,3600,2900,2900,2900,3600,2900,3600,3600,4400,4400,4400
"image metadata",8100,"stable -18%","-18%",63,"0.03","$0.00",No,"Length: Head (1–2 words) · Seasonality: Evergreen",8100,6600,8100,8100,22200,18100,9900,9900,9900,9900,8100,9900,9900,9900,9900,8100,8100,9900,8100,9900,9900,9900,9900,9900,9900,9900,9900,8100,8100,9900,8100,9900,9900,8100,12100,12100,9900,9900,9900,9900,8100,8100,8100,9900,8100,8100,8100,8100
"photo add",5400,"stable -13%","-13%",57,"0.09","$0.00",No,"Length: Head (1–2 words) · Seasonality: Evergreen",2400,2400,1900,2400,2400,2900,2400,3600,2900,2900,2900,3600,3600,2900,3600,2900,3600,4400,4400,4400,3600,4400,4400,4400,4400,4400,5400,4400,4400,5400,5400,5400,5400,4400,4400,5400,5400,6600,6600,5400,5400,5400,4400,4400,4400,5400,5400,5400
"batch photo editor",1600,"growing 83%","+83%",35,"0.34","$0.01",No,"Length: Body (3–4 words) · Seasonality: Peaks in May",880,880,880,880,880,1000,880,1000,1000,1000,1000,1000,1300,1300,1000,1300,1000,1900,1600,1300,1300,1300,1300,1300,1300,1300,1300,1300,1300,1300,1300,1300,1300,1600,1300,1300,1000,1000,1000,1300,1000,1000,880,1000,2900,3600,1000,880
"batch photo",1000,"stable 0%","0%",49,"0.02","$0.02",No,"Length: Head (1–2 words) · Seasonality: Evergreen",880,880,880,880,720,880,880,880,880,720,880,720,1000,1000,1000,880,880,880,1000,1000,880,880,720,880,1000,1000,1000,880,880,1000,1000,1300,1300,1300,880,1000,1300,1000,1000,1000,1000,1000,1000,1000,1000,1000,1000,1300
"free photo tool",880,"declining -23%","-23%",48,"0.03","$0.03",No,"Length: Body (3–4 words) · Seasonality: Evergreen",1600,1900,1900,1900,1600,2400,2400,1900,1600,1600,1300,1300,1600,1600,1900,1600,1600,1600,1600,1600,1600,1300,1000,1300,1300,1000,1300,1300,1000,1000,1000,1000,1000,880,880,880,880,880,880,880,880,880,880,880,880,720,590,720
"upload photos to google photos",880,"declining -25%","-25%",48,"0.02","$0.01",No,"Contains: google photos · Contains: to google photos · Contains: upload photos to · Length: Long tail (5+ words) · Seasonality: Evergreen",1300,1000,1000,1000,1000,1000,880,1000,1000,1300,1300,1300,1300,1300,1300,1000,1000,1300,1000,1000,1300,1300,480,390,390,720,720,720,880,1000,880,1000,1000,1000,1000,1000,1000,1000,880,880,880,880,880,880,880,720,720,720
"geotag photos",33100,"growing 24%","+24%",58,"0.23","$0.00",No,"Length: Head (1–2 words) · Seasonality: Evergreen",9900,9900,8100,9900,9900,14800,12100,12100,9900,9900,9900,9900,14800,14800,14800,12100,12100,18100,14800,14800,14800,14800,18100,22200,18100,22200,22200,18100,18100,22200,22200,27100,33100,27100,33100,33100,27100,33100,27100,27100,27100,33100,27100,27100,27100,27100,40500,40500
"photo free editor",90500,"stable 0%","0%",52,"0.37","$0.01",No,"Length: Body (3–4 words) · Seasonality: Evergreen",90500,74000,90500,90500,90500,90500,90500,90500,90500,90500,90500,90500,90500,90500,90500,90500,110000,110000,90500,90500,90500,110000,90500,90500,90500,90500,90500,165000,135000,110000,90500,90500,90500,90500,90500,90500,90500,90500,90500,90500,90500,90500,74000,74000,90500,90500,90500,90500
"your photo",5400,"stable 0%","0%",60,"0.04","$0.01",No,"Contains: your photo · Length: Head (1–2 words) · Seasonality: Evergreen",12100,14800,27100,27100,27100,22200,22200,22200,22200,22200,22200,22200,18100,18100,18100,14800,14800,14800,12100,14800,12100,12100,12100,9900,9900,8100,8100,6600,6600,6600,6600,6600,5400,5400,5400,5400,5400,5400,5400,5400,5400,6600,5400,5400,5400,5400,5400,5400
"ai photo tools",1300,"stable -16%","-16%",26,"0.5","$0.01",No,"Length: Body (3–4 words) · Seasonality: Evergreen",110,90,210,260,880,590,720,880,1000,1300,1900,1600,1600,1600,1600,1600,1900,1600,1600,1600,1600,1300,1300,1000,1300,1000,1900,1300,1300,1300,1300,1600,1300,1000,1000,1300,1000,1900,1600,1300,1900,1300,1000,1300,1000,1600,1300,880
"ai tool for photos",590,"declining -48%","-48%",18,"0.6","$0.01",No,"Length: Body (3–4 words) · Seasonality: Evergreen",90,90,320,320,590,1300,1600,1900,2400,2400,3600,3600,2900,2400,2400,1900,2400,1900,1600,1600,1300,1300,1000,1000,1000,1000,1000,880,880,1000,880,1000,720,590,590,590,390,720,1000,1600,590,480,390,390,390,390,390,320
"metadata photo",1600,"stable -17%","-17%",52,"0.03","$0.00",No,"Length: Head (1–2 words) · Seasonality: Evergreen",2400,2400,2400,2400,2900,2900,2400,2900,2900,2400,1900,2400,2400,2400,2400,2400,2400,2400,2400,2900,2900,2400,2400,2400,2400,1900,2400,1900,1900,1900,1600,1900,1600,1600,1600,1900,1600,1900,1900,1600,1600,1600,1300,1600,1600,1600,1300,1600
"2 by 2 photo",880,"stable -13%","-13%",36,"0.26","$0.00",No,"Contains: 2 by 2 · Length: Body (3–4 words) · Seasonality: Evergreen",1000,1000,1300,1000,880,1000,1000,1000,1000,1000,1000,1000,1000,1000,1600,1300,1000,1300,1300,1600,1300,1600,1300,1300,1000,1000,1300,1300,1000,1300,1300,1600,1300,1300,1000,1300,1000,1000,1000,880,720,1000,880,1000,1000,1000,880,720
"ai your photos",480,"declining -54%","-54%",19,"0.58","$0.01",No,"Length: Body (3–4 words) · Seasonality: Peaks in December",20,40,70,210,2900,590,480,390,590,590,720,720,720,590,1000,720,880,880,720,720,720,720,480,590,590,590,590,590,720,590,590,720,720,480,480,390,390,720,880,720,720,720,590,480,210,390,260,260
"ai upload photo",480,"declining -36%","-36%",23,"0.49","$0.01",No,"Length: Body (3–4 words) · Seasonality: Evergreen",30,40,70,110,390,210,260,260,320,320,390,320,260,260,390,390,390,320,260,320,260,320,260,210,320,320,390,390,390,320,260,320,480,480,480,390,320,480,720,590,590,480,320,480,320,390,320,260
"photos online free",320,"declining -34%","-34%",34,"0.19","$0.00",No,"Length: Body (3–4 words) · Seasonality: Evergreen",320,210,260,320,260,260,260,260,260,260,260,210,210,320,260,260,390,320,390,390,390,390,320,390,320,320,320,390,320,390,320,480,390,390,320,320,320,480,390,390,320,320,260,320,320,320,260,210
"photo bulk",70,"stable -16%","-16%",26,"0.15","$0.01",No,"Length: Head (1–2 words) · Seasonality: Evergreen",50,50,90,70,50,70,70,50,70,70,70,40,70,70,50,70,70,50,70,70,70,50,70,140,140,110,170,140,170,210,170,110,110,140,110,110,90,90,70,90,70,70,70,70,70,70,90,50
"use ai for free",320,"growing 165%","+165%",17,"0.59","$0.01",No,"Length: Body (3–4 words) · Seasonality: Evergreen",10,10,10,20,40,50,50,70,110,170,140,140,140,110,110,110,110,140,140,140,140,110,110,110,110,140,140,110,140,210,170,210,170,140,210,170,170,170,170,170,170,260,320,320,480,480,480,390
"upload your photo",880,"stable -14%","-14%",43,"0.12","$0.00",No,"Contains: your photo · Length: Body (3–4 words) · Seasonality: Peaks in October",480,480,480,480,480,480,390,480,390,480,390,390,480,480,2900,590,480,390,390,480,1600,720,590,480,390,390,390,390,390,480,390,590,480,590,720,590,720,1600,880,720,590,720,720,720,590,1000,880,880
"bulk photo editor",720,"stable -6%","-6%",30,"0.38","$0.01",No,"Contains: bulk photo editor · Length: Body (3–4 words) · Seasonality: Evergreen",480,480,480,480,480,590,480,590,590,720,590,720,720,720,880,720,720,880,880,880,880,880,720,880,880,880,880,1000,880,880,880,880,880,880,720,880,880,880,720,720,720,720,590,880,720,880,720,720
"exif data",14800,"stable -18%","-18%",69,"0.01","$0.00",No,"Contains: exif data · Length: Head (1–2 words) · Seasonality: Evergreen",33100,22200,27100,22200,22200,40500,27100,27100,27100,22200,22200,22200,22200,27100,27100,22200,22200,22200,22200,22200,22200,22200,18100,18100,18100,18100,18100,18100,18100,18100,14800,18100,18100,18100,14800,18100,18100,18100,18100,14800,14800,18100,14800,18100,18100,14800,14800,14800
"photo on photo",1900,"stable 9%","+9%",53,"0.03","$0.00",No,"Length: Body (3–4 words) · Seasonality: Evergreen",1300,1300,1300,1300,1300,1300,1000,1300,1600,1600,1300,1300,1600,1600,1600,1600,1600,1600,1600,1300,1900,1900,1900,1600,1600,1600,1600,1600,1600,1300,1600,1900,1900,1900,1900,1600,1900,1900,1900,1900,1900,1900,1600,1900,1900,1900,1900,2400
"ai my photo free",590,"growing 73%","+73%",18,"0.61","$0.01",No,"Length: Body (3–4 words) · Seasonality: Evergreen",10,10,0,10,90,110,140,170,260,320,390,390,390,390,720,720,720,1000,880,880,880,880,720,590,590,590,590,480,590,480,390,480,390,260,320,320,210,390,590,590,720,590,590,390,480,880,590,590
"exif photo",880,"declining -28%","-28%",48,"0.02","$0.00",No,"Length: Head (1–2 words) · Seasonality: Evergreen",1600,1300,1600,1600,1300,1900,1600,1300,1600,1600,1300,1300,3600,1900,1300,1600,1000,1300,1300,1300,1000,1300,1000,1000,1000,1300,1300,1300,1300,1300,1300,1300,1300,1300,1000,1000,1000,1000,1000,1000,1000,1000,880,880,880,720,720,720
"photo batch",140,"stable -14%","-14%",35,"0.03","N/A",No,"Length: Head (1–2 words) · Seasonality: Peaks in November",110,140,110,90,140,140,90,140,110,320,140,90,110,480,110,1000,110,140,140,110,140,110,90,110,110,90,110,140,110,110,110,110,140,110,110,110,140,140,140,140,140,140,110,110,140,140,110,110
"watermark photos in bulk",260,"declining -22%","-22%",31,"0.23","$0.01",No,"Length: Body (3–4 words) · Seasonality: Evergreen",260,260,260,260,260,320,320,320,390,390,320,390,390,390,390,390,390,390,390,320,390,390,320,390,390,390,320,320,320,320,320,320,260,390,320,390,320,320,260,260,260,210,210,260,210,320,210,170
"free batch",590,"growing 308%","+308%",45,"0.03","$0.00",No,"Length: Head (1–2 words) · Seasonality: Peaks in June",390,320,320,390,320,320,260,260,260,260,260,260,260,260,260,210,320,320,260,260,320,260,320,320,260,260,260,210,260,210,260,320,320,320,320,320,320,320,390,260,390,390,320,390,720,1000,1600,1600
"ai free images",5400,"stable -7%","-7%",35,"0.44","$0.00",No,"Length: Body (3–4 words) · Seasonality: Evergreen",480,590,720,720,1900,1900,1900,2900,3600,4400,4400,4400,4400,4400,6600,6600,6600,8100,6600,6600,8100,6600,6600,6600,6600,6600,6600,6600,6600,6600,6600,6600,6600,5400,5400,5400,4400,5400,5400,5400,4400,5400,4400,5400,5400,5400,4400,4400
"photo resize free",8100,"stable 7%","+7%",48,"0.26","$0.00",No,"Length: Body (3–4 words) · Seasonality: Evergreen",2900,4400,5400,6600,5400,6600,6600,8100,6600,6600,6600,6600,6600,6600,9900,8100,6600,6600,6600,6600,5400,5400,5400,5400,4400,5400,8100,6600,6600,8100,8100,6600,6600,6600,6600,6600,8100,6600,6600,8100,8100,8100,8100,8100,6600,6600,8100,8100
"upload photo to ai",590,"stable -19%","-19%",26,"0.44","$0.01",No,"Contains: photo to · Contains: photo to ai · Length: Body (3–4 words) · Seasonality: Evergreen",10,20,40,70,170,110,90,170,260,260,260,320,260,170,260,320,390,390,320,390,390,390,320,320,320,390,390,390,480,480,390,390,480,590,480,480,320,720,880,880,1000,720,480,590,480,480,590,480
"photo ai tool",1900,"stable 17%","+17%",44,"0.2","$0.00",No,"Length: Body (3–4 words) · Seasonality: Peaks in October",20,40,50,70,140,260,480,590,880,1000,1600,1600,1600,1600,1300,1000,1300,1300,1000,1000,880,720,720,590,590,590,6600,4400,2400,2900,1900,1900,1300,880,1000,1000,1000,1900,2400,3600,2400,1000,880,880,480,2400,2900,880
"image tools",27100,"growing 44%","+44%",72,"0.02","$0.00",No,"Length: Head (1–2 words) · Seasonality: Peaks in February",6600,6600,6600,6600,5400,6600,6600,8100,6600,6600,8100,6600,6600,8100,8100,8100,6600,8100,8100,9900,8100,9900,8100,9900,9900,9900,14800,9900,9900,22200,33100,18100,18100,18100,18100,22200,22200,27100,22200,33100,27100,27100,49500,27100,22200,22200,40500,40500
"bulk photos",590,"stable -19%","-19%",42,"0.09","$0.01",No,"Length: Head (1–2 words) · Seasonality: Evergreen",720,590,720,590,590,590,590,720,720,880,1600,590,720,590,590,720,590,720,590,590,590,590,590,590,590,720,720,590,590,590,590,590,590,590,590,720,590,590,590,590,590,590,590,590,590,480,480,480
"ai tools for free",880,"stable 6%","+6%",20,"0.6","$0.01",No,"Length: Body (3–4 words) · Seasonality: Evergreen",20,20,20,50,90,210,260,260,390,480,480,590,590,590,590,590,590,590,720,720,720,720,720,720,590,720,720,720,1300,880,720,880,720,720,880,880,880,720,880,720,720,880,880,880,1000,880,880,880
"image resize free",60500,"stable 0%","0%",63,"0.21","$0.00",No,"Length: Body (3–4 words) · Seasonality: Evergreen",18100,22200,33100,33100,27100,33100,33100,33100,27100,27100,27100,27100,27100,33100,40500,33100,27100,33100,33100,33100,33100,33100,33100,40500,40500,40500,49500,49500,40500,49500,49500,49500,40500,49500,49500,60500,60500,60500,60500,60500,60500,60500,60500,60500,60500,60500,60500,60500
"fix a photo free",880,"stable 5%","+5%",19,"0.61","$0.01",No,"Length: Body (3–4 words) · Seasonality: Evergreen",320,390,390,390,480,390,320,390,480,590,590,480,590,480,590,480,590,480,590,590,720,720,720,590,590,590,590,590,720,590,590,720,720,880,880,880,880,880,880,880,1000,880,720,880,880,1000,880,880
"add gps to photo",70,"growing 35%","+35%",28,"0.1","$0.00",No,"Contains: to photo · Length: Body (3–4 words) · Seasonality: Evergreen",40,30,40,50,40,50,50,50,50,50,50,50,50,70,70,30,70,70,70,70,90,70,90,90,90,50,70,90,90,50,70,70,50,70,50,70,50,70,50,70,50,50,50,50,50,70,90,70
"ai add to photo",1000,"declining -32%","-32%",23,"0.55","$0.01",No,"Contains: to photo · Contains: add to photo · Length: Body (3–4 words) · Seasonality: Evergreen",10,10,20,20,40,50,50,90,110,140,320,260,320,320,390,480,590,480,390,480,480,480,590,590,590,590,720,720,880,720,720,880,880,880,880,880,720,1000,1300,1300,1600,1300,880,1000,720,880,590,590
"bulk add watermark to photos",20,"declining -40%","-40%",17,"0.25","$0.01",No,"Contains: add watermark to · Contains: watermark to photos · Length: Long tail (5+ words) · Seasonality: Evergreen",50,50,70,40,40,70,50,70,70,90,70,70,70,70,90,70,70,70,70,70,70,50,70,50,40,70,50,70,70,50,50,50,50,40,50,50,30,40,30,20,10,30,20,20,20,20,20,20
"download photos from google photos",2900,"growing 96%","+96%",58,"0","$0.01",No,"Contains: google photos · Length: Long tail (5+ words) · Seasonality: Evergreen",3600,2900,2900,2900,2900,3600,2900,2900,2900,2900,2900,3600,2900,2900,2900,2900,3600,3600,2900,2900,2900,2900,2900,3600,3600,3600,2900,2900,2900,2900,2400,2400,1900,2400,2400,1900,1900,2400,2400,1900,2400,2900,2900,4400,1900,2900,6600,3600
"batch photo editor free",210,"growing 25%","+25%",26,"0.34","$0.01",No,"Contains: photo editor free · Length: Body (3–4 words) · Seasonality: Evergreen",210,210,260,260,260,320,260,320,390,320,320,320,480,590,720,320,320,260,170,260,260,320,320,210,210,260,210,170,260,210,260,320,260,320,210,210,210,210,210,210,210,210,170,210,210,260,320,210
"image bulk",1000,"stable -9%","-9%",50,"0.01","$0.01",No,"Length: Head (1–2 words) · Seasonality: Evergreen",880,880,880,720,880,880,880,1000,1000,880,880,1000,1000,1000,1000,1000,1000,1000,1000,880,880,1000,1000,1000,1000,1000,1000,1000,1000,1000,1000,1000,1000,1000,1000,1300,1000,1300,1000,1000,1000,1000,1000,1300,1000,1000,1000,1000
"ai upload image",1600,"declining -48%","-48%",31,"0.42","$0.01",No,"Length: Body (3–4 words) · Seasonality: Evergreen",30,40,90,90,390,260,390,480,720,720,720,720,590,720,1000,1000,1000,1000,1000,1000,1000,1000,1000,1000,1000,1300,1900,1900,1900,1600,1600,1900,2400,1900,1900,1600,1600,2400,1900,2400,1900,1600,1300,1600,1600,1300,880,880
"image to image ai free",18100,"growing 67%","+67%",58,"0.18","$0.00",No,"Length: Long tail (5+ words) · Seasonality: Evergreen",10,10,50,50,110,210,260,480,720,1000,1900,2400,2900,2400,3600,3600,3600,5400,5400,6600,6600,6600,6600,6600,6600,6600,6600,5400,5400,5400,5400,8100,8100,6600,8100,9900,8100,12100,14800,14800,18100,22200,22200,22200,22200,22200,18100,18100
"photo ai tools",1900,"stable 17%","+17%",44,"0.2","$0.00",No,"Length: Body (3–4 words) · Seasonality: Peaks in October",20,40,50,70,140,260,480,590,880,1000,1600,1600,1600,1600,1300,1000,1300,1300,1000,1000,880,720,720,590,590,590,6600,4400,2400,2900,1900,1900,1300,880,1000,1000,1000,1900,2400,3600,2400,1000,880,880,480,2400,2900,880
"photo to add photo",70,"stable -15%","-15%",28,"0.09","$0.00",No,"Contains: photo to · Contains: add photo · Length: Body (3–4 words) · Seasonality: Evergreen",20,20,20,20,40,30,30,30,30,20,50,30,50,30,50,40,30,70,30,70,50,70,50,40,50,70,50,70,70,90,70,90,70,90,90,70,110,70,90,70,70,90,70,70,70,70,70,90
"tool photos",1900,"stable -6%","-6%",54,"0.01","$0.00",No,"Length: Head (1–2 words) · Seasonality: Peaks in October",1000,1600,2400,1900,1300,1300,1300,1300,1300,1300,1300,1300,1600,1600,3600,2400,1300,1600,1600,1300,1300,1600,1600,1600,1300,1600,3600,2400,1600,1600,1600,1600,1600,1600,1600,1900,1600,1600,1900,1900,1900,1900,1900,1900,1600,1600,1600,1600
"add watermark to photos in bulk",20,"declining -25%","-25%",15,"0.31","$0.00",No,"Contains: add watermark to · Contains: watermark to photos · Length: Long tail (5+ words) · Seasonality: Evergreen",50,50,50,70,30,30,30,40,70,70,90,70,90,70,90,70,50,50,50,50,50,40,50,50,50,50,40,30,10,20,20,30,30,20,30,20,30,20,30,20,40,20,10,10,20,20,20,20
"image exif",1000,"declining -27%","-27%",50,"0.01","$0.00",No,"Length: Head (1–2 words) · Seasonality: Evergreen",1300,1300,1300,1300,1000,1300,1300,1300,1300,1300,1000,1000,1000,1300,1300,1300,1000,1000,1300,1300,1300,1300,1300,1000,1300,1000,1300,1300,1000,1300,1300,1300,1300,1300,1000,1000,1000,1300,1300,1000,1000,1000,1000,1000,1000,880,880,880
"batch watermark photos",140,"declining -24%","-24%",26,"0.28","$0.01",No,"Length: Body (3–4 words) · Seasonality: Evergreen",260,210,210,210,170,170,170,210,210,390,210,210,320,320,480,260,260,210,260,210,260,210,210,210,210,170,170,210,210,170,170,170,170,170,140,140,170,170,170,140,170,110,110,170,140,110,170,110
"photo photos",3600,"declining -37%","-37%",55,"0.08","$0.01",No,"Length: Head (1–2 words) · Seasonality: Evergreen",4400,4400,4400,4400,4400,4400,3600,4400,4400,3600,3600,3600,3600,4400,4400,4400,3600,4400,4400,4400,4400,4400,4400,4400,4400,4400,4400,3600,3600,4400,3600,3600,4400,4400,3600,3600,4400,5400,4400,3600,3600,4400,4400,3600,3600,3600,2900,2400
"photo add to photo",140,"stable -7%","-7%",33,"0.08","$0.00",No,"Contains: to photo · Contains: add to photo · Length: Body (3–4 words) · Seasonality: Evergreen",110,90,70,110,140,90,110,90,90,90,90,140,90,70,110,90,70,90,90,110,170,90,90,110,140,110,140,110,140,140,110,140,140,170,170,170,170,140,140,170,170,140,140,140,170,140,140,140
"photo to add",20,"growing 33%","+33%",21,"0.04","N/A",No,"Contains: photo to · Length: Body (3–4 words) · Seasonality: Evergreen",10,10,10,10,10,10,10,10,10,10,10,10,10,10,10,10,10,10,10,10,10,20,10,10,20,10,10,10,10,10,10,20,20,10,10,10,20,10,30,20,30,30,10,20,30,30,30,20
"photo add on photo",480,"declining -39%","-39%",42,"0.06","$0.00",No,"Length: Body (3–4 words) · Seasonality: Evergreen",70,70,70,90,70,90,50,90,70,90,70,90,90,90,70,90,90,110,110,110,110,110,110,170,170,210,320,390,720,880,880,1000,880,720,480,480,480,720,590,590,390,590,480,480,390,390,320,390
"photo add in photo",480,"stable -18%","-18%",42,"0.07","$0.00",No,"Length: Body (3–4 words) · Seasonality: Evergreen",70,70,90,70,90,90,90,110,90,90,140,110,170,140,110,170,210,260,480,590,480,590,590,590,480,390,590,480,590,590,390,480,590,590,720,880,880,720,320,480,720,480,480,260,390,390,590,590
"exif photo location",30,"declining -47%","-47%",25,"0","N/A",No,"Length: Body (3–4 words) · Seasonality: Evergreen",90,40,50,70,70,110,90,70,90,50,110,90,90,70,50,40,40,50,50,50,50,40,50,40,40,30,50,40,50,40,40,50,50,40,40,50,40,40,70,20,30,40,30,30,20,30,20,30
"bulk photo upload",20,"declining -29%","-29%",13,"0.39","$0.01",No,"Length: Body (3–4 words) · Seasonality: Evergreen",10,20,10,10,20,10,30,20,20,10,30,30,20,20,10,10,10,30,10,20,20,20,20,30,30,20,20,20,20,20,20,20,10,20,20,10,20,20,30,20,20,20,10,20,10,10,20,20
"add photo to",70,"stable 10%","+10%",29,"0.05","$0.00",No,"Contains: photo to · Contains: add photo · Contains: add photo to · Length: Body (3–4 words) · Seasonality: Evergreen",70,70,50,50,90,90,50,50,70,70,70,50,50,70,70,70,70,90,70,50,90,90,70,50,70,70,70,70,50,90,70,90,50,70,70,90,70,70,70,70,50,70,40,70,50,70,70,90
"add gps location to photo",590,"growing 87%","+87%",42,"0.09","$0.00",No,"Contains: to photo · Length: Long tail (5+ words) · Seasonality: Evergreen",170,140,170,170,170,210,210,260,210,210,320,210,320,390,320,320,260,210,170,260,320,260,320,260,320,260,260,320,390,390,390,390,390,390,480,480,390,390,390,480,590,590,590,590,390,590,720,880
"free ka photo",90,"declining -24%","-24%",33,"0","N/A",No,"Length: Body (3–4 words) · Seasonality: Peaks in August",390,390,210,170,170,170,170,170,210,210,210,170,260,170,210,110,140,140,140,140,170,140,140,170,140,110,110,90,110,110,90,110,90,110,140,110,110,110,110,110,110,110,90,110,70,110,70,70
"free photo editor tool",18100,"declining -28%","-28%",48,"0.33","$0.01",No,"Length: Body (3–4 words) · Seasonality: Evergreen",27100,27100,27100,27100,33100,33100,27100,33100,27100,27100,27100,27100,27100,27100,27100,27100,27100,27100,27100,27100,27100,27100,33100,27100,22200,33100,49500,33100,27100,40500,22200,27100,27100,22200,22200,22200,22200,22200,18100,18100,14800,14800,12100,14800,14800,12100,18100,14800
"process photos",720,"stable -12%","-12%",46,"0.04","$0.01",No,"Length: Head (1–2 words) · Seasonality: Evergreen",590,720,590,590,590,590,590,720,590,590,590,590,720,720,720,720,880,720,720,720,720,720,590,720,720,720,880,720,720,720,720,720,720,720,720,720,720,720,720,720,590,720,590,590,590,720,590,590
"photo to ai free",210,"declining -62%","-62%",22,"0.44","$0.00",No,"Contains: photo to · Contains: photo to ai · Length: Body (3–4 words) · Seasonality: Evergreen",10,10,10,10,110,70,110,110,110,210,210,210,260,260,260,260,260,260,320,260,210,260,260,210,210,260,210,260,320,390,320,590,480,320,260,260,210,320,390,320,480,210,170,170,110,170,90,90
"photo with ai",880,"declining -26%","-26%",26,"0.48","$0.00",No,"Length: Body (3–4 words) · Seasonality: Evergreen",50,70,90,110,590,390,320,390,480,590,720,720,720,720,880,880,880,880,880,880,880,880,1000,1000,880,880,880,880,720,880,880,1000,720,590,720,590,480,1300,1000,880,880,880,720,880,720,880,590,590
"free tool images",170,"declining -29%","-29%",36,"0.03","$0.01",No,"Length: Body (3–4 words) · Seasonality: Evergreen",260,210,210,210,210,320,260,320,320,260,320,260,320,320,390,390,320,390,390,320,320,320,320,260,260,260,260,210,210,260,210,260,210,170,210,210,210,260,210,170,170,210,170,170,140,140,170,170
"photo into photo",40500,"stable -18%","-18%",74,"0.03","$0.01",No,"Length: Body (3–4 words) · Seasonality: Evergreen",110000,110000,110000,90500,90500,90500,90500,90500,90500,74000,74000,74000,74000,74000,74000,74000,74000,90500,74000,74000,74000,74000,74000,90500,49500,49500,49500,40500,40500,40500,40500,49500,40500,40500,40500,40500,49500,49500,40500,40500,40500,40500,33100,40500,33100,40500,40500,33100
"add your photos",390,"growing 69%","+69%",43,"0","N/A",No,"Length: Body (3–4 words) · Seasonality: Evergreen",90,110,70,70,70,140,170,140,140,210,210,110,140,90,90,110,140,210,170,110,110,210,140,170,140,110,110,90,140,90,70,90,70,170,140,140,210,320,320,320,390,390,320,320,320,480,480,480
"to add photo",70,"stable 10%","+10%",29,"0.05","$0.00",No,"Contains: add photo · Length: Body (3–4 words) · Seasonality: Evergreen",70,70,50,50,90,90,50,50,70,70,70,50,50,70,70,70,70,90,70,50,90,90,70,50,70,70,70,70,50,90,70,90,50,70,70,90,70,70,70,70,50,70,40,70,50,70,70,90
"ai free photo",1000,"stable -6%","-6%",35,"0.31","$0.00",No,"Length: Body (3–4 words) · Seasonality: Evergreen",40,30,40,40,210,140,170,210,260,320,320,480,480,590,720,720,720,720,720,720,720,720,590,480,590,720,720,720,720,720,590,880,720,590,590,590,480,1000,1600,1300,1600,1000,880,880,880,880,1000,1000
"use photos",5400,"stable -13%","-13%",62,"0","$0.00",No,"Length: Head (1–2 words) · Seasonality: Evergreen",5400,5400,5400,5400,5400,5400,5400,5400,5400,6600,5400,5400,5400,5400,5400,6600,5400,6600,6600,6600,6600,6600,5400,6600,5400,6600,6600,6600,6600,6600,5400,6600,6600,6600,5400,5400,5400,6600,6600,5400,6600,5400,5400,5400,5400,5400,5400,5400
"batch photo download",20,"stable -13%","-13%",22,"0.01","N/A",No,"Length: Body (3–4 words) · Seasonality: Peaks in November",90,50,30,40,30,30,40,30,50,30,30,30,40,210,30,1000,30,30,30,30,40,30,50,40,50,30,30,50,30,50,40,30,40,20,40,40,30,20,30,30,30,30,20,20,20,20,20,30
"add to photo",9900,"growing 22%","+22%",65,"0.03","$0.00",No,"Contains: to photo · Contains: add to photo · Length: Body (3–4 words) · Seasonality: Evergreen",5400,4400,5400,6600,6600,8100,6600,8100,8100,8100,6600,8100,8100,6600,6600,6600,6600,6600,6600,6600,5400,6600,6600,6600,8100,8100,8100,6600,8100,8100,6600,8100,6600,6600,6600,8100,8100,9900,8100,8100,8100,9900,8100,8100,8100,9900,9900,12100
"image batch",110,"stable 0%","0%",33,"0.02","N/A",No,"Length: Head (1–2 words) · Seasonality: Evergreen",140,170,170,210,140,210,210,170,170,170,140,140,170,210,170,320,170,170,210,140,170,170,170,140,110,90,210,140,140,170,140,140,170,170,110,110,90,110,110,110,110,110,110,140,140,110,90,110
"photo back",368000,"stable -18%","-18%",87,"0.06","$0.00",No,"Length: Head (1–2 words) · Seasonality: Evergreen",673000,673000,673000,673000,673000,823000,673000,823000,823000,673000,673000,673000,673000,673000,550000,550000,550000,673000,550000,550000,550000,550000,450000,450000,450000,450000,450000,368000,368000,450000,450000,368000,368000,368000,368000,450000,450000,368000,368000,450000,368000,368000,368000,301000,301000,301000,301000,368000
"free use ai",390,"growing 73%","+73%",21,"0.51","$0.01",No,"Length: Body (3–4 words) · Seasonality: Evergreen",20,10,20,10,70,90,90,70,110,140,90,90,110,110,110,110,140,140,140,170,170,170,140,140,170,170,140,140,210,260,260,320,260,320,260,260,260,260,260,260,260,390,320,390,480,480,480,390
"exif viewer",14800,"declining -28%","-28%",67,"0.03","$0.00",No,"Length: Head (1–2 words) · Seasonality: Evergreen",22200,22200,27100,22200,22200,22200,22200,27100,27100,22200,27100,22200,27100,22200,27100,27100,22200,22200,22200,22200,22200,22200,18100,18100,18100,18100,18100,18100,18100,22200,18100,18100,18100,18100,18100,18100,18100,18100,18100,18100,14800,18100,14800,18100,18100,14800,12100,12100
"free ai for photos",480,"stable -3%","-3%",16,"0.64","$0.01",No,"Length: Body (3–4 words) · Seasonality: Evergreen",10,10,10,10,50,70,50,70,140,170,170,210,210,210,260,260,320,320,260,260,260,210,210,210,210,210,210,170,260,260,210,260,260,260,260,320,320,480,590,590,590,480,390,480,390,480,390,480
"add gps data to photos",30,"stable 0%","0%",24,"0.03","N/A",No,"Length: Long tail (5+ words) · Seasonality: Evergreen",40,40,40,40,30,70,40,30,50,40,50,70,70,50,50,40,30,50,50,40,40,40,40,50,50,50,40,40,50,50,50,40,40,50,30,40,30,20,20,20,30,20,20,30,40,10,20,40
"get photo",3600,"declining -34%","-34%",57,"0.04","$0.01",No,"Length: Head (1–2 words) · Seasonality: Peaks in October",1900,6600,9900,8100,2900,2400,2400,3600,3600,4400,5400,3600,2400,6600,8100,6600,2900,2900,2900,3600,3600,4400,5400,3600,2400,8100,9900,6600,4400,2400,2400,3600,2900,3600,4400,3600,1900,6600,8100,5400,2900,2400,2400,3600,3600,3600,4400,2900
"add photo into photo",1300,"declining -43%","-43%",42,"0.2","$0.00",No,"Contains: add photo · Length: Body (3–4 words) · Seasonality: Evergreen",1300,1000,1300,1000,1300,1300,1000,1300,1300,1300,1300,1300,1600,1600,1600,1600,1600,1600,1600,1600,1600,1600,1600,1600,1900,1600,1900,1600,1900,1900,1600,1900,1600,1600,1600,1600,1600,1600,1600,1300,1600,1300,1000,1300,1000,1000,880,880
"photo tag",8100,"growing 33%","+33%",59,"0.1","$0.00",No,"Length: Head (1–2 words) · Seasonality: Evergreen",5400,4400,4400,5400,5400,6600,5400,5400,5400,5400,6600,6600,5400,5400,5400,4400,5400,5400,4400,4400,4400,4400,4400,4400,4400,4400,4400,4400,4400,4400,4400,4400,4400,4400,3600,3600,4400,5400,4400,14800,14800,9900,8100,6600,8100,8100,5400,5400
"photo apps photo",90,"declining -26%","-26%",31,"0.06","$0.00",No,"Length: Body (3–4 words) · Seasonality: Evergreen",110,140,110,70,110,110,110,140,110,140,140,110,110,140,110,140,140,140,170,140,90,170,140,140,140,140,90,110,90,90,140,90,90,90,110,90,90,140,110,90,90,70,90,90,70,90,90,70
"apply photo",170,"stable -6%","-6%",37,"0","N/A",No,"Length: Head (1–2 words) · Seasonality: Evergreen",210,210,170,140,170,260,170,170,170,170,140,210,210,210,210,140,210,260,170,210,210,210,210,170,170,170,170,170,170,170,140,170,140,140,210,170,170,170,170,140,210,170,170,170,170,170,140,170
"exif tools",90500,"stable 0%","0%",82,"0.01","$0.00",No,"Length: Head (1–2 words) · Seasonality: Peaks in June",33100,33100,40500,33100,33100,33100,33100,40500,49500,40500,673000,201000,135000,90500,90500,135000,90500,110000,110000,110000,90500,90500,74000,74000,74000,74000,74000,74000,74000,74000,74000,90500,74000,90500,74000,90500,90500,90500,90500,90500,90500,90500,90500,110000,110000,90500,90500,90500
"add photo over photo",90,"declining -39%","-39%",28,"0.15","$0.00",No,"Contains: add photo · Length: Body (3–4 words) · Seasonality: Evergreen",140,140,140,140,140,170,90,170,140,170,110,140,170,170,170,170,110,170,140,170,170,140,140,110,140,140,140,110,110,110,110,140,90,110,140,110,110,110,90,110,90,90,90,90,70,70,50,70
"fix photo free",880,"stable 5%","+5%",19,"0.61","$0.01",No,"Length: Body (3–4 words) · Seasonality: Evergreen",320,390,390,390,480,390,320,390,480,590,590,480,590,480,590,480,590,480,590,590,720,720,720,590,590,590,590,590,720,590,590,720,720,880,880,880,880,880,880,880,1000,880,720,880,880,1000,880,880
"photos pro",5400,"declining -20%","-20%",56,"0.1","$0.01",No,"Length: Head (1–2 words) · Seasonality: Evergreen",3600,4400,4400,4400,4400,4400,6600,5400,4400,4400,4400,4400,4400,4400,4400,5400,5400,5400,5400,5400,5400,6600,5400,4400,4400,4400,4400,4400,4400,5400,5400,5400,5400,4400,4400,5400,4400,6600,5400,5400,4400,5400,5400,5400,4400,4400,4400,4400
"photo per photo",10,"declining -25%","-25%",17,"0","N/A",No,"Length: Body (3–4 words) · Seasonality: Evergreen",70,40,70,40,70,40,40,50,40,70,50,70,50,50,40,40,50,50,30,70,50,30,30,50,30,10,10,10,10,20,10,20,10,10,20,10,10,20,10,10,10,10,10,10,10,10,10,10
"add in photo",40,"declining -33%","-33%",25,"0.07","N/A",No,"Length: Body (3–4 words) · Seasonality: Evergreen",10,10,20,10,10,10,10,10,30,50,20,20,10,30,20,20,20,20,10,30,20,10,20,10,30,40,40,30,40,30,30,30,20,30,30,40,30,70,50,50,40,30,40,40,20,40,30,30
"add the photo",9900,"growing 22%","+22%",65,"0.03","$0.00",No,"Length: Body (3–4 words) · Seasonality: Evergreen",5400,4400,5400,6600,6600,8100,6600,8100,8100,8100,6600,8100,8100,6600,6600,6600,6600,6600,6600,6600,5400,6600,6600,6600,8100,8100,8100,6600,8100,8100,6600,8100,6600,6600,6600,8100,8100,9900,8100,8100,8100,9900,8100,8100,8100,9900,9900,12100
"phonto free",50,"growing 31%","+31%",27,"0.06","$0.01",No,"Length: Head (1–2 words) · Seasonality: Evergreen",40,70,50,70,50,70,50,50,50,40,40,50,40,30,40,20,40,30,40,40,20,20,40,40,30,40,30,20,30,30,30,50,30,40,70,40,40,50,40,50,50,30,50,70,50,50,50,70
"add on photo",1300,"growing 123%","+123%",51,"0.02","$0.01",No,"Length: Body (3–4 words) · Seasonality: Evergreen",480,590,590,590,480,480,480,480,590,1000,880,880,720,880,480,480,590,480,390,480,480,480,480,590,590,720,2900,2900,2400,2400,1300,1600,1600,1300,1300,1600,1000,1000,1000,880,1000,1000,1000,1300,1600,1900,2400,2400
"get your photo",210,"growing 102%","+102%",31,"0.2","$0.01",No,"Contains: your photo · Length: Body (3–4 words) · Seasonality: Evergreen",170,170,170,140,110,90,110,140,260,260,260,260,210,170,170,110,110,140,170,140,170,140,110,140,140,110,140,110,140,90,110,140,140,140,140,140,140,140,140,170,170,140,210,210,260,320,320,210
"photo by ai",390,"declining -65%","-65%",29,"0.32","$0.00",No,"Length: Body (3–4 words) · Seasonality: Evergreen",110,140,90,110,480,320,320,480,880,720,590,590,590,480,590,590,720,720,590,590,590,480,480,480,390,480,390,390,320,480,390,390,320,320,260,260,260,720,720,720,480,590,320,260,210,260,170,170
"download your photo",70,"stable 0%","0%",31,"0.01","N/A",No,"Contains: your photo · Length: Body (3–4 words) · Seasonality: Evergreen",90,90,90,90,110,110,70,40,90,70,90,70,70,50,70,70,90,110,50,70,70,70,70,50,90,50,70,50,70,70,50,30,50,50,50,70,50,70,70,70,70,40,40,90,110,70,70,50
"add image",9900,"growing 38%","+38%",65,"0.02","$0.00",No,"Length: Head (1–2 words) · Seasonality: Evergreen",5400,5400,5400,6600,5400,5400,5400,6600,5400,5400,5400,5400,6600,5400,6600,5400,5400,6600,6600,6600,5400,6600,5400,5400,5400,5400,6600,5400,5400,5400,5400,5400,5400,5400,5400,5400,5400,8100,8100,9900,9900,9900,8100,9900,8100,9900,9900,9900
"photo upload photo",12100,"stable -18%","-18%",64,"0.06","$0.01",No,"Length: Body (3–4 words) · Seasonality: Evergreen",14800,14800,14800,12100,14800,14800,14800,18100,14800,14800,14800,14800,14800,18100,14800,14800,14800,14800,14800,14800,14800,14800,14800,14800,14800,12100,12100,12100,14800,12100,12100,12100,12100,14800,12100,14800,14800,14800,14800,12100,12100,12100,12100,12100,12100,12100,12100,12100
"photo into jpeg",590,"stable 7%","+7%",41,"0.11","$0.00",No,"Length: Body (3–4 words) · Seasonality: Evergreen",260,320,260,260,260,260,320,390,260,320,320,320,390,390,390,390,320,320,390,390,320,390,390,480,390,320,260,320,390,390,480,480,480,480,590,590,590,590,480,590,480,590,590,480,390,590,590,590
"select photos",2400,"stable 7%","+7%",55,"0.02","$0.03",No,"Length: Head (1–2 words) · Seasonality: Evergreen",1300,1600,1600,1600,1600,1600,1300,1600,1300,1600,1600,1600,1600,1600,1600,1900,1900,1600,1600,1900,1900,2400,1900,1900,1600,1900,1900,1600,1900,1600,1600,1900,1600,1900,1900,1900,2400,1900,2400,2400,2900,2400,1900,2400,2400,2400,2400,2400
"photos into",4400,"stable -7%","-7%",59,"0.03","$0.01",No,"Length: Head (1–2 words) · Seasonality: Evergreen",1900,1600,2400,1900,1900,1900,1900,1900,1900,1900,1900,1900,2400,2400,3600,2900,4400,3600,3600,3600,3600,3600,3600,3600,3600,3600,3600,2900,2900,2900,2900,3600,3600,2900,3600,3600,4400,5400,4400,3600,4400,4400,4400,4400,4400,4400,4400,4400
"upload photo ai",390,"declining -61%","-61%",24,"0.44","$0.01",No,"Length: Body (3–4 words) · Seasonality: Evergreen",10,30,30,30,140,90,90,110,170,170,170,170,170,210,260,320,320,260,260,260,320,320,260,210,260,320,320,390,320,390,320,390,480,390,390,390,320,720,590,590,390,390,320,320,260,260,170,210
"gps tagging photos",33100,"growing 24%","+24%",58,"0.23","$0.00",No,"Length: Body (3–4 words) · Seasonality: Evergreen",9900,9900,8100,9900,9900,14800,12100,12100,9900,9900,9900,9900,14800,14800,14800,12100,12100,18100,14800,14800,14800,14800,18100,22200,18100,22200,22200,18100,18100,22200,22200,27100,33100,27100,33100,33100,27100,33100,27100,27100,27100,33100,27100,27100,27100,27100,40500,40500
"multiple photos",1600,"growing 76%","+76%",42,"0.21","$0.01",No,"Contains: multiple photos · Length: Head (1–2 words) · Seasonality: Evergreen",1600,1300,1300,1600,1300,1300,1000,1300,1300,1300,1300,1300,1300,1300,1300,1300,1600,1600,1600,1300,1300,1600,1300,1600,1300,1300,1300,1600,1600,1300,1300,1300,1300,1300,1300,1300,1600,1300,1300,1300,1300,1300,1300,1300,1300,1600,2900,2900
"geotag photos 2",50,"declining -27%","-27%",28,"0.01","N/A",No,"Length: Body (3–4 words) · Seasonality: Evergreen",40,30,30,20,30,50,40,40,30,40,30,40,40,30,30,40,40,30,50,50,50,70,40,50,70,70,70,40,40,50,50,50,40,70,70,50,50,50,50,40,50,50,50,70,70,50,30,30
"ai free photos",1000,"stable -6%","-6%",35,"0.31","$0.00",No,"Length: Body (3–4 words) · Seasonality: Evergreen",40,30,40,40,210,140,170,210,260,320,320,480,480,590,720,720,720,720,720,720,720,720,590,480,590,720,720,720,720,720,590,880,720,590,590,590,480,1000,1600,1300,1600,1000,880,880,880,880,1000,1000
"photo details",1300,"stable -19%","-19%",51,"0.02","$0.00",No,"Length: Head (1–2 words) · Seasonality: Evergreen",2400,2400,2900,2400,2900,2900,2400,2900,2900,2900,2400,2900,2400,2400,2900,2400,2400,2900,2400,2400,2400,2400,1900,2400,1900,1900,1900,1600,1900,1900,1600,1600,1600,1600,1900,1600,1600,1600,1600,1600,1300,1300,1300,1300,1300,1300,1300,1300
"free watermark photos",1600,"stable -13%","-13%",42,"0.22","$0.00",No,"Length: Body (3–4 words) · Seasonality: Evergreen",1900,1900,1900,1900,1600,1900,1600,1900,1600,1900,1900,1600,1600,1900,1900,1900,1900,2900,2400,2400,2400,1900,2400,1900,1900,1900,1900,1600,1600,1900,1600,2400,1900,2400,1900,1900,1600,1600,1600,1300,1300,1600,1300,1600,1600,1600,1300,1300
"2 photo",2900,"growing 21%","+21%",57,"0.01","$0.00",No,"Length: Head (1–2 words) · Seasonality: Evergreen",2900,2900,2400,1900,2400,2400,1900,2400,1900,2400,1900,1900,1900,1600,1900,1900,2400,1900,1900,1900,1600,1600,1600,1600,1600,1600,1600,1600,1900,1900,1600,1600,1900,1900,1900,2400,1900,2400,2900,2400,2900,2900,2400,2400,2900,2900,2900,2900
"free ai image tools",880,"stable 13%","+13%",24,"0.52","$0.01",No,"Contains: free ai image · Length: Body (3–4 words) · Seasonality: Evergreen",20,20,30,40,90,140,110,210,390,590,480,590,590,590,590,720,720,880,720,720,590,720,590,590,590,590,590,590,590,880,720,880,880,720,720,720,590,720,880,720,720,880,720,880,880,880,880,720
"free image tools",260,"growing 42%","+42%",34,"0.16","$0.01",No,"Length: Body (3–4 words) · Seasonality: Evergreen",140,140,170,170,170,210,210,210,210,170,170,260,210,210,260,210,210,260,210,210,260,320,260,210,210,260,260,260,210,260,210,260,210,210,210,260,170,210,260,210,170,210,170,260,260,390,260,260
"image exif location",20,"declining -57%","-57%",22,"0","N/A",No,"Length: Body (3–4 words) · Seasonality: Evergreen",40,30,30,20,30,20,20,30,30,20,20,20,20,20,10,20,10,20,30,30,30,30,20,10,20,20,30,10,10,30,40,20,20,30,40,30,30,20,20,20,10,10,10,10,20,10,10,10
"geo tag image",2400,"growing 26%","+26%",55,"0.02","$0.00",No,"Length: Body (3–4 words) · Seasonality: Evergreen",1300,1000,880,880,720,1300,880,1000,880,1000,880,880,1000,1000,880,880,1000,1600,1300,1000,1000,1300,1000,1600,1300,1300,1300,1300,1000,1900,1300,1600,2400,1900,1900,2400,1900,1900,1900,1900,1900,2900,1900,2400,2400,1900,2400,2900
"location metadata photo",10,"declining -63%","-63%",16,"0.05","N/A",No,"Length: Body (3–4 words) · Seasonality: Peaks in August",20,10,20,10,20,10,10,10,10,10,10,10,10,50,30,10,20,20,20,20,20,30,20,30,1000,20,30,30,20,20,30,20,20,50,40,40,10,20,50,20,10,10,10,10,10,10,10,10
"location from a photo",40,"stable 18%","+18%",26,"0.02","N/A",No,"Length: Body (3–4 words) · Seasonality: Evergreen",20,20,10,10,20,30,20,30,50,40,20,30,30,30,50,30,30,20,40,40,30,30,30,30,30,30,30,20,30,30,30,30,40,30,40,30,40,30,40,40,20,30,40,50,50,50,40,40
"2 photos",2900,"growing 21%","+21%",57,"0.01","$0.00",No,"Length: Head (1–2 words) · Seasonality: Evergreen",2900,2900,2400,1900,2400,2400,1900,2400,1900,2400,1900,1900,1900,1600,1900,1900,2400,1900,1900,1900,1600,1600,1600,1600,1600,1600,1600,1600,1900,1900,1600,1600,1900,1900,1900,2400,1900,2400,2900,2400,2900,2900,2400,2400,2900,2900,2900,2900
"any photos",5400,"growing 399%","+399%",62,"0","$0.01",No,"Length: Head (1–2 words) · Seasonality: Peaks in July",1600,1600,1900,1600,1600,1600,1300,1600,1600,1600,1600,1600,1900,1600,1900,1600,1600,1600,1600,1600,1600,1900,1600,1900,1600,1900,1900,1600,1900,1900,1600,1900,1900,1900,1900,2400,1900,2400,2400,2400,2900,2900,3600,4400,5400,5400,9900,18100
"batch photo resizer free",590,"stable -13%","-13%",42,"0.09","$0.00",No,"Contains: photo resizer free · Length: Body (3–4 words) · Seasonality: Evergreen",320,260,320,320,260,260,320,390,390,390,390,390,590,480,720,590,480,480,480,480,480,480,480,480,480,590,480,480,480,480,590,590,590,720,590,590,590,720,720,590,590,590,590,590,590,590,590,590
"photo in photo add",170,"declining -35%","-35%",32,"0.14","$0.01",No,"Length: Body (3–4 words) · Seasonality: Evergreen",40,30,50,50,50,70,50,90,50,70,70,50,70,70,40,70,110,90,90,70,110,110,110,70,90,70,90,90,90,110,110,110,90,110,140,110,170,170,170,170,210,260,170,110,70,110,110,110
"photo to photo add",720,"stable -15%","-15%",45,"0.05","$0.00",No,"Contains: photo to · Contains: to photo · Length: Body (3–4 words) · Seasonality: Evergreen",170,210,260,170,170,210,210,260,260,210,260,260,320,260,320,260,390,480,390,480,390,480,390,480,590,480,590,480,720,720,590,720,720,720,720,720,1000,1000,720,720,720,880,720,720,720,720,880,720
"photo paste",3600,"stable 0%","0%",57,"0.03","$0.00",No,"Length: Head (1–2 words) · Seasonality: Evergreen",2400,2400,2400,2400,2400,2400,1900,2400,2400,2900,2900,2400,2900,2900,2400,2400,2400,2900,2900,2900,2900,2900,2900,2900,2900,2900,3600,2900,2900,3600,2900,3600,3600,3600,3600,3600,3600,3600,3600,3600,2900,3600,3600,3600,3600,3600,3600,3600
"find location from photo",5400,"stable 15%","+15%",61,"0.02","$0.00",No,"Contains: from photo · Contains: location from photo · Length: Body (3–4 words) · Seasonality: Evergreen",2400,2400,2400,1900,2400,2900,2400,2900,3600,3600,3600,4400,4400,4400,3600,3600,3600,3600,3600,4400,5400,6600,6600,6600,6600,5400,5400,5400,5400,6600,5400,6600,5400,6600,5400,5400,5400,4400,4400,4400,4400,4400,4400,6600,6600,6600,5400,4400
"ai tool for free",880,"stable 6%","+6%",20,"0.6","$0.01",No,"Length: Body (3–4 words) · Seasonality: Evergreen",20,20,20,50,90,210,260,260,390,480,480,590,590,590,590,590,590,590,720,720,720,720,720,720,590,720,720,720,1300,880,720,880,720,720,880,880,880,720,880,720,720,880,880,880,1000,880,880,880
"photo details location",20,"declining -56%","-56%",21,"0.05","N/A",No,"Length: Body (3–4 words) · Seasonality: Peaks in October",50,50,30,30,30,40,50,90,90,90,90,70,110,110,210,140,110,70,70,50,90,90,70,70,90,70,90,70,90,70,40,40,30,40,20,40,40,30,20,10,10,10,10,10,20,10,10,20
"upload my photos",480,"stable 0%","0%",40,"0.1","$0.01",No,"Length: Body (3–4 words) · Seasonality: Evergreen",720,590,590,590,720,720,720,590,590,590,720,480,590,590,590,480,590,590,480,480,480,720,480,480,480,480,390,390,480,390,480,590,390,390,390,480,480,590,480,480,590,390,390,480,480,480,480,590
"photo photo add",20,"growing 20%","+20%",22,"0.02","N/A",No,"Length: Body (3–4 words) · Seasonality: Evergreen",10,10,10,10,10,10,10,10,20,10,10,20,10,10,10,10,10,10,10,30,20,20,10,20,30,20,20,20,10,20,20,20,20,30,30,30,10,20,20,10,20,20,20,20,20,20,20,20
"detect photo location",10,"stable 0%","0%",17,"0.03","N/A",No,"Length: Body (3–4 words) · Seasonality: Peaks in December",30,40,30,30,70,20,10,10,20,20,40,50,20,30,20,30,30,20,10,20,30,30,30,40,30,20,10,10,30,20,30,20,20,30,20,20,10,10,10,10,10,10,10,10,10,10,10,10
"find photos google",1000,"declining -44%","-44%",48,"0.05","$0.00",No,"Length: Body (3–4 words) · Seasonality: Evergreen",4400,3600,3600,3600,3600,3600,3600,3600,3600,3600,3600,3600,3600,3600,3600,2900,2900,3600,2900,2900,2900,2900,2400,2400,2900,2400,2400,1900,1900,1600,1600,1900,1600,1600,1300,1300,1300,1300,1300,1000,1000,1300,880,1000,1000,880,590,720
"geo photo",2400,"declining -22%","-22%",53,"0.06","$0.00",No,"Length: Head (1–2 words) · Seasonality: Peaks in September",1900,3600,1900,1900,1600,1900,1900,1900,1900,1600,1600,1900,1900,2900,1900,1900,1600,2400,1900,1900,2400,1900,2400,2400,2400,5400,4400,2900,2900,3600,2900,2900,2900,2900,2400,2400,2400,4400,2400,2400,1900,2400,1900,1900,2400,2400,2400,2400
"location of the photo",40,"growing 217%","+217%",27,"0","N/A",No,"Length: Body (3–4 words) · Seasonality: Evergreen",10,10,10,10,10,20,10,20,10,10,10,10,20,10,40,20,30,10,10,20,20,20,20,20,10,10,30,10,10,10,30,30,20,40,20,20,30,20,10,10,20,40,40,30,40,50,70,70
"location in photo",14800,"stable 6%","+6%",59,"0.15","$0.00",No,"Length: Body (3–4 words) · Seasonality: Evergreen",14800,12100,12100,12100,12100,14800,12100,14800,14800,14800,14800,18100,18100,14800,14800,12100,12100,12100,12100,14800,14800,14800,14800,14800,14800,12100,12100,12100,12100,14800,12100,14800,14800,14800,14800,14800,14800,14800,12100,12100,14800,14800,12100,14800,14800,14800,14800,14800
"photo resizer bulk",18100,"stable -18%","-18%",70,"0.02","$0.01",No,"Length: Body (3–4 words) · Seasonality: Evergreen",14800,18100,18100,18100,18100,18100,18100,18100,18100,18100,18100,18100,22200,22200,22200,22200,18100,22200,22200,22200,22200,22200,22200,22200,22200,27100,27100,22200,22200,22200,22200,22200,22200,27100,22200,22200,22200,22200,22200,22200,18100,18100,18100,18100,18100,18100,18100,18100
"metadata photo location",880,"stable 0%","0%",49,"0.01","$0.00",No,"Length: Body (3–4 words) · Seasonality: Evergreen",1000,880,880,720,1600,1900,880,1000,1600,1000,1000,1600,1300,2400,1900,1000,1000,880,880,1300,1000,1000,1000,1000,1300,880,1000,720,880,1000,880,1300,1000,1000,880,1000,880,1000,880,880,880,880,880,1000,1000,1000,880,880
"tools image",27100,"growing 44%","+44%",72,"0.02","$0.00",No,"Length: Head (1–2 words) · Seasonality: Peaks in February",6600,6600,6600,6600,5400,6600,6600,8100,6600,6600,8100,6600,6600,8100,8100,8100,6600,8100,8100,9900,8100,9900,8100,9900,9900,9900,14800,9900,9900,22200,33100,18100,18100,18100,18100,22200,22200,27100,22200,33100,27100,27100,49500,27100,22200,22200,40500,40500
"select photo",2400,"stable 7%","+7%",55,"0.02","$0.03",No,"Length: Head (1–2 words) · Seasonality: Evergreen",1300,1600,1600,1600,1600,1600,1300,1600,1300,1600,1600,1600,1600,1600,1600,1900,1900,1600,1600,1900,1900,2400,1900,1900,1600,1900,1900,1600,1900,1600,1600,1900,1600,1900,1900,1900,2400,1900,2400,2400,2900,2400,1900,2400,2400,2400,2400,2400
"add geotag",70,"growing 79%","+79%",30,"0.03","N/A",No,"Length: Head (1–2 words) · Seasonality: Evergreen",20,20,10,10,10,10,10,10,10,20,10,20,20,20,20,10,30,40,30,40,30,30,30,20,30,20,30,30,10,50,40,70,30,40,30,50,40,50,50,70,70,70,70,90,50,70,90,90
"photo insert photo",10,"stable 0%","0%",14,"0.18","N/A",No,"Length: Body (3–4 words) · Seasonality: Peaks in April",20,10,20,10,10,10,10,20,30,20,20,20,20,10,20,10,20,20,20,10,20,10,10,20,20,10,10,10,10,10,10,20,30,20,10,20,10,10,10,20,20,20,10,10,20,10,10,10
"free images tools",260,"growing 42%","+42%",34,"0.16","$0.01",No,"Length: Body (3–4 words) · Seasonality: Evergreen",140,140,170,170,170,210,210,210,210,170,170,260,210,210,260,210,210,260,210,210,260,320,260,210,210,260,260,260,210,260,210,260,210,210,210,260,170,210,260,210,170,210,170,260,260,390,260,260
"photo of photo",2400,"declining -30%","-30%",53,"0.06","$0.01",No,"Length: Body (3–4 words) · Seasonality: Evergreen",3600,3600,2900,2900,2900,2900,2900,2900,2900,2900,2900,2900,2900,3600,2900,2900,2900,2900,2900,3600,2900,2900,2900,2900,2400,2900,2900,2400,2400,2400,2400,2900,2900,2900,2400,2400,2400,3600,2900,2900,2400,2400,2400,2900,2400,2400,1900,1900
"ai tools photo",480,"declining -20%","-20%",35,"0.22","$0.00",No,"Length: Body (3–4 words) · Seasonality: Evergreen",10,10,10,30,90,140,210,320,390,590,720,720,720,720,720,590,590,720,590,720,720,590,480,480,390,590,590,480,480,590,590,590,390,590,480,480,480,720,590,390,320,390,390,480,480,480,480,480
"photos use",5400,"stable -13%","-13%",62,"0","$0.00",No,"Length: Head (1–2 words) · Seasonality: Evergreen",5400,5400,5400,5400,5400,5400,5400,5400,5400,6600,5400,5400,5400,5400,5400,6600,5400,6600,6600,6600,6600,6600,5400,6600,5400,6600,6600,6600,6600,6600,5400,6600,6600,6600,5400,5400,5400,6600,6600,5400,6600,5400,5400,5400,5400,5400,5400,5400
"photo of a photo",40500,"stable -18%","-18%",74,"0.03","$0.01",No,"Length: Body (3–4 words) · Seasonality: Evergreen",110000,110000,110000,90500,90500,90500,90500,90500,90500,74000,74000,74000,74000,74000,74000,74000,74000,90500,74000,74000,74000,74000,74000,90500,49500,49500,49500,40500,40500,40500,40500,49500,40500,40500,40500,40500,49500,49500,40500,40500,40500,40500,33100,40500,33100,40500,40500,33100
"geotag my photos",30,"growing 83%","+83%",22,"0.13","$0.00",No,"Length: Body (3–4 words) · Seasonality: Peaks in January",30,20,10,20,20,30,20,10,10,10,10,20,20,30,20,20,10,50,30,30,20,20,10,20,10,20,10,10,10,20,10,20,20,20,20,30,30,20,10,30,20,40,40,30,40,20,50,40
"tool image",27100,"growing 44%","+44%",72,"0.02","$0.00",No,"Length: Head (1–2 words) · Seasonality: Peaks in February",6600,6600,6600,6600,5400,6600,6600,8100,6600,6600,8100,6600,6600,8100,8100,8100,6600,8100,8100,9900,8100,9900,8100,9900,9900,9900,14800,9900,9900,22200,33100,18100,18100,18100,18100,22200,22200,27100,22200,33100,27100,27100,49500,27100,22200,22200,40500,40500
"lite photo",720,"growing 49%","+49%",46,"0.03","$0.00",No,"Length: Head (1–2 words) · Seasonality: Evergreen",1300,1300,1300,1300,1300,1600,1900,1900,1900,1900,1600,1600,1300,1300,1000,1300,1000,880,880,880,720,720,590,590,590,590,590,480,480,480,480,480,480,480,590,480,480,590,590,720,590,590,720,590,590,880,720,880
"exif data photos",1900,"stable 0%","0%",54,"0.01","$0.00",No,"Contains: exif data · Length: Body (3–4 words) · Seasonality: Evergreen",1900,1600,1600,1600,1600,1900,1900,1900,1900,1600,1600,1900,1600,2400,1900,1900,1900,1900,2400,1900,1900,1900,1900,1900,1900,1900,2400,1900,1900,2400,1900,1900,1900,1900,1900,1900,1900,1900,1900,1900,1900,1900,1900,2400,1900,1900,1900,1900
"location for photo",140,"stable -13%","-13%",34,"0.06","$0.00",No,"Length: Body (3–4 words) · Seasonality: Evergreen",140,170,170,140,140,170,140,170,210,170,210,170,140,110,140,140,140,170,140,170,170,210,210,170,210,260,210,170,140,170,170,210,210,170,140,140,140,170,140,110,110,110,110,140,110,170,110,110
"location data from photo",260,"declining -29%","-29%",39,"0.02","$0.00",No,"Contains: from photo · Contains: data from photo · Length: Body (3–4 words) · Seasonality: Evergreen",590,480,480,480,390,480,320,480,390,480,390,390,390,390,390,320,320,320,390,320,390,390,390,390,390,390,320,320,320,320,320,320,390,480,320,390,320,320,320,260,260,260,260,260,260,260,210,210
"upload photos to",50,"declining -43%","-43%",27,"0.04","N/A",No,"Contains: upload photos to · Length: Body (3–4 words) · Seasonality: Evergreen",70,40,70,40,50,40,50,50,50,50,50,40,40,40,40,50,70,50,50,40,50,50,50,50,50,50,70,70,70,70,70,90,70,70,50,50,70,90,70,50,50,50,50,70,50,40,50,40
"save photos for free",10,"stable 0%","0%",8,"0.52","$0.00",No,"Contains: photos for free · Length: Body (3–4 words) · Seasonality: Evergreen",20,20,10,10,10,20,10,20,10,30,20,10,10,10,20,10,10,30,10,20,20,10,20,10,20,10,10,10,10,10,20,10,10,10,10,10,10,10,10,10,10,10,10,10,10,10,10,10
"ai your image",170,"declining -90%","-90%",12,"0.68","$0.01",No,"Length: Body (3–4 words) · Seasonality: Peaks in December",10,10,10,10,140,40,50,50,70,90,90,90,70,70,110,90,110,140,110,70,90,90,70,70,70,90,70,70,90,90,70,90,70,50,70,40,50,170,260,260,1000,140,90,70,30,20,20,10
"free bulk photo editor",30,"stable -8%","-8%",12,"0.53","$0.01",No,"Contains: bulk photo editor · Length: Body (3–4 words) · Seasonality: Evergreen",20,50,30,30,20,30,40,30,30,30,50,30,40,40,20,30,20,30,30,20,40,50,30,20,40,30,30,30,30,30,20,30,30,40,20,30,40,40,40,40,40,20,30,30,20,50,40,20
"gps data from photo",110,"stable -14%","-14%",34,"0.01","N/A",No,"Contains: from photo · Contains: data from photo · Length: Body (3–4 words) · Seasonality: Evergreen",260,210,210,210,210,260,170,210,210,170,210,170,170,170,210,140,140,140,170,210,210,170,140,140,170,170,170,140,140,140,170,140,140,140,140,110,110,140,110,110,90,110,90,110,110,110,110,90
"to photo add",50,"declining -37%","-37%",26,"0.09","$0.00",No,"Contains: to photo · Length: Body (3–4 words) · Seasonality: Evergreen",10,10,10,10,10,10,10,10,10,10,10,10,20,10,20,10,10,20,10,20,10,10,10,20,30,30,20,30,40,50,40,70,70,50,50,50,50,70,70,40,70,70,50,50,30,40,50,30
"photos download photos",320,"growing 61%","+61%",42,"0","N/A",No,"Length: Body (3–4 words) · Seasonality: Evergreen",880,880,720,720,720,720,590,720,720,590,480,590,480,480,480,480,480,480,480,480,390,390,390,390,320,260,260,210,260,260,210,320,210,260,260,260,260,260,320,320,320,320,320,320,260,390,480,480
"add geotag to photo",1000,"stable 4%","+4%",48,"0.05","$0.00",No,"Contains: to photo · Length: Body (3–4 words) · Seasonality: Evergreen",320,320,260,390,320,480,390,390,320,480,390,390,480,590,480,480,590,880,880,880,590,880,880,880,880,880,880,880,880,1000,880,880,1000,880,1000,1000,880,1000,880,880,880,1300,1000,1000,880,880,1000,1000
"photo ka photo",590,"stable -13%","-13%",46,"0","$0.00",No,"Length: Body (3–4 words) · Seasonality: Peaks in August",2900,1600,1000,1000,1000,1000,880,880,880,880,880,1000,1600,1000,1000,1000,1000,1300,1000,1000,1000,1000,1000,1000,1000,590,720,720,720,720,590,590,590,720,720,880,880,590,720,590,720,720,590,590,590,590,590,720
"photo with multiple photos",720,"growing 49%","+49%",40,"0.15","$0.01",No,"Contains: multiple photos · Length: Body (3–4 words) · Seasonality: Evergreen",260,390,390,480,480,480,390,590,480,390,480,480,480,480,480,480,590,590,480,480,480,480,390,480,590,590,480,480,480,480,390,480,480,480,390,390,590,480,590,590,590,720,720,720,720,720,880,880
"photo to location",14800,"stable 6%","+6%",59,"0.15","$0.00",No,"Contains: photo to · Length: Body (3–4 words) · Seasonality: Evergreen",14800,12100,12100,12100,12100,14800,12100,14800,14800,14800,14800,18100,18100,14800,14800,12100,12100,12100,12100,14800,14800,14800,14800,14800,14800,12100,12100,12100,12100,14800,12100,14800,14800,14800,14800,14800,14800,14800,12100,12100,14800,14800,12100,14800,14800,14800,14800,14800
"photo from photo",320,"growing 240%","+240%",33,"0.2","$0.01",No,"Contains: from photo · Length: Body (3–4 words) · Seasonality: Peaks in June",320,260,260,260,320,260,260,260,260,320,260,260,210,260,260,260,320,390,260,260,260,320,260,260,320,260,260,260,170,170,210,260,170,170,210,140,170,210,170,170,210,170,260,590,210,390,1000,480
"photo mein photo",140,"stable -7%","-7%",35,"0.01","N/A",No,"Length: Body (3–4 words) · Seasonality: Evergreen",260,170,210,170,170,210,210,210,210,210,480,480,320,210,210,170,170,210,170,210,210,210,170,140,140,140,110,110,170,170,210,210,210,320,210,210,140,140,170,110,140,170,140,110,140,140,140,140
"photo se photo",70,"declining -26%","-26%",31,"0.01","N/A",No,"Length: Body (3–4 words) · Seasonality: Evergreen",70,70,70,70,90,90,70,70,70,90,70,70,70,50,50,50,90,70,90,50,50,70,50,40,70,50,70,70,70,90,50,70,70,70,50,90,70,90,70,50,90,90,70,70,40,70,50,50
"photo by photo",70,"stable 11%","+11%",31,"0.01","N/A",No,"Length: Body (3–4 words) · Seasonality: Peaks in December",40,50,40,50,50,30,40,40,40,40,20,70,40,30,30,20,30,50,50,40,40,50,30,30,50,40,30,30,50,30,30,40,50,40,40,40,40,30,20,40,320,30,30,40,50,40,20,40
"photo i photo",50,"stable -14%","-14%",28,"0.03","N/A",No,"Length: Body (3–4 words) · Seasonality: Evergreen",140,140,140,140,110,140,110,110,140,110,110,110,110,110,110,90,90,110,90,90,110,70,90,90,90,70,90,90,90,70,50,70,50,50,50,50,40,50,50,50,50,70,50,70,50,40,50,30
"your photo photo",10,"stable 0%","0%",17,"0","N/A",No,"Contains: your photo · Length: Body (3–4 words) · Seasonality: Evergreen",10,30,10,30,30,40,20,20,20,40,30,30,40,20,10,10,20,20,20,30,30,20,20,20,20,10,10,10,20,10,10,20,10,10,10,10,10,10,10,10,10,10,10,10,10,10,10,10
"photo a photo",70,"growing 38%","+38%",30,"0.02","N/A",No,"Length: Body (3–4 words) · Seasonality: Evergreen",90,70,70,50,70,70,50,90,70,70,70,70,90,70,90,90,70,90,90,90,90,90,70,90,90,90,110,90,90,90,70,90,110,90,90,70,70,70,70,50,70,70,70,70,70,110,90,90
"photo 2 photo",90,"stable -19%","-19%",31,"0.04","N/A",No,"Length: Body (3–4 words) · Seasonality: Evergreen",110,140,110,90,90,110,140,140,170,140,170,210,210,260,210,210,170,260,170,170,170,140,140,170,170,140,140,140,170,140,140,140,90,140,90,90,110,110,90,70,110,140,110,90,90,70,90,90
"photo the photo",880,"stable 5%","+5%",48,"0.02","N/A",No,"Length: Body (3–4 words) · Seasonality: Evergreen",480,480,480,480,480,390,390,480,590,480,880,1300,1300,1900,1000,1000,1300,1000,1300,1300,1300,1000,880,1000,1000,880,880,880,1000,1000,880,1000,1000,1000,880,880,880,880,880,880,1000,1000,880,1000,880,1000,880,880
"photo and photo",2900,"stable -19%","-19%",56,"0.03","$0.01",No,"Length: Body (3–4 words) · Seasonality: Peaks in August",33100,27100,18100,14800,18100,18100,14800,14800,14800,6600,6600,6600,4400,3600,3600,3600,3600,3600,3600,3600,3600,3600,3600,3600,3600,3600,3600,3600,3600,3600,2900,3600,3600,3600,3600,3600,3600,3600,3600,2900,2900,3600,2900,2900,2900,2900,2900,2900
"bulk pic",260,"declining -43%","-43%",37,"0.08","$0.01",No,"Length: Head (1–2 words) · Seasonality: Evergreen",260,210,260,210,260,260,260,260,320,260,260,260,320,260,320,320,260,320,260,260,260,320,320,480,480,390,320,260,260,260,260,260,260,260,260,260,320,390,390,260,210,320,210,210,170,210,210,210
"single photo with multiple photos",50,"stable -17%","-17%",17,"0.41","N/A",No,"Contains: multiple photos · Length: Long tail (5+ words) · Seasonality: Evergreen",30,20,20,40,30,30,30,40,40,70,40,50,30,40,20,30,50,50,40,50,30,40,70,50,40,40,30,40,40,40,50,50,40,50,50,40,30,40,50,50,70,30,50,50,50,40,30,30
"bulk photo editor free",210,"growing 25%","+25%",26,"0.34","$0.01",No,"Contains: bulk photo editor · Contains: photo editor free · Length: Body (3–4 words) · Seasonality: Evergreen",210,210,260,260,260,320,260,320,390,320,320,320,480,590,720,320,320,260,170,260,260,320,320,210,210,260,210,170,260,210,260,320,260,320,210,210,210,210,210,210,210,210,170,210,210,260,320,210
"geotag photos google maps",20,"stable 0%","0%",19,"0.15","$0.00",No,"Length: Body (3–4 words) · Seasonality: Peaks in October",70,50,50,40,30,50,50,40,40,40,40,30,40,40,140,20,30,20,20,30,20,30,30,30,30,20,20,20,10,20,30,30,20,20,10,20,20,20,20,30,30,20,20,20,30,10,20,30
"photo ki photo",480,"stable 0%","0%",45,"0","N/A",No,"Length: Body (3–4 words) · Seasonality: Evergreen",1300,1300,880,720,880,880,720,880,720,590,590,590,590,720,720,720,720,880,720,720,720,720,880,720,480,480,480,480,480,480,480,480,480,480,590,480,480,480,480,480,390,390,320,390,390,480,480,480
"add 2 photo",390,"declining -71%","-71%",42,"0.02","$0.00",No,"Length: Body (3–4 words) · Seasonality: Peaks in September",260,210,260,260,260,320,320,320,260,320,390,480,390,390,390,390,390,480,480,390,320,320,320,480,480,390,390,390,320,320,260,320,320,210,210,260,320,1600,390,320,260,260,210,170,210,210,210,260
"exif browser",40,"declining -35%","-35%",27,"0","N/A",No,"Length: Head (1–2 words) · Seasonality: Evergreen",20,20,20,20,20,30,40,20,20,30,30,30,30,30,20,20,20,40,20,20,20,30,30,40,30,30,40,40,40,30,40,90,40,90,70,90,90,70,70,30,30,20,10,20,10,50,50,50
"photo add on",70,"stable -7%","-7%",28,"0.09","$0.01",No,"Length: Body (3–4 words) · Seasonality: Peaks in December",110,110,90,90,320,90,90,90,110,90,90,90,70,90,70,70,90,50,50,70,70,70,70,50,40,50,70,70,140,50,480,70,30,320,70,70,50,50,50,50,170,50,90,50,50,50,50,40
"photos jpeg",90500,"stable 13%","+13%",76,"0.08","$0.00",No,"Length: Head (1–2 words) · Seasonality: Evergreen",33100,40500,33100,33100,33100,40500,40500,40500,33100,40500,49500,49500,60500,49500,49500,49500,60500,60500,60500,74000,60500,60500,60500,74000,60500,74000,74000,60500,60500,74000,90500,74000,74000,74000,74000,90500,90500,110000,74000,90500,90500,90500,135000,90500,74000,90500,110000,110000
"exif data location",590,"declining -32%","-32%",46,"0.01","$0.00",No,"Contains: exif data · Length: Body (3–4 words) · Seasonality: Evergreen",2900,2400,2400,2400,2400,3600,2400,2900,2400,1900,2400,2400,2400,2400,1900,1600,1600,1600,1600,1600,1600,1600,1300,1300,1300,1000,1300,1300,1000,1000,1000,1300,1000,1000,880,1000,1000,880,590,480,590,480,390,720,590,720,480,480
"exif metadata",3600,"stable -7%","-7%",57,"0.03","$0.00",No,"Length: Head (1–2 words) · Seasonality: Evergreen",2900,2900,2900,2400,2400,2900,2400,2900,2400,2400,6600,2900,3600,2400,2400,3600,2400,6600,2400,2400,2400,2900,2400,2400,2400,2400,2900,2400,2900,2900,2900,2400,2900,2900,2900,2900,2900,3600,3600,2900,2900,3600,2900,3600,3600,3600,2900,2900
"ai photos for free",480,"declining -32%","-32%",18,"0.6","$0.00",No,"Contains: photos for free · Length: Body (3–4 words) · Seasonality: Evergreen",10,10,10,10,260,140,90,90,140,170,210,260,210,210,480,320,320,320,260,320,320,260,210,210,210,210,260,260,260,320,260,260,260,210,260,210,210,590,720,590,720,590,480,390,390,390,320,320
"paste your photo",110,"growing 200%","+200%",34,"0","N/A",No,"Contains: your photo · Length: Body (3–4 words) · Seasonality: Peaks in July",70,70,20,50,30,40,50,70,170,140,110,170,140,70,70,30,70,110,110,50,210,110,140,170,110,70,50,40,50,70,70,70,140,90,140,170,70,70,50,70,70,90,70,50,210,110,140,320
"2 photo add",720,"stable 5%","+5%",46,"0.03","$0.00",No,"Length: Body (3–4 words) · Seasonality: Evergreen",170,260,260,260,260,260,320,320,320,390,480,480,590,480,480,590,590,590,590,590,480,390,480,590,720,720,720,590,720,880,590,590,720,590,720,880,880,880,720,590,590,590,590,720,720,880,1000,720
"get a photo",140,"growing 23%","+23%",30,"0.15","$0.01",No,"Length: Body (3–4 words) · Seasonality: Evergreen",170,110,110,110,90,110,110,90,110,210,110,140,170,170,140,140,140,110,110,110,90,110,170,140,140,140,170,110,110,140,140,140,140,140,110,140,110,140,140,110,110,140,140,170,140,140,170,170
"tag that photo",320,"stable -7%","-7%",42,"0","N/A",No,"Length: Body (3–4 words) · Seasonality: Evergreen",110,90,90,140,110,110,110,110,110,320,140,90,70,110,90,140,140,140,140,110,110,170,110,110,110,90,110,110,140,110,90,110,140,110,140,170,260,320,320,320,390,320,320,320,320,320,260,260
"photo to new photo",10,"declining -25%","-25%",16,"0.09","N/A",No,"Contains: photo to · Length: Body (3–4 words) · Seasonality: Evergreen",10,10,10,10,10,10,0,10,10,10,10,10,10,10,10,10,20,20,20,10,20,20,20,10,10,20,20,20,10,20,20,20,20,20,20,10,10,10,20,10,20,10,10,10,10,10,10,10
"detect location from photo",50,"stable -6%","-6%",27,"0.05","N/A",No,"Contains: from photo · Contains: location from photo · Length: Body (3–4 words) · Seasonality: Evergreen",30,20,30,20,30,20,20,40,40,40,40,40,40,50,70,40,50,70,50,70,70,90,90,70,70,90,70,70,70,110,90,110,90,70,90,70,70,50,50,40,40,50,40,50,50,70,40,50
"add photo with photo",10,"declining -40%","-40%",17,"0.04","N/A",No,"Contains: add photo · Length: Body (3–4 words) · Seasonality: Evergreen",10,10,20,10,20,20,10,10,20,20,20,20,20,20,10,20,20,20,30,30,10,20,10,20,10,30,40,20,30,40,20,10,20,20,20,20,20,10,20,10,10,10,10,10,10,10,10,10
"photo for all",20,"growing 120%","+120%",22,"0","N/A",No,"Length: Body (3–4 words) · Seasonality: Evergreen",10,10,10,30,20,20,10,20,20,20,10,10,20,20,30,10,10,10,10,20,10,10,10,10,10,20,10,10,10,20,10,20,10,10,10,10,20,20,10,20,10,20,20,20,10,10,50,50
"bulk photo resizer free",260,"stable 0%","0%",37,"0.09","$0.01",No,"Contains: photo resizer free · Length: Body (3–4 words) · Seasonality: Evergreen",110,90,90,70,90,90,110,140,110,140,110,170,210,140,140,170,140,170,140,170,140,170,140,140,140,170,210,170,140,170,140,210,210,390,260,260,260,320,260,260,210,170,210,210,210,260,320,260
"image upload image",110000,"stable -18%","-18%",82,"0.02","$0.00",No,"Length: Body (3–4 words) · Seasonality: Evergreen",165000,135000,135000,135000,135000,165000,135000,165000,135000,135000,135000,135000,165000,135000,135000,135000,135000,135000,135000,135000,135000,135000,110000,110000,110000,110000,110000,110000,110000,110000,110000,110000,110000,110000,110000,135000,135000,110000,110000,110000,110000,110000,90500,90500,90500,110000,90500,90500
"1 photo",2900,"stable 0%","0%",57,"0.01","$0.01",No,"Length: Head (1–2 words) · Seasonality: Evergreen",2900,2900,2900,2900,3600,3600,2900,3600,3600,4400,4400,4400,4400,3600,3600,3600,3600,3600,2900,3600,3600,3600,3600,3600,5400,3600,3600,2900,2900,2900,2900,2900,2900,2900,2900,2900,2900,2900,2900,2400,2900,2900,3600,2900,2900,2900,2900,2900
"add watermark to images bulk",10,"declining -40%","-40%",14,"0.19","N/A",No,"Contains: add watermark to · Length: Long tail (5+ words) · Seasonality: Evergreen",30,10,30,30,30,40,50,40,40,70,40,70,30,30,30,30,30,40,40,40,40,40,30,30,30,40,30,30,30,30,30,30,20,30,20,40,10,30,10,10,10,10,20,10,10,10,10,10
"photo and location",20,"growing 175%","+175%",21,"0.06","$0.00",No,"Length: Body (3–4 words) · Seasonality: Evergreen",10,10,10,10,10,10,10,20,30,10,10,10,10,10,10,10,10,10,10,10,10,20,30,20,20,10,10,20,10,30,10,10,20,20,20,10,10,20,10,20,20,20,30,30,20,30,30,50
"photo on location",30,"declining -50%","-50%",22,"0.1","$0.00",No,"Length: Body (3–4 words) · Seasonality: Peaks in September",40,40,40,20,30,20,30,30,20,30,30,30,50,30,40,30,50,30,40,20,30,30,30,30,20,20,20,10,10,20,30,30,30,30,30,20,30,110,20,20,20,30,20,30,20,20,20,40
"free watermark tool",110,"growing 60%","+60%",30,"0.13","$0.00",No,"Length: Body (3–4 words) · Seasonality: Peaks in July",90,110,110,70,70,70,110,110,90,110,110,90,110,90,90,70,70,90,90,90,90,110,170,140,140,90,90,90,70,90,90,90,90,90,90,110,140,70,90,110,70,90,50,90,90,70,90,320
"2 in photo",30,"stable -10%","-10%",25,"0","N/A",No,"Length: Body (3–4 words) · Seasonality: Peaks in July",20,20,20,30,40,20,20,30,20,10,10,20,20,30,40,30,30,30,20,30,20,30,20,30,30,30,40,30,50,20,30,50,20,30,40,140,40,20,40,30,40,40,40,30,40,40,20,30
"photo of location",140,"growing 203%","+203%",36,"0","N/A",No,"Length: Body (3–4 words) · Seasonality: Peaks in July",50,50,70,50,70,70,50,70,50,70,90,50,50,50,70,50,50,70,70,50,50,70,70,70,70,70,70,50,70,70,70,70,70,90,70,70,90,140,70,50,70,90,90,140,110,170,260,480
"new add",8100,"stable -8%","-8%",65,"0","$0.02",No,"Length: Head (1–2 words) · Seasonality: Evergreen",5400,5400,8100,8100,22200,9900,9900,14800,9900,6600,6600,6600,6600,6600,6600,8100,6600,8100,6600,8100,6600,6600,6600,6600,6600,6600,8100,6600,6600,6600,6600,6600,6600,6600,6600,6600,6600,6600,9900,6600,8100,8100,8100,8100,8100,6600,6600,8100
"tool photography",260,"declining -30%","-30%",24,"0.41","$0.00",No,"Length: Head (1–2 words) · Seasonality: Evergreen",320,390,480,390,320,480,480,480,390,390,390,320,320,480,480,480,480,480,480,390,320,320,260,260,260,480,320,390,320,480,320,260,210,320,210,210,210,320,260,320,260,260,210,210,210,170,210,170
"free ai image tool",880,"stable 13%","+13%",24,"0.52","$0.01",No,"Contains: free ai image · Length: Body (3–4 words) · Seasonality: Evergreen",20,20,30,40,90,140,110,210,390,590,480,590,590,590,590,720,720,880,720,720,590,720,590,590,590,590,590,590,590,880,720,880,880,720,720,720,590,720,880,720,720,880,720,880,880,880,880,720
"photo get",170,"declining -56%","-56%",35,"0.05","N/A",No,"Length: Head (1–2 words) · Seasonality: Evergreen",170,210,170,210,170,140,170,210,210,210,210,210,170,210,170,170,170,170,170,260,210,210,140,170,140,140,210,170,170,170,170,210,210,170,170,320,320,170,210,170,170,170,170,140,140,110,110,90
"batch process photos",40,"declining -27%","-27%",22,"0.2","$0.02",No,"Length: Body (3–4 words) · Seasonality: Evergreen",110,70,70,50,30,70,50,50,50,90,70,70,90,70,90,110,70,90,50,50,90,70,70,50,70,70,90,50,50,50,70,70,50,50,50,50,40,30,40,50,30,30,30,40,40,30,20,30
"use your photo",20,"growing 75%","+75%",22,"0","N/A",No,"Contains: your photo · Length: Body (3–4 words) · Seasonality: Evergreen",10,20,20,20,30,20,30,40,40,50,20,30,40,50,50,50,110,110,70,40,70,50,50,40,30,40,20,20,20,20,10,20,10,10,20,10,10,20,10,20,10,20,10,20,20,30,20,20
"add new photo",50,"stable 13%","+13%",28,"0.01","N/A",No,"Length: Body (3–4 words) · Seasonality: Evergreen",30,20,20,30,30,30,30,50,50,40,50,20,40,20,40,20,30,50,50,50,50,70,40,40,50,40,40,30,20,40,40,50,50,50,20,70,50,50,50,50,40,40,50,40,50,50,30,90
"5 photo",2900,"stable -17%","-17%",45,"0.22","$0.00",No,"Length: Head (1–2 words) · Seasonality: Evergreen",2900,2900,4400,2900,3600,3600,2400,2900,2900,3600,4400,3600,3600,3600,3600,3600,3600,2900,2900,3600,2900,3600,3600,3600,2900,3600,2900,2900,2900,2900,2400,2900,2900,3600,2900,2900,2900,2900,2900,2900,2900,2900,2400,2400,2400,2400,2400,2400
"geotag photography",480,"growing 26%","+26%",36,"0.19","$0.00",No,"Length: Head (1–2 words) · Seasonality: Evergreen",210,210,170,210,170,320,210,260,320,260,260,260,320,320,260,260,260,320,260,260,260,320,390,390,390,480,320,320,320,390,320,390,480,390,480,480,390,480,480,480,480,590,390,390,390,390,720,590
"photo in ai",720,"declining -53%","-53%",29,"0.4","$0.00",No,"Length: Body (3–4 words) · Seasonality: Evergreen",20,50,30,90,720,320,260,260,320,480,590,590,590,590,590,480,590,720,720,720,590,480,590,590,480,480,480,480,480,480,480,880,720,720,480,480,390,1000,1300,1000,880,1000,480,480,320,480,390,390
"search photo location",320,"stable -18%","-18%",41,"0.03","$0.00",No,"Length: Body (3–4 words) · Seasonality: Evergreen",320,320,320,260,260,320,320,390,390,480,480,590,480,480,480,390,480,480,480,480,590,590,590,590,590,480,480,590,480,480,390,480,480,480,390,390,390,390,320,320,320,320,320,390,390,320,260,320
"photo formats",1900,"stable -13%","-13%",43,"0.22","$0.00",No,"Length: Head (1–2 words) · Seasonality: Evergreen",1900,1900,1900,1900,1900,2400,2400,2400,1900,1900,1900,1600,1900,1900,1900,2400,2400,2400,1900,2400,1900,2400,1900,1900,1900,1900,2400,1900,2400,2400,1900,1900,1900,2400,1900,1900,1900,1900,2400,1900,1900,1900,1900,1900,1900,1900,1900,1600
"free watermark images",1600,"stable -13%","-13%",42,"0.22","$0.00",No,"Length: Body (3–4 words) · Seasonality: Evergreen",1900,1900,1900,1900,1600,1900,1600,1900,1600,1900,1900,1600,1600,1900,1900,1900,1900,2900,2400,2400,2400,1900,2400,1900,1900,1900,1900,1600,1600,1900,1600,2400,1900,2400,1900,1900,1600,1600,1600,1300,1300,1600,1300,1600,1600,1600,1300,1300
"upload image ai",590,"declining -53%","-53%",28,"0.39","$0.01",No,"Length: Body (3–4 words) · Seasonality: Evergreen",30,70,70,70,210,210,210,260,390,320,390,320,320,320,480,590,720,590,590,590,590,590,590,480,590,720,720,720,720,720,590,720,880,720,590,590,480,720,880,1600,480,590,390,480,480,390,320,260
"all photo all photo",12100,"stable 0%","0%",67,"0.02","$0.00",No,"Length: Body (3–4 words) · Seasonality: Evergreen",18100,18100,18100,18100,18100,18100,14800,18100,18100,18100,18100,18100,18100,18100,18100,18100,18100,18100,14800,18100,14800,14800,14800,14800,14800,12100,14800,12100,12100,12100,12100,12100,12100,12100,12100,12100,12100,14800,12100,12100,12100,12100,12100,14800,12100,12100,12100,14800
"add multiple photos",40,"stable -8%","-8%",26,"0.03","N/A",No,"Contains: multiple photos · Contains: add multiple photos · Length: Body (3–4 words) · Seasonality: Evergreen",70,50,40,30,40,30,30,40,40,50,40,50,40,50,40,40,40,40,40,40,50,50,50,50,40,40,40,30,40,30,30,30,30,40,40,30,40,40,40,40,40,50,30,30,30,30,30,50
"ai photo for free",480,"declining -32%","-32%",18,"0.6","$0.00",No,"Length: Body (3–4 words) · Seasonality: Evergreen",10,10,10,10,260,140,90,90,140,170,210,260,210,210,480,320,320,320,260,320,320,260,210,210,210,210,260,260,260,320,260,260,260,210,260,210,210,590,720,590,720,590,480,390,390,390,320,320
"photos by ai",390,"declining -65%","-65%",29,"0.32","$0.00",No,"Length: Body (3–4 words) · Seasonality: Evergreen",110,140,90,110,480,320,320,480,880,720,590,590,590,480,590,590,720,720,590,590,590,480,480,480,390,480,390,390,320,480,390,390,320,320,260,260,260,720,720,720,480,590,320,260,210,260,170,170
"exif download free",10,"declining -25%","-25%",16,"0.06","N/A",No,"Length: Body (3–4 words) · Seasonality: Peaks in February",20,20,10,20,10,20,30,30,20,30,20,20,10,10,10,20,20,20,30,10,10,20,10,20,20,20,20,10,10,10,20,20,10,10,20,20,10,10,20,10,20,10,20,20,10,10,10,10
"google photo location",1600,"stable 15%","+15%",35,"0.35","$0.00",No,"Length: Body (3–4 words) · Seasonality: Evergreen",720,590,720,720,720,1000,1000,880,720,720,880,880,880,880,880,720,880,1000,880,1000,1000,1000,1000,1000,1300,1300,1000,1000,1000,1000,1000,1300,1300,1300,1300,1600,1300,1300,1300,1300,1600,1600,1300,1600,1300,1300,1600,1600
"photo with google location",140,"stable 7%","+7%",17,"0.52","$0.00",No,"Length: Body (3–4 words) · Seasonality: Evergreen",70,50,50,50,50,50,50,70,50,50,70,50,90,90,50,70,50,90,90,110,70,110,90,110,110,110,110,110,90,110,70,140,140,140,170,170,170,110,140,110,170,110,110,140,140,140,170,140
"photo applications",1300,"stable -7%","-7%",46,"0.12","$0.01",No,"Length: Head (1–2 words) · Seasonality: Evergreen",1900,1900,1900,1600,1600,1900,1600,1600,1600,2400,1900,1900,1900,1600,1600,1600,1600,1600,1300,1300,1600,1300,1300,1000,1300,1600,1600,1600,1600,1900,1000,1300,1300,1300,1000,1000,1300,1600,1300,1300,1300,1600,1300,1600,1300,1300,1300,1300
"find location using photo",70,"growing 35%","+35%",30,"0.02","N/A",No,"Length: Body (3–4 words) · Seasonality: Evergreen",50,40,50,50,50,70,40,70,70,70,70,90,90,90,110,70,110,90,90,140,110,140,110,140,110,140,90,90,90,70,70,70,90,90,70,70,50,70,50,70,70,50,40,90,70,90,70,70
"exif data on photo",110,"declining -21%","-21%",33,"0.02","N/A",No,"Contains: exif data · Length: Body (3–4 words) · Seasonality: Evergreen",140,110,110,140,140,110,90,140,140,110,110,110,110,110,140,170,140,140,110,140,110,110,90,110,110,110,140,110,110,110,110,140,110,110,90,90,90,110,140,140,90,110,90,110,110,110,90,70
"upload image photo",170,"stable 0%","0%",35,"0.06","N/A",No,"Length: Body (3–4 words) · Seasonality: Evergreen",40,90,70,70,40,70,70,70,90,50,50,70,50,50,50,70,70,90,110,70,90,90,70,90,50,70,50,70,90,70,110,110,90,90,90,110,170,210,210,170,210,210,170,170,170,210,170,210
"gps metadata in photos",50,"growing 110%","+110%",28,"0.02","N/A",No,"Length: Body (3–4 words) · Seasonality: Evergreen",50,40,30,40,50,40,40,50,70,50,50,50,40,50,50,50,30,40,40,50,40,50,50,70,70,50,40,30,40,50,30,40,30,40,50,40,40,30,30,40,30,50,50,40,50,70,70,70
"add exif data to photo",90,"stable 7%","+7%",32,"0.01","N/A",No,"Contains: to photo · Contains: exif data · Length: Long tail (5+ words) · Seasonality: Evergreen",110,110,70,110,110,90,110,140,110,110,90,110,110,110,110,170,140,140,140,110,140,140,140,110,110,110,110,50,90,70,90,110,90,90,90,110,70,90,110,90,110,90,70,70,50,70,110,110
"photo with photos",320,"growing 240%","+240%",33,"0.2","$0.01",No,"Length: Body (3–4 words) · Seasonality: Peaks in June",320,260,260,260,320,260,260,260,260,320,260,260,210,260,260,260,320,390,260,260,260,320,260,260,320,260,260,260,170,170,210,260,170,170,210,140,170,210,170,170,210,170,260,590,210,390,1000,480
"photo paste on photo",3600,"stable 0%","0%",57,"0.03","$0.00",No,"Length: Body (3–4 words) · Seasonality: Evergreen",2400,2400,2400,2400,2400,2400,1900,2400,2400,2900,2900,2400,2900,2900,2400,2400,2400,2900,2900,2900,2900,2900,2900,2900,2900,2900,3600,2900,2900,3600,2900,3600,3600,3600,3600,3600,3600,3600,3600,3600,2900,3600,3600,3600,3600,3600,3600,3600
"image add in image",590,"declining -43%","-43%",43,"0.07","$0.00",No,"Length: Body (3–4 words) · Seasonality: Evergreen",40,40,50,70,50,40,50,90,70,70,90,90,140,140,140,170,260,320,260,390,320,140,320,720,390,170,320,480,590,390,390,320,390,590,720,590,1000,1000,880,210,320,590,720,480,480,590,720,320
"photos saved",18100,"growing 23%","+23%",70,"0.02","$0.00",No,"Length: Head (1–2 words) · Seasonality: Evergreen",9900,8100,9900,9900,9900,9900,9900,9900,9900,9900,9900,12100,12100,9900,12100,12100,12100,12100,12100,12100,12100,12100,12100,14800,12100,12100,14800,14800,14800,14800,12100,14800,14800,14800,14800,18100,18100,18100,18100,18100,18100,22200,18100,22200,18100,22200,22200,22200
"add multiple photos into one",10,"stable 0%","0%",7,"0.59","$0.01",No,"Contains: multiple photos · Contains: add multiple photos · Contains: photos into one · Contains: multiple photos into · Length: Long tail (5+ words) · Seasonality: Evergreen",10,10,10,10,10,10,10,10,10,10,10,10,10,10,20,10,10,20,10,10,10,10,10,10,10,10,10,10,10,10,10,10,10,10,10,10,10,10,10,20,10,20,10,20,10,10,10,10
"add location on photo",720,"stable -13%","-13%",42,"0.11","$0.00",No,"Length: Body (3–4 words) · Seasonality: Evergreen",390,390,390,390,390,480,390,390,480,590,480,590,590,720,590,590,590,590,590,590,590,720,720,720,880,720,720,720,720,880,720,720,720,720,720,720,720,880,880,720,880,720,590,720,590,720,720,720
"geotag my photo",30,"growing 83%","+83%",22,"0.13","$0.00",No,"Length: Body (3–4 words) · Seasonality: Peaks in January",30,20,10,20,20,30,20,10,10,10,10,20,20,30,20,20,10,50,30,30,20,20,10,20,10,20,10,10,10,20,10,20,20,20,20,30,30,20,10,30,20,40,40,30,40,20,50,40
"metadata gps coordinates",20,"declining -63%","-63%",22,"0","N/A",No,"Length: Body (3–4 words) · Seasonality: Evergreen",20,20,20,30,30,30,30,20,10,20,10,10,10,10,10,10,10,10,10,10,10,10,10,10,10,10,20,10,20,20,20,10,30,20,20,30,30,20,30,30,20,10,10,10,10,10,10,10
"add to image",320,"growing 22%","+22%",39,"0.07","$0.00",No,"Length: Body (3–4 words) · Seasonality: Evergreen",110,140,140,170,140,140,390,320,210,320,260,260,320,210,170,210,210,170,170,170,170,170,170,210,210,170,210,210,210,210,210,260,210,320,210,260,320,260,320,260,260,260,210,260,260,320,390,390
"add gps coordinates to photos",50,"declining -35%","-35%",20,"0.29","$0.00",No,"Length: Long tail (5+ words) · Seasonality: Evergreen",70,50,50,40,40,50,50,50,70,70,50,110,70,70,90,70,70,140,140,110,90,90,70,90,70,90,90,70,90,70,70,70,90,90,110,90,70,70,90,70,50,40,50,40,50,70,30,50
"photo inside photo",40500,"stable -18%","-18%",74,"0.03","$0.01",No,"Length: Body (3–4 words) · Seasonality: Evergreen",110000,110000,110000,90500,90500,90500,90500,90500,90500,74000,74000,74000,74000,74000,74000,74000,74000,90500,74000,74000,74000,74000,74000,90500,49500,49500,49500,40500,40500,40500,40500,49500,40500,40500,40500,40500,49500,49500,40500,40500,40500,40500,33100,40500,33100,40500,40500,33100
"photo using ai",70,"declining -57%","-57%",18,"0.42","$0.00",No,"Length: Body (3–4 words) · Seasonality: Evergreen",10,10,10,10,50,70,50,70,110,140,90,110,110,110,140,140,140,140,170,140,110,110,90,90,90,90,90,70,90,90,90,140,90,70,50,50,50,210,90,110,70,70,90,50,70,50,50,50
"free photo editor free",90500,"stable 0%","0%",52,"0.37","$0.01",No,"Contains: photo editor free · Length: Body (3–4 words) · Seasonality: Evergreen",90500,74000,90500,90500,90500,90500,90500,90500,90500,90500,90500,90500,90500,90500,90500,90500,110000,110000,90500,90500,90500,110000,90500,90500,90500,90500,90500,165000,135000,110000,90500,90500,90500,90500,90500,90500,90500,90500,90500,90500,90500,90500,74000,74000,90500,90500,90500,90500
"with your photo",50,"declining -25%","-25%",28,"0.02","N/A",No,"Contains: your photo · Length: Body (3–4 words) · Seasonality: Evergreen",20,10,20,20,20,10,10,20,10,20,30,20,20,20,20,10,20,20,20,10,30,10,10,20,20,20,20,20,20,20,20,30,50,70,30,40,40,50,70,70,50,40,40,50,40,50,30,40
"your photo with ai",90,"declining -95%","-95%",18,"0.46","N/A",No,"Contains: your photo · Length: Body (3–4 words) · Seasonality: Peaks in October",0,0,10,10,90,40,20,20,30,40,40,40,40,50,70,50,40,50,70,30,30,30,40,30,40,50,50,30,20,30,30,30,20,10,30,20,20,140,210,210,140,140,70,70,10,0,10,10
"multiple photos into one photo",480,"declining -24%","-24%",31,"0.3","$0.00",No,"Contains: multiple photos · Contains: photos into one · Contains: multiple photos into · Length: Long tail (5+ words) · Seasonality: Evergreen",1600,1600,1600,1300,1600,1600,1300,1600,1600,1600,1300,1300,1300,1300,1300,1000,1300,1600,1000,1000,1000,880,1000,1000,1000,880,880,1000,880,880,880,720,720,590,590,590,590,590,590,590,590,480,480,480,390,480,480,390
"photos my",368000,"stable 0%","0%",88,"0.05","$0.00",No,"Length: Head (1–2 words) · Seasonality: Evergreen",368000,368000,301000,301000,301000,368000,368000,368000,301000,301000,301000,301000,301000,301000,301000,301000,301000,301000,246000,301000,301000,301000,301000,301000,246000,246000,301000,246000,301000,301000,246000,246000,246000,301000,368000,368000,368000,368000,368000,301000,301000,368000,301000,368000,301000,368000,368000,368000
"image add to image",90,"declining -32%","-32%",31,"0.04","$0.00",No,"Length: Body (3–4 words) · Seasonality: Evergreen",40,40,50,50,70,50,30,40,40,50,50,70,90,70,50,90,70,90,70,90,70,90,50,90,90,90,110,90,140,110,110,90,90,90,110,110,90,110,110,110,90,70,90,110,50,50,70,90
"pic add",9900,"growing 38%","+38%",65,"0.02","$0.00",No,"Length: Head (1–2 words) · Seasonality: Evergreen",5400,5400,5400,6600,5400,5400,5400,6600,5400,5400,5400,5400,6600,5400,6600,5400,5400,6600,6600,6600,5400,6600,5400,5400,5400,5400,6600,5400,5400,5400,5400,5400,5400,5400,5400,5400,5400,8100,8100,9900,9900,9900,8100,9900,8100,9900,9900,9900
"in one photo",70,"stable 19%","+19%",31,"0","N/A",No,"Contains: in one photo · Length: Body (3–4 words) · Seasonality: Peaks in June",70,90,70,70,50,70,70,50,70,50,70,70,40,50,40,50,50,50,40,50,50,70,50,40,50,50,40,40,50,50,40,70,50,70,210,90,50,90,70,50,50,50,50,70,70,70,90,90
"your photo ai",90,"declining -93%","-93%",23,"0.3","$0.00",No,"Contains: your photo · Length: Body (3–4 words) · Seasonality: Peaks in December",10,0,10,10,140,50,20,30,30,40,30,40,20,50,40,20,30,40,30,30,30,20,30,10,30,20,30,10,20,40,30,40,70,40,30,40,40,170,210,210,110,140,50,50,10,10,10,10
"get your image",30,"stable -11%","-11%",24,"0.02","N/A",No,"Length: Body (3–4 words) · Seasonality: Evergreen",10,10,10,20,10,20,10,20,10,20,10,20,20,30,20,20,10,20,30,30,40,40,30,20,30,30,30,30,30,50,20,30,30,40,30,20,30,40,20,20,30,30,30,30,20,30,30,20
"photos using ai",70,"declining -57%","-57%",18,"0.42","$0.00",No,"Length: Body (3–4 words) · Seasonality: Evergreen",10,10,10,10,50,70,50,70,110,140,90,110,110,110,140,140,140,140,170,140,110,110,90,90,90,90,90,70,90,90,90,140,90,70,50,50,50,210,90,110,70,70,90,50,70,50,50,50
"into photos",6600,"growing 41%","+41%",62,"0.02","$0.01",No,"Length: Head (1–2 words) · Seasonality: Evergreen",2900,2900,2900,2900,2900,2900,2900,2900,2900,2900,2900,2900,2900,2900,2900,2900,2900,2900,2900,3600,3600,3600,3600,4400,4400,4400,5400,4400,4400,4400,3600,4400,4400,4400,4400,4400,5400,5400,5400,5400,5400,5400,4400,6600,6600,6600,8100,8100
"download to photo",22200,"stable 0%","0%",70,"0.03","$0.00",No,"Contains: to photo · Length: Body (3–4 words) · Seasonality: Evergreen",27100,27100,27100,27100,27100,27100,22200,27100,22200,22200,22200,27100,27100,27100,27100,22200,22200,27100,22200,27100,22200,27100,27100,27100,22200,22200,22200,22200,22200,22200,18100,22200,22200,22200,22200,22200,22200,22200,22200,22200,22200,22200,22200,22200,22200,22200,22200,22200
"tag your photo",50,"growing 156%","+156%",28,"0.02","N/A",No,"Contains: your photo · Length: Body (3–4 words) · Seasonality: Evergreen",40,40,40,50,40,40,50,50,50,50,40,30,30,30,50,30,30,40,20,40,40,30,40,40,30,20,40,30,20,20,30,40,40,30,30,30,30,30,30,40,50,40,90,70,50,70,70,90
"pictures add",9900,"growing 38%","+38%",65,"0.02","$0.00",No,"Length: Head (1–2 words) · Seasonality: Evergreen",5400,5400,5400,6600,5400,5400,5400,6600,5400,5400,5400,5400,6600,5400,6600,5400,5400,6600,6600,6600,5400,6600,5400,5400,5400,5400,6600,5400,5400,5400,5400,5400,5400,5400,5400,5400,5400,8100,8100,9900,9900,9900,8100,9900,8100,9900,9900,9900
"ai tools for photo",590,"declining -48%","-48%",18,"0.6","$0.01",No,"Length: Body (3–4 words) · Seasonality: Evergreen",90,90,320,320,590,1300,1600,1900,2400,2400,3600,3600,2900,2400,2400,1900,2400,1900,1600,1600,1300,1300,1000,1000,1000,1000,1000,880,880,1000,880,1000,720,590,590,590,390,720,1000,1600,590,480,390,390,390,390,390,320
"bulk image resizer free",590,"stable -13%","-13%",42,"0.09","$0.00",No,"Length: Body (3–4 words) · Seasonality: Evergreen",320,260,320,320,260,260,320,390,390,390,390,390,590,480,720,590,480,480,480,480,480,480,480,480,480,590,480,480,480,480,590,590,590,720,590,590,590,720,720,590,590,590,590,590,590,590,590,590
"add image on photo",40,"declining -36%","-36%",25,"0.07","N/A",No,"Length: Body (3–4 words) · Seasonality: Evergreen",40,40,50,30,40,50,30,40,30,30,40,30,50,50,40,40,40,50,40,70,50,50,40,40,40,50,50,40,30,50,40,30,40,50,50,40,70,30,40,50,50,40,30,30,30,30,30,30
"exif details",110,"stable 0%","0%",33,"0.02","$0.00",No,"Length: Head (1–2 words) · Seasonality: Evergreen",210,210,170,210,210,390,210,260,210,170,110,170,170,170,140,110,110,140,140,110,110,90,70,110,110,90,90,110,110,90,110,140,140,140,90,90,110,110,90,110,110,110,170,140,110,90,110,110
"google location photo",1600,"stable 15%","+15%",35,"0.35","$0.00",No,"Length: Body (3–4 words) · Seasonality: Evergreen",720,590,720,720,720,1000,1000,880,720,720,880,880,880,880,880,720,880,1000,880,1000,1000,1000,1000,1000,1300,1300,1000,1000,1000,1000,1000,1300,1300,1300,1300,1600,1300,1300,1300,1300,1600,1600,1300,1600,1300,1300,1600,1600
"image upload photo",90,"declining -27%","-27%",32,"0.01","N/A",No,"Length: Body (3–4 words) · Seasonality: Evergreen",70,50,70,90,70,70,70,70,70,110,90,50,40,50,50,70,70,70,70,70,70,50,70,90,70,110,70,90,140,170,90,110,90,110,110,260,140,90,140,70,70,90,70,70,70,90,70,110
"add image in photo",70,"declining -22%","-22%",28,"0.1","$0.00",No,"Length: Body (3–4 words) · Seasonality: Evergreen",70,50,70,40,50,40,30,40,50,50,70,50,70,50,50,50,70,90,90,70,170,110,90,70,90,70,90,70,70,70,70,70,70,50,110,50,90,70,70,70,90,70,50,70,50,40,70,70
"photo metadata location",880,"stable 0%","0%",49,"0.01","$0.00",No,"Length: Body (3–4 words) · Seasonality: Evergreen",1000,880,880,720,1600,1900,880,1000,1600,1000,1000,1600,1300,2400,1900,1000,1000,880,880,1300,1000,1000,1000,1000,1300,880,1000,720,880,1000,880,1300,1000,1000,880,1000,880,1000,880,880,880,880,880,1000,1000,1000,880,880
"photos on photo",30,"stable -10%","-10%",15,"0.38","N/A",No,"Length: Body (3–4 words) · Seasonality: Evergreen",10,30,40,30,50,50,30,40,30,30,30,40,30,20,20,20,20,40,30,20,30,20,20,20,20,30,40,30,70,30,30,30,40,40,30,30,30,40,30,20,30,40,20,30,20,30,30,30
"image using ai",260,"declining -66%","-66%",19,"0.52","$0.00",No,"Length: Body (3–4 words) · Seasonality: Evergreen",40,40,40,40,90,110,140,170,260,210,260,260,260,210,170,210,210,260,260,210,210,210,210,170,210,210,210,210,140,170,170,170,170,140,170,170,110,390,590,480,320,390,140,140,170,140,90,140
"a photo in a photo",20,"growing 29%","+29%",22,"0","N/A",No,"Length: Long tail (5+ words) · Seasonality: Evergreen",10,20,20,20,10,20,10,20,10,40,10,10,20,10,10,20,10,10,20,10,20,10,10,10,20,10,20,20,10,10,20,20,10,10,10,10,20,30,20,20,20,20,30,10,10,30,30,30
"image to ai free",480,"declining -29%","-29%",30,"0.33","$0.00",No,"Length: Body (3–4 words) · Seasonality: Evergreen",10,10,10,10,50,50,70,90,110,170,170,170,170,210,210,210,210,210,260,260,210,210,210,210,320,260,320,320,390,480,480,720,590,480,590,590,590,590,590,590,480,480,480,590,480,480,390,390
"photos all photos",70,"stable 0%","0%",30,"0.02","N/A",No,"Length: Body (3–4 words) · Seasonality: Evergreen",260,260,210,170,140,140,140,140,140,140,110,110,110,110,110,110,110,110,70,90,110,110,90,70,90,90,70,70,70,50,50,50,70,70,50,70,70,70,70,70,50,90,70,90,70,90,70,50
"image resize bulk",18100,"stable -18%","-18%",70,"0.02","$0.01",No,"Length: Body (3–4 words) · Seasonality: Evergreen",14800,18100,18100,18100,18100,18100,18100,18100,18100,18100,18100,18100,22200,22200,22200,22200,18100,22200,22200,22200,22200,22200,22200,22200,22200,27100,27100,22200,22200,22200,22200,22200,22200,27100,22200,22200,22200,22200,22200,22200,18100,18100,18100,18100,18100,18100,18100,18100
"add on image",170,"stable -7%","-7%",36,"0.02","$0.00",No,"Length: Body (3–4 words) · Seasonality: Evergreen",90,70,110,70,90,90,90,140,110,90,140,110,110,110,90,90,140,110,140,140,110,140,110,110,110,140,170,140,110,140,170,140,140,170,170,170,170,210,170,170,210,170,170,170,170,170,170,170
"upload image to ai",480,"declining -58%","-58%",27,"0.39","$0.01",No,"Length: Body (3–4 words) · Seasonality: Peaks in December",40,50,70,70,170,170,170,260,320,320,390,320,260,260,480,480,480,480,480,480,480,480,390,390,390,480,480,480,590,480,480,590,480,590,480,390,320,590,720,720,1300,590,320,320,260,210,210,260
"gps coordinates in photos",320,"growing 22%","+22%",37,"0.12","$0.00",No,"Length: Body (3–4 words) · Seasonality: Evergreen",260,210,260,210,260,260,210,260,210,260,210,260,320,260,260,260,210,260,260,210,210,210,260,260,260,260,260,210,210,210,210,210,210,260,260,260,260,320,320,260,320,320,260,390,390,390,320,390
"photo add image",1000,"stable 9%","+9%",46,"0.08","$0.00",No,"Length: Body (3–4 words) · Seasonality: Evergreen",590,480,590,480,720,720,590,720,590,720,590,720,720,720,590,590,720,720,590,590,590,590,590,720,720,590,720,590,720,720,720,720,720,720,720,720,880,880,1000,1000,1000,1000,880,1000,1000,1000,1000,1000
"multiple photos into one",480,"declining -24%","-24%",31,"0.3","$0.00",No,"Contains: multiple photos · Contains: photos into one · Contains: multiple photos into · Length: Body (3–4 words) · Seasonality: Evergreen",1600,1600,1600,1300,1600,1600,1300,1600,1600,1600,1300,1300,1300,1300,1300,1000,1300,1600,1000,1000,1000,880,1000,1000,1000,880,880,1000,880,880,880,720,720,590,590,590,590,590,590,590,590,480,480,480,390,480,480,390
"geotag photos pro",720,"growing 200%","+200%",47,"0.01","$0.00",No,"Length: Body (3–4 words) · Seasonality: Peaks in July",170,170,140,140,140,170,210,210,210,260,210,260,210,260,260,170,140,210,210,260,260,260,210,260,170,210,260,260,170,390,320,390,390,480,480,480,390,390,480,390,480,720,390,480,720,880,1300,1600
"free exif viewer",140,"stable -10%","-10%",35,"0.02","$0.00",No,"Length: Body (3–4 words) · Seasonality: Evergreen",260,260,210,170,170,170,170,260,320,320,210,260,260,260,260,390,260,260,210,210,210,260,210,170,210,210,210,170,170,170,170,210,210,210,260,170,170,170,140,140,110,110,110,90,110,110,110,210
"a photo photo",40,"stable 10%","+10%",26,"0.02","N/A",No,"Length: Body (3–4 words) · Seasonality: Evergreen",20,20,20,20,20,30,20,20,30,30,30,20,20,30,20,20,30,20,30,20,30,20,30,30,30,50,30,30,50,30,40,20,30,40,30,40,40,30,30,40,40,40,30,40,30,30,40,40
"details from photo",20,"declining -38%","-38%",21,"0.06","N/A",No,"Contains: from photo · Length: Body (3–4 words) · Seasonality: Evergreen",50,30,50,20,40,50,30,50,40,50,50,70,50,40,70,40,70,50,40,40,40,70,50,50,50,40,30,30,40,40,20,30,20,20,20,20,20,20,40,20,20,20,10,10,20,20,10,20
"add a photo over a photo",20,"declining -50%","-50%",14,"0.38","$0.01",No,"Length: Long tail (5+ words) · Seasonality: Evergreen",20,20,30,20,20,20,20,20,20,30,50,40,30,30,30,40,30,20,20,20,30,30,20,30,40,20,50,40,30,20,20,20,20,20,20,30,20,20,20,40,20,20,30,20,10,10,10,10
"find location metadata photo",30,"declining -44%","-44%",25,"0","N/A",No,"Length: Body (3–4 words) · Seasonality: Evergreen",30,30,20,30,30,40,30,30,30,40,30,30,20,50,30,10,30,30,50,40,20,30,20,40,30,30,30,30,20,30,20,30,20,20,20,30,30,30,30,40,30,30,30,30,20,20,10,20
"add multiple photos to one photo",70,"declining -70%","-70%",23,"0.24","$0.01",No,"Contains: multiple photos · Contains: add multiple photos · Length: Long tail (5+ words) · Seasonality: Evergreen",70,90,90,70,90,110,110,70,70,70,90,170,210,140,140,140,90,70,90,140,170,140,140,110,140,110,140,110,110,170,110,70,90,70,70,70,70,90,70,110,110,90,70,70,70,20,20,30
"photo freeware",3600,"declining -29%","-29%",53,"0.11","$0.00",No,"Length: Head (1–2 words) · Seasonality: Evergreen",5400,5400,6600,6600,5400,6600,6600,6600,5400,6600,5400,5400,4400,5400,5400,5400,5400,5400,5400,5400,4400,5400,4400,4400,4400,4400,4400,5400,4400,5400,4400,5400,4400,4400,4400,4400,4400,4400,4400,4400,3600,3600,3600,4400,3600,3600,2900,2900
"photo upload tool",10,"declining -25%","-25%",14,"0.19","N/A",No,"Length: Body (3–4 words) · Seasonality: Peaks in March",10,20,20,10,10,10,10,20,10,10,20,10,10,10,10,10,20,10,20,20,10,10,10,10,10,10,10,10,10,50,20,30,10,10,10,10,10,20,10,10,10,10,10,20,10,10,10,10
"your photo on",40,"stable 18%","+18%",24,"0.11","N/A",No,"Contains: your photo · Length: Body (3–4 words) · Seasonality: Evergreen",70,40,50,50,50,70,30,40,40,50,50,40,40,50,40,40,40,50,40,40,20,30,40,30,40,50,40,40,40,40,30,40,20,40,30,30,30,40,40,50,50,50,30,30,40,40,40,50
"upload photos to ai",590,"stable -19%","-19%",26,"0.44","$0.01",No,"Contains: upload photos to · Length: Body (3–4 words) · Seasonality: Evergreen",10,20,40,70,170,110,90,170,260,260,260,320,260,170,260,320,390,390,320,390,390,390,320,320,320,390,390,390,480,480,390,390,480,590,480,480,320,720,880,880,1000,720,480,590,480,480,590,480
"download photos to google photos",4400,"stable 0%","0%",61,"0","$0.00",No,"Contains: google photos · Contains: to google photos · Length: Long tail (5+ words) · Seasonality: Evergreen",2900,2900,2900,2900,2900,2400,2400,2900,2400,2900,2900,2900,2900,3600,3600,3600,3600,3600,2900,3600,3600,3600,3600,3600,4400,4400,4400,3600,3600,4400,3600,4400,3600,3600,3600,4400,4400,4400,4400,3600,3600,4400,3600,4400,3600,4400,4400,4400
"organize your photos",20,"declining -57%","-57%",12,"0.47","N/A",No,"Length: Body (3–4 words) · Seasonality: Evergreen",70,40,30,50,40,50,50,30,40,50,40,40,30,40,50,40,30,40,30,30,40,40,30,30,20,40,30,30,30,40,20,30,20,30,40,30,30,10,30,20,20,20,20,10,20,10,10,10
"photos to photo",30,"stable 17%","+17%",24,"0.02","N/A",No,"Contains: to photo · Length: Body (3–4 words) · Seasonality: Evergreen",20,10,20,30,10,30,30,30,10,10,20,10,20,20,10,10,10,20,10,20,10,20,20,30,30,20,20,10,40,50,30,50,40,40,30,20,10,30,20,20,40,30,40,30,20,30,20,20
"find photo details",140,"stable -8%","-8%",35,"0.03","N/A",No,"Length: Body (3–4 words) · Seasonality: Evergreen",170,170,170,170,140,170,210,260,320,390,390,480,390,390,390,390,390,390,390,390,320,390,260,320,260,320,320,260,320,260,260,260,210,210,210,110,140,140,110,110,170,140,140,170,110,140,110,110
"photo ins",4400,"stable -7%","-7%",59,"0.03","$0.01",No,"Length: Head (1–2 words) · Seasonality: Evergreen",1900,1600,2400,1900,1900,1900,1900,1900,1900,1900,1900,1900,2400,2400,3600,2900,4400,3600,3600,3600,3600,3600,3600,3600,3600,3600,3600,2900,2900,2900,2900,3600,3600,2900,3600,3600,4400,5400,4400,3600,4400,4400,4400,4400,4400,4400,4400,4400
"give me your photo",480,"stable 7%","+7%",45,"0","N/A",No,"Contains: your photo · Length: Body (3–4 words) · Seasonality: Evergreen",390,480,390,390,320,390,320,390,320,390,320,390,320,390,390,390,320,390,320,390,390,390,480,390,390,320,320,320,390,390,320,390,390,390,480,480,480,480,390,390,390,480,390,480,390,480,480,480
"google map photo location",260,"growing 24%","+24%",27,"0.33","$0.00",No,"Length: Body (3–4 words) · Seasonality: Peaks in July",70,70,70,40,50,110,110,140,140,140,170,210,170,210,210,70,70,70,110,110,140,140,140,140,140,140,110,90,110,110,140,170,140,170,210,260,260,260,260,260,260,170,110,170,210,260,320,390
"add photo on image",1000,"stable 9%","+9%",46,"0.08","$0.00",No,"Contains: add photo · Length: Body (3–4 words) · Seasonality: Evergreen",590,480,590,480,720,720,590,720,590,720,590,720,720,720,590,590,720,720,590,590,590,590,590,720,720,590,720,590,720,720,720,720,720,720,720,720,880,880,1000,1000,1000,1000,880,1000,1000,1000,1000,1000
"use my photo",480,"growing 385%","+385%",45,"0","N/A",No,"Length: Body (3–4 words) · Seasonality: Peaks in July",20,20,20,10,20,30,10,20,20,30,20,20,10,20,20,10,40,10,20,30,20,30,30,20,30,20,10,10,20,20,10,20,40,20,20,10,10,320,390,170,260,210,210,390,480,590,1000,1900
"per photo",260,"stable -7%","-7%",39,"0.03","N/A",No,"Length: Head (1–2 words) · Seasonality: Evergreen",880,880,720,720,590,590,590,590,480,590,590,480,480,480,480,480,590,480,480,390,480,390,480,390,320,260,260,320,260,320,260,320,260,260,260,260,260,260,320,260,260,260,210,210,210,260,260,260
"image exif data",1900,"stable 0%","0%",54,"0.01","$0.00",No,"Contains: exif data · Length: Body (3–4 words) · Seasonality: Evergreen",1900,1600,1600,1600,1600,1900,1900,1900,1900,1600,1600,1900,1600,2400,1900,1900,1900,1900,2400,1900,1900,1900,1900,1900,1900,1900,2400,1900,1900,2400,1900,1900,1900,1900,1900,1900,1900,1900,1900,1900,1900,1900,1900,2400,1900,1900,1900,1900
"photo ka image",90,"declining -21%","-21%",33,"0","N/A",No,"Length: Body (3–4 words) · Seasonality: Peaks in August",170,90,90,70,70,70,50,50,70,40,70,70,90,90,50,70,50,40,70,50,70,70,50,110,140,70,90,70,50,70,70,70,70,70,70,50,70,110,110,50,90,70,70,90,40,70,70,90
"free photo resize tool",110,"stable -6%","-6%",15,"0.55","$0.00",No,"Length: Body (3–4 words) · Seasonality: Evergreen",90,70,110,90,50,90,70,90,70,70,90,90,70,70,90,110,70,90,110,110,110,90,70,70,50,90,90,110,90,90,90,70,70,90,70,90,110,110,110,90,110,90,90,140,90,110,110,90
"my photo in",110,"stable -11%","-11%",34,"0","N/A",No,"Length: Body (3–4 words) · Seasonality: Evergreen",50,30,70,40,40,40,50,30,50,50,50,50,50,50,40,50,30,40,70,50,50,70,30,40,40,50,40,50,40,50,40,170,110,50,50,50,70,260,110,70,90,70,70,70,70,210,110,70
"google maps 360 photos",70,"declining -39%","-39%",31,"0","N/A",No,"Length: Body (3–4 words) · Seasonality: Evergreen",140,110,90,110,110,110,140,170,170,170,170,140,140,170,110,110,110,140,110,170,170,170,170,170,170,140,90,90,90,110,110,110,110,170,140,110,70,90,70,70,90,110,70,90,90,50,40,50
"search location of photo",20,"declining -40%","-40%",22,"0","N/A",No,"Length: Body (3–4 words) · Seasonality: Evergreen",20,20,20,10,10,20,20,20,20,10,20,10,20,20,20,20,20,20,20,30,20,10,40,20,30,20,30,20,20,30,20,10,20,10,10,10,20,10,20,20,20,20,20,20,10,10,10,10
"google photo tools",170,"declining -24%","-24%",36,"0.04","$0.01",No,"Length: Body (3–4 words) · Seasonality: Peaks in October",170,140,260,210,210,170,210,260,210,320,260,260,320,260,390,320,260,210,210,210,210,260,210,210,210,210,590,260,260,210,170,140,170,140,170,170,170,210,170,170,140,140,140,140,140,140,140,140
"images with exif data",140,"declining -27%","-27%",36,"0","N/A",No,"Contains: exif data · Length: Body (3–4 words) · Seasonality: Evergreen",170,210,210,170,170,140,210,210,210,210,170,170,170,170,210,210,210,170,210,210,210,170,210,170,140,140,170,210,170,170,140,210,170,140,170,170,140,170,140,140,140,140,140,110,90,110,110,110
"location google photos",10,"declining -25%","-25%",17,"0","N/A",No,"Contains: google photos · Length: Body (3–4 words) · Seasonality: Evergreen",10,10,10,20,20,20,10,20,10,20,20,30,20,30,20,20,20,20,30,10,10,10,30,30,20,20,10,10,20,20,20,10,10,20,20,10,10,20,10,20,10,10,10,10,20,10,10,10
"add tag to photo",40,"declining -43%","-43%",27,"0.01","N/A",No,"Contains: to photo · Length: Body (3–4 words) · Seasonality: Evergreen",140,70,90,70,90,90,70,90,70,70,90,70,90,70,90,70,90,110,70,70,90,70,50,70,50,70,40,50,40,70,50,50,50,40,50,40,40,50,50,50,50,40,40,40,30,30,30,20
"organize photo",1300,"declining -33%","-33%",28,"0.47","$0.00",No,"Length: Head (1–2 words) · Seasonality: Evergreen",1600,1900,1600,1600,1900,2400,1900,1600,1600,1600,1600,1600,1900,1600,1900,1900,1900,2400,1900,1900,1600,1900,1600,1600,1600,1600,1600,1600,1900,2400,1600,1600,1300,1600,1300,1300,1600,1600,1300,1300,1300,1900,1300,1300,1000,1000,1000,1000
"images using ai",260,"declining -66%","-66%",19,"0.52","$0.00",No,"Length: Body (3–4 words) · Seasonality: Evergreen",40,40,40,40,90,110,140,170,260,210,260,260,260,210,170,210,210,260,260,210,210,210,210,170,210,210,210,210,140,170,170,170,170,140,170,170,110,390,590,480,320,390,140,140,170,140,90,140
"image all image",10,"stable 0%","0%",17,"0","N/A",No,"Length: Body (3–4 words) · Seasonality: Evergreen",30,20,50,20,40,20,10,20,20,40,20,20,10,10,10,20,10,10,10,10,10,10,20,10,30,10,10,10,10,20,20,10,20,10,10,10,10,10,10,10,10,10,10,10,10,10,10,10
"add photography",720,"stable 14%","+14%",48,"0","N/A",No,"Length: Head (1–2 words) · Seasonality: Peaks in October",210,210,260,260,320,260,320,320,320,320,320,320,320,320,590,320,260,260,320,260,210,260,320,480,720,880,1600,1300,1000,880,1000,480,390,390,320,390,590,720,720,590,590,590,480,590,720,720,720,880
"free photos google",1300,"stable 15%","+15%",51,"0.01","$0.01",No,"Length: Body (3–4 words) · Seasonality: Evergreen",1600,1300,1300,1300,1600,1600,1300,1600,1600,1600,1600,1300,1300,1300,1000,1000,1300,1300,1000,1000,1300,1300,1000,1300,1000,1000,1000,1000,1000,1000,880,1000,1000,1000,1000,1000,1300,1300,1300,1300,1300,1300,1000,1000,1300,1600,1300,1600
"jpeg exif",590,"stable -1%","-1%",46,"0.01","$0.00",No,"Length: Head (1–2 words) · Seasonality: Evergreen",880,880,880,880,720,880,880,880,880,880,720,880,720,880,880,880,720,1300,880,720,880,720,720,720,880,720,720,720,590,590,590,590,590,590,480,480,480,590,720,590,720,720,590,720,480,590,590,590
"photo rename tool",50,"declining -58%","-58%",28,"0","N/A",No,"Length: Body (3–4 words) · Seasonality: Peaks in August",110,140,90,90,70,70,50,40,30,20,30,30,50,40,20,30,20,40,30,30,40,30,30,50,40,30,30,40,40,50,110,90,90,40,40,170,170,30,40,30,50,50,70,20,30,20,30,50
"photo search location",480,"declining -31%","-31%",44,"0.01","$0.00",No,"Length: Body (3–4 words) · Seasonality: Evergreen",210,210,210,170,170,170,210,210,320,260,260,390,320,320,260,210,260,320,320,390,480,480,480,590,590,480,590,480,590,590,590,880,720,720,590,590,720,720,390,390,480,480,390,590,390,390,390,480
"photos pic",22200,"growing 41%","+41%",62,"0.15","$0.01",No,"Length: Head (1–2 words) · Seasonality: Evergreen",33100,33100,27100,27100,27100,27100,27100,27100,27100,33100,33100,27100,33100,27100,33100,33100,33100,33100,33100,33100,33100,33100,33100,27100,22200,22200,27100,33100,27100,27100,18100,22200,22200,22200,18100,22200,22200,22200,22200,22200,22200,22200,18100,22200,22200,22200,22200,49500
"using google photos",170,"stable 0%","0%",36,"0.03","$0.00",No,"Contains: google photos · Length: Body (3–4 words) · Seasonality: Evergreen",260,320,260,260,320,320,260,320,320,320,260,260,260,210,210,210,210,210,210,260,210,210,210,170,170,170,140,140,170,140,140,170,170,260,210,210,170,210,210,170,170,170,110,170,140,170,210,210
"upload photos on google photos",3600,"growing 31%","+31%",59,"0.01","$0.01",No,"Contains: google photos · Length: Long tail (5+ words) · Seasonality: Evergreen",5400,5400,5400,5400,5400,6600,5400,5400,5400,5400,5400,5400,5400,5400,5400,4400,4400,5400,4400,4400,4400,4400,4400,4400,4400,3600,3600,3600,4400,4400,4400,4400,3600,3600,3600,3600,3600,3600,2900,2900,2900,3600,2900,3600,3600,4400,4400,4400
"multiple photo resizer free",10,"declining -50%","-50%",16,"0.07","N/A",No,"Contains: photo resizer free · Length: Body (3–4 words) · Seasonality: Evergreen",70,50,40,110,50,70,50,90,90,140,110,110,70,70,50,90,40,50,70,90,40,50,30,10,20,20,20,10,10,20,10,10,20,10,10,10,10,30,20,10,10,20,10,10,10,10,10,10
"photos in ai",720,"declining -53%","-53%",29,"0.4","$0.00",No,"Length: Body (3–4 words) · Seasonality: Evergreen",20,50,30,90,720,320,260,260,320,480,590,590,590,590,590,480,590,720,720,720,590,480,590,590,480,480,480,480,480,480,480,880,720,720,480,480,390,1000,1300,1000,880,1000,480,480,320,480,390,390
"image ka photo",170,"stable -5%","-5%",37,"0.01","N/A",No,"Length: Body (3–4 words) · Seasonality: Evergreen",170,110,110,140,140,110,140,110,70,90,110,110,90,70,70,70,90,110,90,90,110,90,70,90,140,170,110,170,140,140,140,170,140,140,170,170,170,170,210,170,140,170,170,210,140,170,140,210
"ai tool photo",480,"declining -20%","-20%",35,"0.22","$0.00",No,"Length: Body (3–4 words) · Seasonality: Evergreen",10,10,10,30,90,140,210,320,390,590,720,720,720,720,720,590,590,720,590,720,720,590,480,480,390,590,590,480,480,590,590,590,390,590,480,480,480,720,590,390,320,390,390,480,480,480,480,480
"image paste",22200,"stable 7%","+7%",72,"0","$0.01",No,"Length: Head (1–2 words) · Seasonality: Evergreen",14800,14800,18100,14800,14800,14800,14800,14800,14800,18100,18100,18100,18100,18100,18100,18100,18100,18100,18100,18100,18100,22200,22200,22200,18100,22200,22200,22200,18100,22200,22200,22200,22200,27100,22200,22200,18100,22200,22200,18100,18100,22200,18100,22200,22200,22200,22200,22200
"upload multiple photos",50,"stable -12%","-12%",23,"0.19","$0.01",No,"Contains: multiple photos · Length: Body (3–4 words) · Seasonality: Evergreen",50,70,50,90,70,70,50,50,70,70,50,50,50,70,70,50,50,70,50,50,70,70,40,50,70,40,70,40,90,50,50,90,90,70,90,70,50,70,50,40,40,30,40,40,50,50,50,50
"free image resize tool",260,"stable 0%","0%",26,"0.36","$0.00",No,"Contains: image resize tool · Length: Body (3–4 words) · Seasonality: Evergreen",140,140,170,170,140,140,170,210,210,260,210,260,210,210,210,260,260,320,260,260,260,210,170,140,170,140,170,210,170,320,210,260,210,260,320,320,260,320,320,260,260,260,260,260,260,260,320,320
"bulk photo downloader",140,"declining -24%","-24%",36,"0","N/A",No,"Length: Body (3–4 words) · Seasonality: Evergreen",140,140,170,210,140,170,110,170,170,170,170,170,210,170,170,170,210,320,260,260,260,260,210,260,210,210,210,210,210,210,170,140,170,170,140,170,170,170,170,140,140,170,140,140,140,140,140,110
"foto tools",390,"declining -41%","-41%",41,"0.06","$0.01",No,"Length: Head (1–2 words) · Seasonality: Peaks in October",320,390,1300,880,320,390,320,480,320,390,390,320,390,480,1900,880,390,480,480,480,390,390,320,320,320,480,1300,720,390,320,390,390,390,320,320,390,390,480,480,390,320,390,320,390,320,320,260,210
"photo resizer tool",3600,"stable 11%","+11%",55,"0.08","$0.00",No,"Length: Body (3–4 words) · Seasonality: Evergreen",2400,2400,2900,2400,2400,2900,2900,2900,2900,2900,2900,2900,2900,3600,3600,3600,2900,2900,2900,2900,2900,2900,2400,2900,2400,2400,2900,2900,2900,3600,3600,3600,2900,2900,3600,3600,3600,3600,2900,3600,3600,3600,3600,3600,2900,2900,2900,5400
"find a location from an image",40,"declining -25%","-25%",26,"0.02","N/A",No,"Length: Long tail (5+ words) · Seasonality: Evergreen",10,20,30,20,20,20,30,30,20,30,40,70,40,30,40,30,30,50,40,50,50,50,40,30,50,40,40,40,20,30,40,40,40,40,30,40,50,40,30,20,20,40,30,30,40,40,20,30
"multiple photos in single photo",10,"growing 25%","+25%",10,"0.45","N/A",No,"Contains: multiple photos · Contains: multiple photos in · Length: Long tail (5+ words) · Seasonality: Evergreen",10,10,10,0,10,10,10,10,10,20,10,10,10,10,10,10,10,10,10,10,10,10,10,10,10,10,10,10,20,20,20,10,10,10,10,10,10,10,20,10,10,10,20,10,10,20,20,10
"image exif viewer",390,"stable -12%","-12%",42,"0.02","$0.00",No,"Length: Body (3–4 words) · Seasonality: Evergreen",320,260,320,260,260,320,390,390,320,390,260,320,320,320,390,390,480,480,480,480,320,320,320,260,320,320,320,390,320,390,320,390,390,390,390,390,390,390,390,320,390,390,320,390,390,390,320,320
"group photo to single photo",30,"declining -75%","-75%",24,"0.04","N/A",No,"Contains: photo to · Length: Long tail (5+ words) · Seasonality: Evergreen",20,10,20,30,30,40,20,40,30,40,50,50,70,50,50,70,70,70,90,90,90,90,110,140,110,140,140,90,110,50,30,90,70,90,30,40,30,70,20,30,70,50,40,20,10,10,10,10
"search location using photo",10,"declining -40%","-40%",17,"0.03","N/A",No,"Length: Body (3–4 words) · Seasonality: Evergreen",20,10,10,20,10,10,10,20,20,20,20,10,20,20,10,20,10,10,30,20,20,30,20,30,30,10,20,20,10,30,20,20,20,20,20,20,20,10,20,10,30,10,20,10,10,10,10,10
"image add image",9900,"growing 38%","+38%",65,"0.02","$0.00",No,"Length: Body (3–4 words) · Seasonality: Evergreen",5400,5400,5400,6600,5400,5400,5400,6600,5400,5400,5400,5400,6600,5400,6600,5400,5400,6600,6600,6600,5400,6600,5400,5400,5400,5400,6600,5400,5400,5400,5400,5400,5400,5400,5400,5400,5400,8100,8100,9900,9900,9900,8100,9900,8100,9900,9900,9900
"find photo metadata",1600,"declining -32%","-32%",52,"0.02","$0.00",No,"Length: Body (3–4 words) · Seasonality: Evergreen",2400,1900,1900,1900,1900,2400,1900,2400,2400,2400,1900,2400,1900,2400,2400,1900,1900,2400,1900,2400,2400,2400,1900,1900,2400,1900,2400,1900,1900,1900,1900,1900,1900,1900,1900,2400,1900,1900,1900,1600,1600,1600,1600,1600,1600,1300,1300,1300
"photo and image",74000,"stable -13%","-13%",74,"0.09","$0.01",No,"Length: Body (3–4 words) · Seasonality: Evergreen",246000,201000,165000,135000,110000,165000,165000,201000,110000,110000,74000,74000,74000,74000,74000,74000,90500,90500,90500,90500,110000,135000,110000,90500,90500,90500,110000,90500,90500,90500,74000,90500,90500,90500,74000,90500,74000,90500,90500,90500,74000,90500,74000,74000,74000,74000,74000,74000
"search location from photo",480,"declining -31%","-31%",44,"0.01","$0.00",No,"Contains: from photo · Contains: location from photo · Length: Body (3–4 words) · Seasonality: Evergreen",210,210,210,170,170,170,210,210,320,260,260,390,320,320,260,210,260,320,320,390,480,480,480,590,590,480,590,480,590,590,590,880,720,720,590,590,720,720,390,390,480,480,390,590,390,390,390,480
"photo on image",20,"declining -58%","-58%",22,"0.01","N/A",No,"Length: Body (3–4 words) · Seasonality: Evergreen",20,10,20,10,20,30,20,20,30,30,10,10,30,10,40,20,30,20,20,30,20,20,10,20,20,20,20,20,20,30,10,30,20,10,50,70,50,30,40,20,30,20,10,20,20,20,20,10
"photo with image",20,"stable 14%","+14%",14,"0.35","N/A",No,"Length: Body (3–4 words) · Seasonality: Evergreen",30,40,30,20,30,20,30,20,20,20,30,30,20,30,10,30,20,30,20,20,30,30,20,30,40,20,30,20,20,30,30,40,20,20,20,20,30,20,20,20,30,10,20,20,20,30,30,20
"multiple images",2400,"declining -33%","-33%",56,"0.01","$0.01",No,"Length: Head (1–2 words) · Seasonality: Peaks in January",1900,1900,2400,3600,3600,4400,3600,2900,1900,1900,1900,1600,1900,1900,2400,3600,3600,5400,3600,2900,1900,2400,1900,1900,1900,2400,2900,3600,2900,3600,3600,2900,1900,1900,1900,1900,1900,2400,2900,2400,2400,2900,2400,1900,1600,1600,1600,1600
"photo photo photo download",10,"stable 0%","0%",17,"0","N/A",No,"Length: Body (3–4 words) · Seasonality: Evergreen",30,30,50,20,20,30,20,20,10,10,20,10,30,20,10,10,10,10,10,10,20,20,20,30,20,10,10,10,10,30,20,20,10,10,10,10,10,20,10,10,20,20,20,10,10,10,10,20
"to save photos",390,"growing 99%","+99%",42,"0.02","$0.01",No,"Length: Body (3–4 words) · Seasonality: Evergreen",170,110,110,110,260,140,140,170,170,170,170,210,170,170,170,170,210,260,210,210,170,260,210,210,260,260,260,260,260,260,260,320,260,320,320,320,320,320,260,320,390,390,390,480,480,480,590,720
"search location with photo",20,"stable -14%","-14%",21,"0.03","N/A",No,"Length: Body (3–4 words) · Seasonality: Evergreen",30,20,30,20,20,20,30,30,30,20,30,20,20,30,30,20,30,40,30,40,40,70,40,40,50,40,40,40,30,30,40,40,30,40,30,30,20,30,20,20,20,30,10,30,20,20,20,20
"batch add watermark to photos",20,"stable -14%","-14%",10,"0.54","$0.01",No,"Contains: add watermark to · Contains: watermark to photos · Length: Long tail (5+ words) · Seasonality: Evergreen",20,30,20,10,10,10,10,10,10,0,10,10,10,10,10,10,10,10,10,10,10,10,10,10,10,10,10,10,10,10,10,10,10,20,30,20,20,20,30,30,20,30,20,20,20,20,20,20
"search a location by photo",20,"declining -33%","-33%",22,"0","N/A",No,"Length: Long tail (5+ words) · Seasonality: Evergreen",30,20,20,20,20,30,30,40,30,30,40,30,30,40,30,30,40,40,40,30,50,50,50,40,50,40,40,20,30,40,20,30,40,50,40,40,30,20,10,10,20,10,20,30,20,10,20,10
"use photo to find location",20,"declining -44%","-44%",22,"0","N/A",No,"Contains: photo to · Length: Long tail (5+ words) · Seasonality: Evergreen",30,20,20,10,10,30,20,30,30,20,20,50,20,30,30,30,30,30,50,30,50,50,50,50,40,40,40,40,40,40,30,50,30,40,40,40,30,40,20,30,20,30,20,30,20,20,20,10
"image on photo",20,"growing 20%","+20%",22,"0.02","N/A",No,"Length: Body (3–4 words) · Seasonality: Evergreen",20,20,20,20,30,20,20,20,20,30,10,20,20,20,20,20,20,30,30,10,20,20,20,10,20,10,20,20,20,30,20,20,10,20,20,20,20,10,20,20,20,20,30,10,20,20,10,30
"google photos add photos",90,"stable 10%","+10%",33,"0","N/A",No,"Contains: google photos · Length: Body (3–4 words) · Seasonality: Evergreen",70,40,70,50,70,50,50,50,70,70,70,70,70,70,70,70,90,70,90,90,110,110,70,70,70,90,90,90,110,90,90,90,90,110,70,70,90,90,110,70,110,90,70,70,70,90,140,90
"image from photo",74000,"stable -13%","-13%",74,"0.09","$0.01",No,"Contains: from photo · Length: Body (3–4 words) · Seasonality: Evergreen",246000,201000,165000,135000,110000,165000,165000,201000,110000,110000,74000,74000,74000,74000,74000,74000,90500,90500,90500,90500,110000,135000,110000,90500,90500,90500,110000,90500,90500,90500,74000,90500,90500,90500,74000,90500,74000,90500,90500,90500,74000,90500,74000,74000,74000,74000,74000,74000
"add photo image",1000,"stable 9%","+9%",46,"0.08","$0.00",No,"Contains: add photo · Length: Body (3–4 words) · Seasonality: Evergreen",590,480,590,480,720,720,590,720,590,720,590,720,720,720,590,590,720,720,590,590,590,590,590,720,720,590,720,590,720,720,720,720,720,720,720,720,880,880,1000,1000,1000,1000,880,1000,1000,1000,1000,1000
"photo from ai",480,"stable -2%","-2%",36,"0.2","$0.00",No,"Length: Body (3–4 words) · Seasonality: Peaks in January",30,30,20,20,70,90,90,140,170,140,170,110,140,70,140,90,140,140,170,140,170,110,110,110,70,110,90,90,90,110,90,110,90,70,110,90,110,480,720,590,390,1600,320,320,260,480,480,320
"you photos",2400,"stable 16%","+16%",56,"0.01","$0.02",No,"Length: Head (1–2 words) · Seasonality: Evergreen",2400,2400,2900,2900,2900,2900,2400,2900,2900,2900,2400,2900,2400,2400,2400,1900,2400,2400,1900,2400,2400,2400,1900,1900,1900,1900,1900,1900,1900,1900,1600,1900,1900,1900,1900,1900,1900,1900,2400,1900,2900,2400,2400,2400,2900,2400,2400,2400
"image with photo",20,"stable -17%","-17%",17,"0.22","N/A",No,"Length: Body (3–4 words) · Seasonality: Peaks in August",50,30,50,40,30,10,10,10,30,10,20,20,50,20,20,30,30,30,30,20,30,20,30,30,30,30,40,40,40,30,20,20,30,20,20,20,20,20,20,10,10,20,10,20,10,10,20,20
"photo of ai",1300,"stable 17%","+17%",51,"0.02","$0.01",No,"Length: Body (3–4 words) · Seasonality: Evergreen",90,90,70,110,210,210,260,210,390,480,720,720,590,590,590,720,720,880,880,720,720,1000,1300,1000,880,880,1000,1000,880,1000,1000,1000,1000,1300,1600,1300,1000,1300,1300,1300,1300,1600,1600,1000,1300,1600,1600,1000
"add more photos",50,"growing 130%","+130%",28,"0.01","N/A",No,"Length: Body (3–4 words) · Seasonality: Evergreen",30,30,20,30,20,30,30,30,30,30,20,30,50,20,40,30,20,20,50,10,30,40,40,20,30,30,30,40,30,20,10,30,20,30,30,20,30,40,30,30,20,40,40,40,50,70,70,90
"free us photo tool",10,"declining -50%","-50%",14,"0.2","N/A",No,"Length: Body (3–4 words) · Seasonality: Peaks in October",10,10,50,50,10,10,20,20,10,10,10,10,10,10,40,20,10,30,10,10,10,10,10,10,10,10,40,20,10,10,10,10,10,10,10,10,10,30,20,10,10,10,10,10,10,10,10,10
"image in photo",74000,"stable -13%","-13%",74,"0.09","$0.01",No,"Length: Body (3–4 words) · Seasonality: Evergreen",246000,201000,165000,135000,110000,165000,165000,201000,110000,110000,74000,74000,74000,74000,74000,74000,90500,90500,90500,90500,110000,135000,110000,90500,90500,90500,110000,90500,90500,90500,74000,90500,90500,90500,74000,90500,74000,90500,90500,90500,74000,90500,74000,74000,74000,74000,74000,74000
"add 2 images",110,"declining -21%","-21%",33,"0.02","N/A",No,"Length: Body (3–4 words) · Seasonality: Evergreen",170,170,140,170,170,170,170,170,140,170,210,140,210,170,170,110,140,170,140,140,90,90,110,110,110,110,110,70,110,110,140,140,140,140,170,140,110,170,110,90,140,140,90,140,70,110,90,110
"free fix photo",880,"stable 5%","+5%",19,"0.61","$0.01",No,"Length: Body (3–4 words) · Seasonality: Evergreen",320,390,390,390,480,390,320,390,480,590,590,480,590,480,590,480,590,480,590,590,720,720,720,590,590,590,590,590,720,590,590,720,720,880,880,880,880,880,880,880,1000,880,720,880,880,1000,880,880
"us photo tool free",20,"declining -25%","-25%",19,"0.13","N/A",No,"Length: Body (3–4 words) · Seasonality: Peaks in October",10,10,50,40,20,20,10,20,10,30,40,30,30,30,90,110,30,70,50,50,50,40,40,30,70,30,140,90,30,30,30,40,40,30,30,20,20,20,40,30,20,20,20,20,20,30,20,10
"photo with google",30,"stable 10%","+10%",25,"0.01","N/A",No,"Length: Body (3–4 words) · Seasonality: Evergreen",30,20,20,20,30,40,20,40,30,20,20,20,30,20,30,20,20,20,20,30,40,20,30,30,10,30,30,30,30,40,20,40,40,30,20,30,30,40,30,40,30,30,20,30,30,30,50,30
"find exif",40,"declining -21%","-21%",27,"0.01","N/A",No,"Length: Head (1–2 words) · Seasonality: Evergreen",70,70,70,70,50,90,90,70,70,70,70,70,70,70,50,70,70,70,90,70,110,70,50,90,70,70,70,50,70,70,50,70,70,70,50,50,50,40,50,50,30,50,30,40,40,40,40,30
"photo information location",10,"stable 0%","0%",17,"0","N/A",No,"Length: Body (3–4 words) · Seasonality: Peaks in April",20,30,30,30,20,10,10,10,20,10,10,20,20,10,20,20,20,30,40,30,70,40,40,20,10,10,10,10,20,20,10,10,20,10,10,10,10,10,10,10,10,10,10,10,10,10,10,10
"photo on google",20400000,"stable 0%","0%",100,"0","$0.00",No,"Length: Body (3–4 words) · Seasonality: Evergreen",7480000,7480000,7480000,9140000,7480000,9140000,7480000,9140000,11100000,9140000,9140000,9140000,9140000,9140000,9140000,7480000,7480000,9140000,7480000,9140000,9140000,9140000,9140000,9140000,9140000,9140000,9140000,9140000,9140000,11100000,9140000,9140000,9140000,9140000,20400000,20400000,20400000,16600000,16600000,20400000,16600000,20400000,16600000,20400000,20400000,20400000,16600000,16600000
"photo to ai photo",320,"declining -60%","-60%",26,"0.37","$0.00",No,"Contains: photo to · Contains: photo to ai · Length: Body (3–4 words) · Seasonality: Evergreen",10,10,10,20,90,70,90,110,170,260,320,260,260,320,320,320,320,390,320,320,320,260,260,260,260,320,320,320,320,320,260,590,480,260,260,320,260,480,480,390,390,320,320,260,170,170,210,110
"image resize tool free",70,"growing 32%","+32%",21,"0.31","$0.00",No,"Contains: image resize tool · Length: Body (3–4 words) · Seasonality: Evergreen",50,30,30,20,20,30,30,30,40,30,30,40,40,20,50,40,30,90,50,40,20,20,40,30,40,20,40,20,30,40,30,40,40,40,50,30,50,50,90,70,70,70,50,70,70,70,90,90
"add location tag to photos",40,"declining -20%","-20%",21,"0.21","$0.00",No,"Length: Long tail (5+ words) · Seasonality: Evergreen",110,50,140,50,30,50,40,70,50,70,40,30,40,90,40,50,50,50,40,50,50,50,40,40,50,50,30,40,40,40,50,50,40,40,70,50,50,50,50,40,50,50,40,40,50,40,40,40
"one photo in multiple photos",70,"growing 120%","+120%",29,"0.07","N/A",No,"Contains: multiple photos · Length: Long tail (5+ words) · Seasonality: Evergreen",90,50,50,70,70,50,50,50,50,50,90,70,40,30,70,110,110,50,20,30,50,40,50,70,40,50,50,50,30,30,40,50,50,30,50,50,50,50,50,50,90,110,70,70,70,110,110,110
"2 photography",210,"stable 14%","+14%",39,"0","N/A",No,"Length: Head (1–2 words) · Seasonality: Evergreen",320,260,320,260,320,390,260,320,320,320,260,260,320,390,320,320,320,210,260,260,260,210,260,260,260,210,210,210,210,210,140,170,210,210,210,210,170,260,210,210,210,210,170,210,210,210,260,260
"google photo location search",260,"stable 8%","+8%",39,"0.04","N/A",No,"Length: Body (3–4 words) · Seasonality: Peaks in April",110,90,70,90,90,50,50,90,90,110,110,90,70,70,70,40,50,50,40,70,70,70,50,70,110,90,90,50,50,70,70,140,210,170,170,140,140,110,110,210,390,390,320,390,390,210,110,70
"upload photo to find location",30,"declining -29%","-29%",25,"0","N/A",No,"Contains: photo to · Length: Long tail (5+ words) · Seasonality: Evergreen",30,40,40,20,20,40,30,50,50,70,70,70,70,40,40,40,40,50,50,50,40,50,70,70,70,40,50,50,70,40,40,40,40,40,40,50,50,70,20,20,20,20,50,30,20,40,30,30
"image add on image",170,"growing 329%","+329%",36,"0.04","$0.00",No,"Length: Body (3–4 words) · Seasonality: Peaks in April",20,30,30,20,20,30,20,30,30,50,40,30,40,40,30,20,30,20,50,30,30,50,40,50,50,50,50,50,70,70,50,90,90,90,90,70,70,50,50,90,140,140,170,210,320,260,260,210
"a single photo",70,"growing 200%","+200%",31,"0","N/A",No,"Length: Body (3–4 words) · Seasonality: Peaks in April",20,30,50,30,40,40,40,20,40,40,20,20,30,20,40,30,20,20,40,30,50,40,20,30,20,30,20,40,40,30,20,30,30,30,40,70,30,30,30,50,30,40,30,40,210,50,110,110
"new add photo",70,"stable 0%","0%",30,"0.02","N/A",No,"Contains: add photo · Length: Body (3–4 words) · Seasonality: Evergreen",70,70,90,50,40,50,70,70,50,90,90,70,90,70,90,110,70,70,70,90,50,70,50,90,70,50,70,70,70,70,40,50,40,50,50,50,50,90,90,70,70,50,70,70,50,90,70,70
"photos all",1300,"stable 0%","0%",50,"0.04","$0.01",No,"Length: Head (1–2 words) · Seasonality: Evergreen",3600,2900,2900,2400,2400,2400,2400,2400,2400,2400,2400,2400,2400,1900,2400,1900,2400,2400,1900,1900,1900,1900,1900,1600,1600,1300,1600,1300,1300,1300,1000,1300,1300,1300,1300,1300,1300,1300,1300,1300,1000,1300,1300,1300,1000,1300,1300,1300
"fix it photo",20,"stable -17%","-17%",15,"0.34","$0.02",No,"Length: Body (3–4 words) · Seasonality: Peaks in December",20,20,20,30,30,40,30,20,20,30,30,40,50,40,20,30,70,40,50,30,30,20,30,90,40,50,40,30,50,20,10,20,20,10,20,20,20,20,20,30,40,20,20,20,20,20,20,10
"one photo to multiple photos",390,"declining -63%","-63%",41,"0.05","$0.00",No,"Contains: photo to · Contains: multiple photos · Length: Long tail (5+ words) · Seasonality: Evergreen",90,70,90,110,170,170,140,210,210,140,170,210,260,260,170,90,110,210,260,320,320,320,140,140,320,480,590,480,320,260,210,260,170,140,320,480,720,590,590,590,320,260,260,170,140,210,170,320
"photo tool download",20,"declining -43%","-43%",21,"0.03","N/A",No,"Length: Body (3–4 words) · Seasonality: Peaks in October",30,40,170,70,40,40,40,40,40,50,50,40,50,70,210,70,70,70,50,30,30,30,40,30,30,30,90,40,20,20,40,30,40,20,40,40,20,30,20,30,20,10,10,20,20,10,20,10
"your google photos",260,"growing 37%","+37%",40,"0","N/A",No,"Contains: google photos · Length: Body (3–4 words) · Seasonality: Evergreen",170,210,170,140,170,140,170,170,170,140,170,140,110,170,170,170,140,140,110,170,110,140,110,140,140,90,140,110,140,140,140,170,140,140,140,140,170,320,210,210,210,210,210,260,260,320,320,320
"exif data from image",70,"declining -21%","-21%",30,"0.02","N/A",No,"Contains: exif data · Length: Body (3–4 words) · Seasonality: Evergreen",50,70,40,50,40,70,50,70,70,40,50,50,50,70,50,50,50,70,70,50,70,70,40,50,50,70,50,70,70,70,50,50,50,70,70,90,70,50,70,70,90,70,90,50,50,50,50,50
"batch process images",170,"declining -39%","-39%",35,"0.07","$0.01",No,"Length: Body (3–4 words) · Seasonality: Evergreen",320,320,320,320,260,260,320,320,260,260,210,260,320,320,320,320,320,320,320,320,320,320,260,260,210,210,260,260,210,260,260,320,260,260,260,210,210,170,210,210,140,210,210,260,170,110,110,140
"bulk image resizer tool",20,"declining -50%","-50%",21,"0.05","N/A",No,"Length: Body (3–4 words) · Seasonality: Peaks in November",10,40,20,20,20,30,20,30,30,50,50,20,20,30,30,20,10,30,10,10,50,20,30,30,20,10,20,30,20,10,10,10,20,50,10,20,20,20,20,90,20,20,10,30,30,10,10,10
"add location data to photos",30,"declining -33%","-33%",22,"0.13","N/A",No,"Length: Long tail (5+ words) · Seasonality: Evergreen",20,20,20,20,30,30,20,40,40,40,30,30,40,50,30,20,20,30,20,30,30,30,30,30,30,30,10,20,20,30,20,30,20,30,30,40,40,40,40,30,40,30,40,20,30,30,30,20
"photo utility",140,"growing 31%","+31%",35,"0.03","$0.01",No,"Length: Head (1–2 words) · Seasonality: Evergreen",110,170,90,110,90,110,70,110,70,70,90,90,90,110,90,70,70,90,110,70,110,90,90,90,70,110,170,210,210,140,110,320,170,170,110,140,110,170,170,110,140,140,110,140,110,110,90,390
"your images",2900,"growing 71%","+71%",58,"0","N/A",No,"Length: Head (1–2 words) · Seasonality: Evergreen",1300,1600,1300,1300,1300,1300,1300,1600,1600,1900,1600,1900,1900,1900,1900,1600,1600,1900,1600,1600,1600,1600,1600,1600,1900,1600,1600,1300,1300,1600,1300,1900,1600,1900,1900,1900,2400,2900,2400,1900,2400,2400,2900,3600,3600,4400,4400,4400
"apply image",1300,"stable 0%","0%",51,"0.01","$0.12",No,"Length: Head (1–2 words) · Seasonality: Evergreen",1600,1000,1000,1000,1000,1000,1000,1300,1000,1300,1000,1300,1600,1300,1300,1000,1000,1300,1300,1300,1000,1000,1000,1300,1600,1000,1300,1000,1000,1000,1000,1300,1000,1000,1000,1300,1600,1300,1300,1000,1000,1300,1300,1300,1300,1300,1300,1600
"exif information",2400,"growing 35%","+35%",56,"0.01","$0.00",No,"Length: Head (1–2 words) · Seasonality: Peaks in April",1300,1300,1300,1300,1600,1900,1600,1900,1900,1600,1600,1300,1300,1600,1600,1600,1600,1600,1900,1600,1600,1600,1300,2400,1600,1600,1600,1300,1600,1600,1900,1900,4400,3600,2400,2900,2400,1900,1900,2400,1900,1900,1600,2400,4400,3600,2400,2400
"add photos to photo",170,"declining -35%","-35%",32,"0.14","$0.01",No,"Contains: to photo · Length: Body (3–4 words) · Seasonality: Evergreen",40,30,50,50,50,70,50,90,50,70,70,50,70,70,40,70,110,90,90,70,110,110,110,70,90,70,90,90,90,110,110,110,90,110,140,110,170,170,170,170,210,260,170,110,70,110,110,110
"photo in one",110,"stable 6%","+6%",33,"0.04","N/A",No,"Length: Body (3–4 words) · Seasonality: Evergreen",110,70,70,90,110,70,70,90,90,50,90,90,110,70,70,70,70,90,70,70,50,90,70,70,50,70,70,70,50,70,70,70,90,50,70,70,110,140,90,110,110,110,90,90,110,140,110,110
"location metadata",480,"declining -27%","-27%",45,"0","N/A",No,"Length: Head (1–2 words) · Seasonality: Peaks in August",390,260,260,210,260,320,210,260,260,260,260,320,260,2900,260,320,210,210,320,320,1300,720,320,320,2900,320,320,260,260,1000,260,260,320,320,260,320,320,320,590,2400,390,320,320,320,320,320,260,320
"google photos download photos",2900,"growing 96%","+96%",58,"0","$0.01",No,"Contains: google photos · Length: Body (3–4 words) · Seasonality: Evergreen",3600,2900,2900,2900,2900,3600,2900,2900,2900,2900,2900,3600,2900,2900,2900,2900,3600,3600,2900,2900,2900,2900,2900,3600,3600,3600,2900,2900,2900,2900,2400,2400,1900,2400,2400,1900,1900,2400,2400,1900,2400,2900,2900,4400,1900,2900,6600,3600
"add multiple photos in one photo",70,"declining -70%","-70%",23,"0.24","$0.01",No,"Contains: multiple photos · Contains: in one photo · Contains: add multiple photos · Contains: multiple photos in · Contains: photos in one · Length: Long tail (5+ words) · Seasonality: Evergreen",70,90,90,70,90,110,110,70,70,70,90,170,210,140,140,140,90,70,90,140,170,140,140,110,140,110,140,110,110,170,110,70,90,70,70,70,70,90,70,110,110,90,70,70,70,20,20,30
"free batch converter",20,"growing 100%","+100%",21,"0.04","N/A",No,"Length: Body (3–4 words) · Seasonality: Evergreen",10,10,10,10,10,20,10,20,10,10,10,10,20,20,20,20,10,30,30,20,10,20,10,10,10,10,10,10,10,10,10,10,10,10,10,10,10,10,10,10,10,20,20,20,10,10,20,30
"google map location photo",140,"stable 15%","+15%",27,"0.26","$0.00",No,"Length: Body (3–4 words) · Seasonality: Evergreen",40,50,70,50,50,50,50,50,50,50,70,70,70,90,90,70,70,70,90,90,90,70,90,110,110,90,110,110,90,110,110,140,110,140,140,140,110,140,140,170,110,170,140,140,170,140,140,170
"upload and image",110000,"stable -18%","-18%",82,"0.02","$0.00",No,"Length: Body (3–4 words) · Seasonality: Evergreen",165000,135000,135000,135000,135000,165000,135000,165000,135000,135000,135000,135000,165000,135000,135000,135000,135000,135000,135000,135000,135000,135000,110000,110000,110000,110000,110000,110000,110000,110000,110000,110000,110000,110000,110000,135000,135000,110000,110000,110000,110000,110000,90500,90500,90500,110000,90500,90500
"add photo to google photos",90,"stable 10%","+10%",33,"0","N/A",No,"Contains: photo to · Contains: google photos · Contains: add photo · Contains: add photo to · Contains: to google photos · Length: Long tail (5+ words) · Seasonality: Evergreen",70,40,70,50,70,50,50,50,70,70,70,70,70,70,70,70,90,70,90,90,110,110,70,70,70,90,90,90,110,90,90,90,90,110,70,70,90,90,110,70,110,90,70,70,70,90,140,90
"photo photo 2",90,"stable -19%","-19%",31,"0.04","N/A",No,"Length: Body (3–4 words) · Seasonality: Evergreen",110,140,110,90,90,110,140,140,170,140,170,210,210,260,210,210,170,260,170,170,170,140,140,170,170,140,140,140,170,140,140,140,90,140,90,90,110,110,90,70,110,140,110,90,90,70,90,90
"photo exif viewer",140,"declining -24%","-24%",35,"0.03","$0.00",No,"Length: Body (3–4 words) · Seasonality: Evergreen",50,70,90,90,90,70,70,70,70,90,50,90,50,70,70,70,70,50,90,90,70,50,70,70,70,70,90,90,70,70,90,110,90,70,90,140,140,170,140,140,140,140,110,140,110,140,90,110
"processing images",3600,"declining -56%","-56%",59,"0","N/A",No,"Length: Head (1–2 words) · Seasonality: Peaks in May",4400,4400,5400,5400,4400,4400,4400,5400,4400,5400,4400,4400,4400,4400,5400,5400,4400,4400,4400,4400,4400,4400,3600,3600,3600,4400,4400,3600,2900,3600,3600,4400,22200,40500,5400,4400,4400,6600,4400,3600,2900,2900,3600,4400,3600,2400,2400,1900
"google photos search your photos",390,"growing 30%","+30%",43,"0","N/A",No,"Contains: google photos · Length: Long tail (5+ words) · Seasonality: Evergreen",70,50,40,50,40,50,70,70,50,90,40,40,30,40,30,30,40,50,50,50,30,40,70,70,140,90,90,50,40,50,50,170,170,170,170,170,170,480,320,390,480,480,390,390,320,390,390,480
"image data exif",10,"stable 0%","0%",17,"0","N/A",No,"Length: Body (3–4 words) · Seasonality: Evergreen",40,20,30,20,30,30,40,30,20,20,30,10,10,20,20,30,20,20,10,30,30,20,20,30,10,10,10,20,20,10,10,10,10,10,10,10,10,10,10,10,10,10,10,10,10,10,10,10
"photo embedded",320,"stable 8%","+8%",41,"0.01","N/A",No,"Length: Head (1–2 words) · Seasonality: Evergreen",390,390,320,320,390,480,390,390,320,320,320,320,390,390,390,320,320,390,390,320,390,390,320,320,390,320,390,320,320,480,390,390,260,320,260,260,320,320,320,210,260,320,320,260,260,390,390,260
"all image",6600,"stable 8%","+8%",64,"0","$0.00",No,"Length: Head (1–2 words) · Seasonality: Evergreen",9900,9900,12100,9900,9900,9900,8100,8100,8100,8100,8100,8100,8100,8100,6600,5400,6600,9900,6600,8100,6600,6600,5400,5400,5400,5400,5400,5400,5400,5400,5400,5400,5400,5400,5400,6600,6600,6600,6600,6600,6600,6600,6600,6600,6600,6600,6600,8100
"exif metadata location",20,"declining -29%","-29%",20,"0.07","N/A",No,"Length: Body (3–4 words) · Seasonality: Peaks in September",50,90,70,70,70,70,30,30,20,30,40,30,40,50,30,40,20,20,30,20,20,20,30,50,40,40,30,30,30,40,20,20,40,20,50,20,20,30,20,20,20,30,20,10,20,20,20,10
"google photos add",170,"declining -24%","-24%",36,"0.02","$0.00",No,"Contains: google photos · Length: Body (3–4 words) · Seasonality: Evergreen",210,170,210,210,170,210,170,210,210,210,210,260,260,260,260,260,260,260,210,210,170,170,210,260,170,210,210,170,210,210,140,170,170,170,210,210,210,260,210,170,210,170,140,140,170,170,210,140
"my photo with",90,"growing 81%","+81%",32,"0.01","N/A",No,"Length: Body (3–4 words) · Seasonality: Peaks in July",40,30,20,10,20,10,20,20,10,30,20,20,30,10,10,20,20,20,30,30,30,40,30,30,20,20,20,10,30,20,20,40,50,20,30,70,70,140,50,50,70,50,50,50,70,90,170,210
"add photo to photos",10,"declining -25%","-25%",14,"0.19","N/A",No,"Contains: photo to · Contains: add photo · Contains: add photo to · Length: Body (3–4 words) · Seasonality: Evergreen",10,10,20,10,10,10,10,10,10,20,20,10,10,20,30,10,10,10,10,10,10,20,10,10,10,10,10,10,10,20,10,10,10,10,10,10,10,20,10,10,10,10,10,10,10,10,10,10
"2 photo add in 1 photo",50,"growing 50%","+50%",28,"0.02","N/A",No,"Length: Long tail (5+ words) · Seasonality: Evergreen",40,30,20,30,20,20,20,20,20,20,30,50,40,40,30,20,10,10,10,20,20,10,20,30,20,20,30,10,10,20,20,20,20,30,40,20,20,30,30,40,70,90,90,30,20,30,70,20
"photos help",480,"stable 18%","+18%",42,"0.06","$0.01",No,"Length: Head (1–2 words) · Seasonality: Evergreen",390,320,320,260,320,320,320,260,320,320,320,260,260,260,320,320,320,320,320,260,320,260,260,260,260,320,390,390,480,390,390,390,390,390,320,320,390,480,480,390,390,480,390,480,390,390,480,720
"find place from photo",2900,"stable -18%","-18%",57,"0.02","$0.00",No,"Contains: from photo · Length: Body (3–4 words) · Seasonality: Evergreen",1900,1600,1900,1600,1600,1900,1900,2400,2400,2900,2900,3600,3600,2900,2900,2400,2900,2900,2900,3600,3600,4400,4400,4400,4400,3600,3600,3600,3600,4400,4400,4400,4400,4400,3600,3600,3600,2900,2900,2400,2900,2900,2400,2900,2900,2900,2400,2400
"upload in image",10,"declining -50%","-50%",17,"0","N/A",No,"Length: Body (3–4 words) · Seasonality: Evergreen",40,10,20,10,40,30,20,20,40,20,20,20,10,10,10,20,20,10,20,30,10,10,10,10,10,10,20,10,10,10,10,10,10,10,10,10,10,30,20,20,20,30,10,10,10,10,10,10
"batch convert photos",20,"declining -33%","-33%",18,"0.19","$0.01",No,"Length: Body (3–4 words) · Seasonality: Evergreen",30,40,30,30,40,30,30,30,30,30,20,30,30,30,50,20,30,40,30,40,50,30,30,10,20,20,30,20,30,10,20,30,20,30,20,30,20,20,20,20,30,10,10,20,10,10,10,20
"bulk image editor free",20,"growing 83%","+83%",18,"0.18","$0.01",No,"Length: Body (3–4 words) · Seasonality: Peaks in April",20,20,30,10,30,30,10,20,10,10,30,50,20,20,10,30,10,20,20,50,90,40,20,10,20,30,10,20,20,10,20,20,20,10,20,10,20,20,20,20,20,10,20,20,20,40,20,50
"google photos with location",110,"stable 0%","0%",16,"0.52","$0.00",No,"Contains: google photos · Length: Body (3–4 words) · Seasonality: Evergreen",10,20,30,20,20,30,30,30,20,40,30,40,40,40,40,40,30,50,70,70,50,70,50,70,90,90,50,70,90,90,70,90,90,90,110,110,140,110,110,110,110,140,90,110,110,110,140,110
"organize image",320,"declining -32%","-32%",33,"0.22","$0.00",No,"Length: Head (1–2 words) · Seasonality: Evergreen",260,320,320,320,320,390,260,320,260,260,260,260,320,390,320,390,320,480,320,320,260,320,260,260,320,390,320,390,320,390,320,390,320,260,260,260,390,390,390,390,320,590,320,260,260,320,210,260
"batch image resizer free",590,"stable -13%","-13%",42,"0.09","$0.00",No,"Length: Body (3–4 words) · Seasonality: Evergreen",320,260,320,320,260,260,320,390,390,390,390,390,590,480,720,590,480,480,480,480,480,480,480,480,480,590,480,480,480,480,590,590,590,720,590,590,590,720,720,590,590,590,590,590,590,590,590,590
"exif data tool",70,"stable -19%","-19%",31,"0.01","N/A",No,"Contains: exif data · Length: Body (3–4 words) · Seasonality: Evergreen",140,140,110,140,140,170,170,210,90,90,90,90,70,110,110,110,90,90,70,110,140,70,70,70,90,90,90,70,90,90,110,110,90,110,110,70,70,70,70,70,70,90,50,50,70,50,50,70
"a photo image",140,"growing 25%","+25%",36,"0","N/A",No,"Length: Body (3–4 words) · Seasonality: Evergreen",210,170,170,170,170,170,170,210,170,170,210,260,210,140,170,140,110,140,140,110,110,110,70,210,170,170,110,170,140,170,110,50,140,110,260,260,110,140,110,140,140,210,140,70,90,110,170,170
"details by photo",20,"declining -50%","-50%",21,"0.03","N/A",No,"Length: Body (3–4 words) · Seasonality: Evergreen",30,20,10,20,20,20,10,20,40,50,50,50,40,30,30,30,40,30,30,30,30,40,50,30,30,30,30,30,30,30,10,30,40,20,30,20,20,20,20,20,20,10,10,10,10,10,10,10
"add multiple pictures",50,"growing 55%","+55%",28,"0.01","N/A",No,"Length: Body (3–4 words) · Seasonality: Evergreen",90,110,90,90,90,90,70,70,70,70,70,90,70,70,70,50,70,90,90,50,90,90,90,70,90,90,90,70,70,70,50,50,40,40,50,50,40,30,40,40,40,40,40,40,70,50,50,70
"photo 2 by 2",880,"stable -13%","-13%",36,"0.26","$0.00",No,"Contains: 2 by 2 · Length: Body (3–4 words) · Seasonality: Evergreen",1000,1000,1300,1000,880,1000,1000,1000,1000,1000,1000,1000,1000,1000,1600,1300,1000,1300,1300,1600,1300,1600,1300,1300,1000,1000,1300,1300,1000,1300,1300,1600,1300,1300,1000,1300,1000,1000,1000,880,720,1000,880,1000,1000,1000,880,720
"select your photo",50,"declining -63%","-63%",28,"0.01","N/A",No,"Contains: your photo · Length: Body (3–4 words) · Seasonality: Peaks in October",30,10,10,30,40,20,30,40,30,50,10,30,10,20,50,30,20,20,20,20,40,90,30,20,10,20,10,10,10,10,10,10,10,20,10,20,20,110,170,50,50,30,30,30,50,50,30,30
"find photo location google",20,"declining -50%","-50%",22,"0","N/A",No,"Length: Body (3–4 words) · Seasonality: Evergreen",20,50,50,40,70,70,50,70,70,50,50,50,40,70,70,40,50,50,40,50,70,70,50,40,50,40,70,50,50,40,30,40,40,20,20,30,40,20,20,20,20,10,10,50,10,10,10,20
"2 photos in one photo",140,"declining -51%","-51%",30,"0.15","$0.00",No,"Contains: in one photo · Contains: photos in one · Length: Long tail (5+ words) · Seasonality: Evergreen",20,20,20,30,50,20,20,20,30,30,30,50,40,10,20,40,50,30,40,20,40,40,50,90,70,90,70,70,90,110,140,170,170,260,170,110,170,210,210,170,210,110,140,90,90,90,110,90
"account photos",2400,"declining -21%","-21%",56,"0.01","$0.00",No,"Length: Head (1–2 words) · Seasonality: Evergreen",1900,1900,1600,1900,1900,1900,1600,1900,1600,1900,1900,1900,1900,1900,1900,1900,1900,1900,1600,1600,1600,1600,1900,1900,1900,1600,1600,1900,1900,2400,1600,1900,1600,1900,1900,1900,2400,2400,2400,2400,2400,2900,1900,1900,1900,1900,1900,1900
"batch converter",880,"stable 14%","+14%",48,"0.02","$0.01",No,"Length: Head (1–2 words) · Seasonality: Evergreen",1000,880,880,1000,880,1000,880,1000,880,1300,880,880,1000,1000,1000,1000,880,1000,880,1000,880,880,880,880,880,880,1000,880,720,880,880,880,880,880,720,880,880,880,880,880,880,880,1000,1000,1000,1000,1000,1000
"image download tool",70,"declining -30%","-30%",31,"0","N/A",No,"Length: Body (3–4 words) · Seasonality: Evergreen",40,40,70,50,40,40,50,50,50,50,40,40,40,40,50,50,40,50,50,50,50,40,20,40,30,50,50,70,50,40,50,70,70,40,70,70,140,40,50,70,70,90,50,50,50,40,50,70
"add watermark to bulk images",20,"declining -57%","-57%",20,"0.09","N/A",No,"Contains: add watermark to · Length: Long tail (5+ words) · Seasonality: Peaks in January",20,20,20,20,20,20,20,20,30,30,30,30,30,30,50,30,50,140,140,70,30,30,40,30,20,40,30,30,20,40,20,10,20,10,10,20,20,30,20,20,10,20,10,10,10,10,10,10
"download my photos from google photos",390,"stable 6%","+6%",41,"0.05","$0.00",No,"Contains: google photos · Length: Long tail (5+ words) · Seasonality: Evergreen",390,320,320,320,320,390,320,390,320,320,390,390,390,320,390,390,480,480,390,390,320,390,390,390,390,390,390,320,320,390,320,320,320,320,320,320,320,390,390,320,390,390,260,390,320,390,390,390
"free google photo",1300,"stable 15%","+15%",51,"0.01","$0.01",No,"Length: Body (3–4 words) · Seasonality: Evergreen",1600,1300,1300,1300,1600,1600,1300,1600,1600,1600,1600,1300,1300,1300,1000,1000,1300,1300,1000,1000,1300,1300,1000,1300,1000,1000,1000,1000,1000,1000,880,1000,1000,1000,1000,1000,1300,1300,1300,1300,1300,1300,1000,1000,1300,1600,1300,1600
"photo additional",5400,"stable -13%","-13%",57,"0.09","$0.00",No,"Length: Head (1–2 words) · Seasonality: Evergreen",2400,2400,1900,2400,2400,2900,2400,3600,2900,2900,2900,3600,3600,2900,3600,2900,3600,4400,4400,4400,3600,4400,4400,4400,4400,4400,5400,4400,4400,5400,5400,5400,5400,4400,4400,5400,5400,6600,6600,5400,5400,5400,4400,4400,4400,5400,5400,5400
"google location image",140,"declining -31%","-31%",35,"0.02","$0.00",No,"Length: Body (3–4 words) · Seasonality: Evergreen",110,140,110,140,140,140,110,140,110,170,90,140,140,170,170,140,140,170,170,170,140,170,110,170,140,170,140,170,170,210,170,170,210,210,210,210,170,140,140,170,140,140,140,90,110,110,110,90
"photo 2 in one",50,"growing 36%","+36%",27,"0.04","$0.01",No,"Length: Body (3–4 words) · Seasonality: Evergreen",10,10,10,10,10,10,10,10,10,10,10,20,10,20,20,20,10,10,10,10,10,10,10,30,10,10,10,10,20,40,40,40,40,40,20,20,50,50,40,50,50,50,50,50,50,50,70,70
"pick your photo",210,"growing 210%","+210%",30,"0.22","$0.00",No,"Contains: your photo · Length: Body (3–4 words) · Seasonality: Evergreen",20,10,10,30,10,20,10,20,20,20,10,10,20,10,20,10,10,30,20,20,30,30,10,30,30,70,30,50,70,50,50,50,50,40,50,70,110,110,70,170,210,260,260,320,260,260,320,320
"set ki photo",1300,"growing 185%","+185%",52,"0","N/A",No,"Length: Body (3–4 words) · Seasonality: Peaks in June",170,210,170,210,140,170,210,210,260,260,260,210,260,320,320,390,320,320,320,260,210,170,210,210,170,140,170,170,140,170,140,260,210,210,210,210,590,880,880,880,1000,1000,1000,1300,1900,1900,2400,2400
"2 photo in 1 photo",3600,"stable 0%","0%",58,"0.02","$0.00",No,"Length: Long tail (5+ words) · Seasonality: Evergreen",1600,1900,1600,1900,1900,1900,1900,2400,1900,1900,2400,2900,2900,2900,2400,2400,2400,2900,2900,2400,2400,2900,2900,3600,3600,2900,2900,2900,2900,3600,2900,3600,2900,2900,3600,5400,4400,4400,3600,3600,3600,3600,3600,3600,3600,3600,4400,4400
"my photos download",720,"stable -6%","-6%",44,"0.08","$0.00",No,"Length: Body (3–4 words) · Seasonality: Evergreen",590,590,590,590,480,590,480,590,590,590,590,590,590,480,590,590,590,1000,1000,590,590,590,590,590,480,390,480,480,480,480,390,480,590,480,590,590,720,880,880,720,720,880,720,720,720,720,880,720
"photo on photo paste",10,"declining -63%","-63%",17,"0","N/A",No,"Length: Body (3–4 words) · Seasonality: Evergreen",30,10,10,20,20,30,10,30,30,30,40,50,30,20,40,20,20,20,40,70,50,70,70,40,40,50,50,50,50,50,70,50,30,30,40,30,40,30,10,10,10,10,10,10,10,10,10,10
"data from photo",30,"declining -25%","-25%",25,"0.01","N/A",No,"Contains: from photo · Contains: data from photo · Length: Body (3–4 words) · Seasonality: Evergreen",50,50,30,30,50,50,50,50,50,70,40,40,40,40,40,40,30,40,30,50,50,40,40,40,40,30,30,40,30,40,40,30,40,40,30,40,20,30,30,20,30,30,20,40,30,20,20,20
"efix photo",20,"declining -57%","-57%",22,"0","N/A",No,"Length: Head (1–2 words) · Seasonality: Evergreen",20,30,20,20,10,50,30,30,10,30,20,40,30,20,30,30,20,20,20,20,30,20,10,20,20,30,30,20,30,20,20,30,10,20,10,30,30,30,10,50,30,10,30,10,10,10,10,10
"metadata viewer photo",50,"growing 27%","+27%",28,"0.02","N/A",No,"Length: Body (3–4 words) · Seasonality: Evergreen",10,30,30,20,40,10,20,20,20,30,20,40,70,50,70,90,90,90,90,70,70,110,50,40,40,30,40,30,50,50,40,40,50,30,40,40,30,40,40,30,50,50,50,50,70,50,40,50
"photo open photo",30,"stable 10%","+10%",24,"0.04","N/A",No,"Length: Body (3–4 words) · Seasonality: Evergreen",170,110,110,110,140,140,110,110,90,90,70,90,70,70,90,50,90,70,70,70,70,90,70,70,50,50,50,50,30,40,30,30,50,40,40,40,30,50,20,30,30,20,30,30,30,40,40,30
"add images on images",9900,"stable -18%","-18%",63,"0.06","$0.00",No,"Length: Body (3–4 words) · Seasonality: Evergreen",4400,4400,4400,4400,5400,5400,4400,5400,5400,5400,5400,6600,6600,5400,6600,6600,8100,8100,6600,8100,8100,8100,8100,8100,8100,8100,9900,8100,9900,9900,9900,9900,9900,9900,9900,9900,9900,9900,9900,9900,9900,9900,9900,9900,8100,8100,8100,8100
"exif download",170,"stable -18%","-18%",37,"0.01","N/A",No,"Length: Head (1–2 words) · Seasonality: Evergreen",210,170,170,210,170,170,210,170,170,210,170,140,170,260,320,320,210,170,210,210,210,170,170,140,170,140,210,210,210,170,170,170,170,140,140,170,170,170,170,170,170,210,140,170,140,170,110,140
"batch photo pro",10,"declining -43%","-43%",16,"0.08","N/A",No,"Length: Body (3–4 words) · Seasonality: Evergreen",70,40,50,40,40,30,30,40,20,30,20,30,20,30,30,30,20,50,40,40,20,20,20,30,10,20,30,20,20,10,20,20,10,20,20,20,30,20,20,10,10,10,10,10,10,10,20,10
"batch convert image",880,"stable 18%","+18%",48,"0.03","$0.00",No,"Length: Body (3–4 words) · Seasonality: Evergreen",1000,880,880,880,880,1000,880,1000,880,1000,1300,880,2400,1300,1000,1000,1000,1000,1000,1000,1300,1300,1000,1000,1000,1000,1000,1000,1000,1000,1000,1000,1000,1000,880,880,880,720,720,880,720,720,720,1000,880,1300,720,720
"free photo processing",10,"declining -25%","-25%",8,"0.52","$0.02",No,"Length: Body (3–4 words) · Seasonality: Peaks in August",40,10,10,10,10,10,10,10,10,20,10,10,10,10,10,20,10,20,10,10,10,20,30,20,30,10,10,20,10,10,10,20,20,20,20,10,10,20,10,10,20,10,10,30,10,10,10,10
"to in one photo",50,"declining -33%","-33%",28,"0","N/A",No,"Contains: in one photo · Length: Body (3–4 words) · Seasonality: Peaks in September",30,20,30,20,30,10,30,40,30,40,30,40,30,70,40,20,20,10,20,10,20,20,10,30,50,50,10,30,30,30,30,50,50,40,70,70,50,90,70,50,40,70,50,50,50,40,50,50
"get location metadata from photo",30,"declining -44%","-44%",25,"0.01","N/A",No,"Contains: from photo · Length: Long tail (5+ words) · Seasonality: Evergreen",40,40,50,40,40,50,40,30,30,50,30,30,20,20,30,20,30,30,20,20,30,20,20,30,30,30,20,20,20,20,20,30,20,30,30,30,30,30,30,30,30,40,10,20,20,10,20,20
"photo 3",1900,"growing 33%","+33%",54,"0.02","$0.00",No,"Length: Head (1–2 words) · Seasonality: Evergreen",720,880,880,720,720,880,880,1300,1300,1600,1600,1900,1900,1900,1600,1900,2900,1900,2400,3600,2900,4400,4400,4400,4400,2900,2900,2900,2400,2900,2900,2900,2400,2400,2400,1900,1900,1600,1900,1900,1900,2400,1900,2400,2400,2400,2400,2400
"image metadata tool",20,"declining -33%","-33%",22,"0.01","N/A",No,"Length: Body (3–4 words) · Seasonality: Evergreen",20,20,20,30,20,20,20,40,40,20,20,20,20,20,40,20,20,30,20,30,30,30,40,30,20,20,30,30,40,40,30,30,20,40,30,30,20,40,30,20,20,30,20,20,20,20,20,20
"exif tool",90500,"stable 0%","0%",82,"0.01","$0.00",No,"Length: Head (1–2 words) · Seasonality: Peaks in June",33100,33100,40500,33100,33100,33100,33100,40500,49500,40500,673000,201000,135000,90500,90500,135000,90500,110000,110000,110000,90500,90500,74000,74000,74000,74000,74000,74000,74000,74000,74000,90500,74000,90500,74000,90500,90500,90500,90500,90500,90500,90500,90500,110000,110000,90500,90500,90500
"all images photos",320,"stable -19%","-19%",41,"0.02","N/A",No,"Length: Body (3–4 words) · Seasonality: Evergreen",720,880,880,720,720,480,590,720,590,720,590,720,590,480,590,590,590,590,480,720,480,480,590,590,590,480,480,390,480,390,320,390,320,320,320,320,390,480,320,320,320,320,320,260,260,320,320,320
"upload image upload",110000,"stable -18%","-18%",82,"0.02","$0.00",No,"Length: Body (3–4 words) · Seasonality: Evergreen",165000,135000,135000,135000,135000,165000,135000,165000,135000,135000,135000,135000,165000,135000,135000,135000,135000,135000,135000,135000,135000,135000,110000,110000,110000,110000,110000,110000,110000,110000,110000,110000,110000,110000,110000,135000,135000,110000,110000,110000,110000,110000,90500,90500,90500,110000,90500,90500
"photos from ai",480,"stable -2%","-2%",36,"0.2","$0.00",No,"Length: Body (3–4 words) · Seasonality: Peaks in January",30,30,20,20,70,90,90,140,170,140,170,110,140,70,140,90,140,140,170,140,170,110,110,110,70,110,90,90,90,110,90,110,90,70,110,90,110,480,720,590,390,1600,320,320,260,480,480,320
"watermark bulk images",260,"declining -22%","-22%",31,"0.23","$0.01",No,"Length: Body (3–4 words) · Seasonality: Evergreen",260,260,260,260,260,320,320,320,390,390,320,390,390,390,390,390,390,390,390,320,390,390,320,390,390,390,320,320,320,320,320,320,260,390,320,390,320,320,260,260,260,210,210,260,210,320,210,170
"add images to image",210,"stable -8%","-8%",33,"0.14","$0.01",No,"Length: Body (3–4 words) · Seasonality: Peaks in May",20,30,30,30,40,30,50,40,50,40,50,70,50,50,40,50,50,50,70,70,70,70,90,140,90,90,110,110,140,210,140,210,260,480,210,210,210,210,320,210,210,260,210,260,210,260,210,210
"bulk image resize tool",30,"declining -22%","-22%",21,"0.14","N/A",No,"Contains: image resize tool · Length: Body (3–4 words) · Seasonality: Evergreen",70,50,50,40,40,30,30,70,50,70,50,50,50,70,90,40,30,70,70,40,30,40,30,90,40,40,20,30,30,30,50,40,30,50,40,40,30,40,20,40,30,20,40,50,20,20,30,20
"photos one",2400,"stable 0%","0%",54,"0.04","$0.01",No,"Length: Head (1–2 words) · Seasonality: Evergreen",880,1000,880,880,1000,1000,1000,1300,1900,2400,2400,2400,2400,2400,2400,2400,2900,2900,2400,2900,2900,2900,2900,2900,2400,2400,2400,2400,2400,2400,2400,2400,2400,2900,2400,2400,2400,2400,2400,2400,2400,2900,2400,2400,2400,2400,2400,2400
"upload multiple pictures",10,"growing 33%","+33%",16,"0.1","$0.01",No,"Length: Body (3–4 words) · Seasonality: Evergreen",40,30,30,20,30,30,20,30,20,30,30,20,30,20,30,20,20,20,20,20,20,20,20,10,20,20,10,20,20,10,20,20,20,20,20,10,10,10,10,10,10,10,10,10,10,10,10,20
"file ke photo",50,"stable 17%","+17%",28,"0","N/A",No,"Length: Body (3–4 words) · Seasonality: Evergreen",30,40,50,30,50,40,30,30,30,30,40,70,50,40,40,30,70,50,70,40,30,50,40,50,50,40,50,40,40,40,30,30,30,30,50,50,40,40,40,40,30,50,70,50,40,50,50,40
"1 photos",2900,"stable 0%","0%",57,"0.01","$0.01",No,"Length: Head (1–2 words) · Seasonality: Evergreen",2900,2900,2900,2900,3600,3600,2900,3600,3600,4400,4400,4400,4400,3600,3600,3600,3600,3600,2900,3600,3600,3600,3600,3600,5400,3600,3600,2900,2900,2900,2900,2900,2900,2900,2900,2900,2900,2900,2900,2400,2900,2900,3600,2900,2900,2900,2900,2900
"photo to details",90,"declining -28%","-28%",31,"0.05","$0.00",No,"Contains: photo to · Length: Body (3–4 words) · Seasonality: Evergreen",70,50,70,50,110,70,70,90,110,140,140,110,110,140,140,140,140,110,170,140,140,140,140,110,140,110,110,140,110,170,170,170,140,140,170,110,140,90,90,140,110,110,70,50,70,70,70,90
"image google photos",260,"declining -24%","-24%",40,"0","N/A",No,"Contains: google photos · Length: Body (3–4 words) · Seasonality: Evergreen",880,880,720,880,880,1000,880,720,880,880,880,1000,1000,1000,880,720,720,880,720,720,480,590,590,590,590,390,390,390,480,390,390,390,260,480,390,590,320,320,260,320,210,260,260,260,210,210,260,210
"add image photo",40,"declining -42%","-42%",26,"0.04","N/A",No,"Length: Body (3–4 words) · Seasonality: Peaks in November",30,50,40,30,30,40,40,50,50,40,40,40,50,50,70,90,70,70,90,90,90,90,90,90,110,140,260,590,390,390,390,170,70,70,70,50,70,50,70,50,40,50,30,30,30,30,30,50
"image upload ai",480,"declining -71%","-71%",28,"0.38","$0.01",No,"Length: Body (3–4 words) · Seasonality: Evergreen",10,20,20,30,50,30,40,50,90,110,140,90,90,90,170,210,260,260,260,320,320,320,260,260,320,390,480,480,590,480,480,720,720,590,480,390,390,590,720,880,880,480,320,390,320,210,140,140
"photo tool online free",20,"declining -64%","-64%",18,"0.2","$0.00",No,"Length: Body (3–4 words) · Seasonality: Peaks in October",10,10,50,30,10,30,10,20,20,10,10,10,10,90,320,140,50,90,70,90,90,110,50,20,40,50,390,480,170,140,170,70,40,40,20,30,40,30,40,10,10,10,20,20,10,20,10,10
"paste on photo",3600,"stable 0%","0%",57,"0.03","$0.00",No,"Length: Body (3–4 words) · Seasonality: Evergreen",2400,2400,2400,2400,2400,2400,1900,2400,2400,2900,2900,2400,2900,2900,2400,2400,2400,2900,2900,2900,2900,2900,2900,2900,2900,2900,3600,2900,2900,3600,2900,3600,3600,3600,3600,3600,3600,3600,3600,3600,2900,3600,3600,3600,3600,3600,3600,3600
"photo adding in another photo",320,"declining -60%","-60%",35,"0.17","$0.00",No,"Length: Long tail (5+ words) · Seasonality: Evergreen",50,70,90,110,90,70,90,90,90,70,90,90,140,140,210,210,140,140,170,260,170,210,210,260,260,390,320,170,320,320,320,390,590,720,590,590,720,720,390,210,170,320,320,320,210,210,260,260
"photo save photo",10,"growing 33%","+33%",17,"0.01","N/A",No,"Length: Body (3–4 words) · Seasonality: Evergreen",10,10,10,10,10,10,10,10,10,10,10,10,10,10,10,10,10,10,10,10,10,10,10,10,10,10,10,10,10,10,10,10,10,10,10,10,10,10,10,10,10,10,10,10,10,10,10,20
"photo and details",30,"growing 57%","+57%",25,"0","N/A",No,"Length: Body (3–4 words) · Seasonality: Evergreen",40,20,20,30,30,20,20,20,40,30,30,20,30,30,20,30,20,20,10,10,10,10,10,20,20,30,20,20,40,40,20,30,20,30,40,40,30,20,20,30,30,20,40,20,20,30,40,40
"browse photos",480,"stable -13%","-13%",45,"0","N/A",No,"Length: Head (1–2 words) · Seasonality: Evergreen",390,480,390,390,390,480,480,390,390,390,390,480,390,480,480,390,480,590,590,590,590,590,480,590,480,480,480,480,480,480,480,480,390,390,480,390,480,590,590,480,480,590,480,480,480,480,480,480
"get exif data from photo",90,"declining -52%","-52%",32,"0.02","N/A",No,"Contains: exif data · Contains: from photo · Contains: data from photo · Length: Long tail (5+ words) · Seasonality: Evergreen",90,110,90,70,90,90,90,90,90,90,90,70,70,70,90,70,90,90,50,70,90,110,70,90,90,70,70,90,90,110,90,110,90,110,90,110,90,110,110,110,110,110,90,70,90,70,40,40
"photo to data",30,"declining -33%","-33%",24,"0.05","N/A",No,"Contains: photo to · Length: Body (3–4 words) · Seasonality: Evergreen",20,20,30,30,30,30,30,30,30,20,20,30,20,20,30,30,30,50,50,50,50,50,30,40,40,40,50,50,40,50,50,50,40,50,30,40,40,30,50,30,40,30,30,30,30,30,30,20
"google my photos download",50,"growing 33%","+33%",28,"0.01","N/A",No,"Length: Body (3–4 words) · Seasonality: Evergreen",10,10,50,20,10,10,10,10,10,10,10,20,20,10,10,20,10,10,10,10,20,10,30,50,50,50,40,30,10,20,30,20,20,40,30,20,40,40,40,70,40,50,70,50,50,50,40,70
"photo edit ka photo",210,"declining -43%","-43%",38,"0.01","N/A",No,"Length: Body (3–4 words) · Seasonality: Peaks in February",590,720,590,480,590,480,590,590,590,480,590,590,480,720,480,480,480,1300,3600,2900,2400,2400,1900,1900,1300,1000,720,590,720,480,390,390,320,260,260,260,320,260,260,260,210,170,140,170,110,140,170,170
"exif gps viewer",70,"stable 11%","+11%",31,"0","N/A",No,"Length: Body (3–4 words) · Seasonality: Peaks in January",390,260,260,140,140,1000,390,320,170,260,170,140,210,140,110,90,90,140,110,90,90,90,70,70,50,70,90,70,90,110,70,70,70,70,50,50,50,70,70,70,70,70,70,90,70,90,50,70
"imagen photos",74000,"stable -13%","-13%",74,"0.09","$0.01",No,"Length: Head (1–2 words) · Seasonality: Evergreen",246000,201000,165000,135000,110000,165000,165000,201000,110000,110000,74000,74000,74000,74000,74000,74000,90500,90500,90500,90500,110000,135000,110000,90500,90500,90500,110000,90500,90500,90500,74000,90500,90500,90500,74000,90500,74000,90500,90500,90500,74000,90500,74000,74000,74000,74000,74000,74000
"paste the photo",3600,"stable 0%","0%",57,"0.03","$0.00",No,"Length: Body (3–4 words) · Seasonality: Evergreen",2400,2400,2400,2400,2400,2400,1900,2400,2400,2900,2900,2400,2900,2900,2400,2400,2400,2900,2900,2900,2900,2900,2900,2900,2900,2900,3600,2900,2900,3600,2900,3600,3600,3600,3600,3600,3600,3600,3600,3600,2900,3600,3600,3600,3600,3600,3600,3600
"bulk image processing",20,"declining -50%","-50%",19,"0.12","N/A",No,"Length: Body (3–4 words) · Seasonality: Evergreen",10,20,10,30,10,20,20,20,20,20,20,20,20,10,20,20,10,20,20,30,10,20,20,30,20,30,20,20,20,40,30,30,20,20,20,20,20,20,20,20,10,20,30,40,40,10,10,10
"ai tools image",2400,"stable 0%","0%",52,"0.07","$0.00",No,"Length: Body (3–4 words) · Seasonality: Evergreen",50,90,90,90,210,390,390,590,720,880,1000,1000,1300,1300,1300,1000,1300,1600,1600,1300,1600,1300,1300,1300,1300,1300,1300,1600,1600,1900,1900,1900,2400,1900,2400,2400,2400,2400,2400,2400,1900,2400,2400,2400,2400,2400,2400,2400
"images for image processing",390,"declining -42%","-42%",43,"0","N/A",No,"Length: Body (3–4 words) · Seasonality: Evergreen",590,880,880,1000,880,880,880,1000,880,1000,720,880,880,880,1000,880,880,880,880,1000,880,720,590,720,590,880,720,720,590,720,590,720,720,390,320,390,480,590,480,480,390,390,480,390,390,320,260,320
"google photos is free",1300,"stable 15%","+15%",51,"0.01","$0.01",No,"Contains: google photos · Length: Body (3–4 words) · Seasonality: Evergreen",1600,1300,1300,1300,1600,1600,1300,1600,1600,1600,1600,1300,1300,1300,1000,1000,1300,1300,1000,1000,1300,1300,1000,1300,1000,1000,1000,1000,1000,1000,880,1000,1000,1000,1000,1000,1300,1300,1300,1300,1300,1300,1000,1000,1300,1600,1300,1600
"image exif remover",90,"growing 28%","+28%",32,"0.01","N/A",No,"Length: Body (3–4 words) · Seasonality: Evergreen",50,50,50,50,50,50,70,50,70,50,40,50,50,40,70,50,40,70,70,50,40,70,50,40,70,50,70,70,40,90,50,70,90,70,50,70,90,90,70,90,70,90,110,90,70,90,90,140
"2 photos into one",3600,"stable -4%","-4%",58,"0.02","$0.00",No,"Contains: photos into one · Length: Body (3–4 words) · Seasonality: Evergreen",590,720,590,720,590,720,880,880,720,1000,1000,1000,1300,1300,1300,1600,1600,1600,1600,1600,1600,1600,1600,3600,2900,2900,2900,2900,3600,3600,3600,3600,3600,2900,2900,3600,3600,3600,3600,3600,3600,3600,2900,2400,2400,2400,4400,3600
"google photos for free",1300,"stable 15%","+15%",51,"0.01","$0.01",No,"Contains: google photos · Contains: photos for free · Length: Body (3–4 words) · Seasonality: Evergreen",1600,1300,1300,1300,1600,1600,1300,1600,1600,1600,1600,1300,1300,1300,1000,1000,1300,1300,1000,1000,1300,1300,1000,1300,1000,1000,1000,1000,1000,1000,880,1000,1000,1000,1000,1000,1300,1300,1300,1300,1300,1300,1000,1000,1300,1600,1300,1600
"view exif data",1000,"declining -25%","-25%",49,"0.02","$0.00",No,"Contains: exif data · Length: Body (3–4 words) · Seasonality: Evergreen",4400,1900,1900,1900,1900,1900,1900,1900,1900,1900,1900,1900,1600,1900,1600,1600,1600,1600,1600,1600,1600,1600,1300,1300,1300,1300,1300,1000,1000,1300,1000,1300,1300,1300,1300,1300,1300,1000,1000,1000,1000,1000,880,1000,1000,880,880,720
"3 photo",1900,"stable -3%","-3%",50,"0.08","$0.01",No,"Length: Head (1–2 words) · Seasonality: Evergreen",2900,2900,2900,2900,2900,2900,2400,2900,2900,2900,2900,2900,3600,2900,2400,2400,2900,2400,2400,2400,1900,2400,2400,1900,2400,1900,1900,1900,2900,1900,1600,1900,1900,1600,1600,1600,1600,2400,1900,1900,1900,1900,1600,1600,1600,1900,1900,1900
"ai tool images",2400,"stable 0%","0%",52,"0.07","$0.00",No,"Length: Body (3–4 words) · Seasonality: Evergreen",50,90,90,90,210,390,390,590,720,880,1000,1000,1300,1300,1300,1000,1300,1600,1600,1300,1600,1300,1300,1300,1300,1300,1300,1600,1600,1900,1900,1900,2400,1900,2400,2400,2400,2400,2400,2400,1900,2400,2400,2400,2400,2400,2400,2400
"create photo free",260,"growing 23%","+23%",18,"0.55","$0.01",No,"Length: Body (3–4 words) · Seasonality: Evergreen",90,90,90,90,90,110,110,110,110,140,110,140,140,170,140,170,210,210,210,210,210,170,170,140,210,170,210,210,210,210,210,210,210,260,210,260,210,260,260,260,260,260,320,260,320,320,320,260
"free exif data viewer",50,"declining -24%","-24%",28,"0.02","N/A",No,"Contains: exif data · Length: Body (3–4 words) · Seasonality: Peaks in March",30,40,20,30,20,20,20,30,20,30,30,30,30,30,40,10,30,40,20,40,30,30,50,40,50,70,90,70,90,210,90,210,110,90,30,70,70,50,50,50,50,50,70,70,50,50,50,30
"upload images to ai",480,"declining -58%","-58%",27,"0.39","$0.01",No,"Length: Body (3–4 words) · Seasonality: Peaks in December",40,50,70,70,170,170,170,260,320,320,390,320,260,260,480,480,480,480,480,480,480,480,390,390,390,480,480,480,590,480,480,590,480,590,480,390,320,590,720,720,1300,590,320,320,260,210,210,260
"2 by 2 photo online free",10,"declining -25%","-25%",0,"1","N/A",No,"Contains: 2 by 2 · Length: Long tail (5+ words) · Seasonality: Peaks in October",20,20,30,30,20,10,10,10,10,10,10,20,10,10,30,10,10,10,10,30,30,10,20,30,10,10,30,30,10,10,10,20,10,10,10,20,10,10,20,10,10,10,10,10,10,10,10,10
"get photo download",40,"stable 10%","+10%",27,"0","N/A",No,"Length: Body (3–4 words) · Seasonality: Evergreen",10,10,10,10,10,10,20,10,10,10,20,20,20,50,30,70,50,50,70,50,40,50,20,30,30,30,30,50,30,30,50,40,50,40,40,50,20,30,50,40,50,40,50,30,30,20,50,40
"my photos photos",368000,"stable 0%","0%",88,"0.05","$0.00",No,"Length: Body (3–4 words) · Seasonality: Evergreen",368000,368000,301000,301000,301000,368000,368000,368000,301000,301000,301000,301000,301000,301000,301000,301000,301000,301000,246000,301000,301000,301000,301000,301000,246000,246000,301000,246000,301000,301000,246000,246000,246000,301000,368000,368000,368000,368000,368000,301000,301000,368000,301000,368000,301000,368000,368000,368000
"pick a photo",1900,"growing 97%","+97%",50,"0.08","$0.01",No,"Length: Body (3–4 words) · Seasonality: Evergreen",720,720,880,880,720,720,720,880,720,1000,880,880,880,880,880,880,880,1000,880,880,1000,1000,880,1000,880,880,720,880,880,880,720,880,880,880,1000,1000,1300,1000,1600,1600,1900,2400,1900,1900,2900,2900,2400,2400
"tools online free",90,"growing 43%","+43%",28,"0.15","$0.00",No,"Length: Body (3–4 words) · Seasonality: Evergreen",40,70,50,90,90,70,90,70,70,50,50,50,40,90,70,70,90,70,70,90,40,50,50,90,70,50,70,90,50,70,70,90,70,90,70,50,50,70,90,50,50,70,70,170,110,140,90,70