Keyword,Volume,Trend,Growth %,SEO Score,Competition,Avg CPC,Branded,Topics,Aug 2022,Sep 2022,Oct 2022,Nov 2022,Dec 2022,Jan 2023,Feb 2023,Mar 2023,Apr 2023,May 2023,Jun 2023,Jul 2023,Aug 2023,Sep 2023,Oct 2023,Nov 2023,Dec 2023,Jan 2024,Feb 2024,Mar 2024,Apr 2024,May 2024,Jun 2024,Jul 2024,Aug 2024,Sep 2024,Oct 2024,Nov 2024,Dec 2024,Jan 2025,Feb 2025,Mar 2025,Apr 2025,May 2025,Jun 2025,Jul 2025,Aug 2025,Sep 2025,Oct 2025,Nov 2025,Dec 2025,Jan 2026,Feb 2026,Mar 2026,Apr 2026,May 2026,Jun 2026,Jul 2026
"geo tag",74000,"stable 6%","+6%",71,"0.13","$0.07",No,"Length: Head (1–2 words) · Seasonality: Evergreen",49500,49500,40500,40500,33100,40500,40500,40500,40500,49500,49500,49500,49500,49500,49500,40500,40500,60500,60500,49500,49500,49500,49500,60500,74000,60500,49500,49500,49500,60500,49500,60500,60500,60500,74000,74000,74000,74000,60500,60500,60500,74000,60500,60500,74000,74000,74000,74000
"online map",14800,"stable 1%","+1%",68,"0.02","$0.90",No,"Length: Head (1–2 words) · Seasonality: Evergreen",18100,18100,14800,18100,14800,14800,14800,18100,18100,18100,14800,18100,18100,18100,18100,18100,14800,18100,18100,18100,18100,22200,22200,22200,22200,18100,22200,18100,49500,40500,18100,14800,22200,14800,14800,14800,18100,18100,14800,12100,12100,12100,12100,14800,12100,12100,12100,27100
"google location",90500,"stable 7%","+7%",81,"0.02","$0.14",No,"Contains: google location · Length: Head (1–2 words) · Seasonality: Evergreen",90500,90500,90500,74000,90500,90500,74000,74000,74000,90500,90500,110000,110000,110000,90500,90500,90500,90500,110000,110000,110000,110000,110000,135000,110000,110000,110000,110000,110000,110000,90500,90500,90500,90500,90500,90500,90500,90500,90500,90500,90500,90500,90500,90500,90500,110000,90500,90500
"free maps",9900,"stable 0%","0%",65,"0.03","$0.66",No,"Length: Head (1–2 words) · Seasonality: Evergreen",9900,9900,9900,9900,8100,9900,9900,9900,9900,12100,9900,9900,9900,12100,12100,9900,8100,9900,9900,12100,9900,12100,9900,9900,9900,9900,12100,8100,8100,9900,9900,9900,9900,9900,9900,9900,9900,9900,9900,9900,8100,9900,8100,9900,9900,9900,9900,9900
"location map",368000,"growing 30%","+30%",90,"0.03","$0.03",No,"Contains: location map · Length: Head (1–2 words) · Seasonality: Evergreen",246000,201000,246000,201000,246000,246000,246000,246000,246000,301000,301000,301000,246000,301000,246000,246000,301000,301000,301000,301000,301000,368000,368000,301000,301000,301000,368000,368000,368000,368000,301000,301000,368000,368000,368000,301000,368000,301000,368000,368000,368000,368000,368000,368000,368000,450000,450000,450000
"free data",90500,"growing 267%","+267%",81,"0.02","$3.23",No,"Length: Head (1–2 words) · Seasonality: Peaks in May",27100,22200,22200,22200,22200,27100,22200,22200,22200,22200,22200,22200,22200,22200,22200,22200,22200,27100,33100,33100,27100,33100,33100,33100,27100,27100,27100,27100,27100,33100,22200,27100,27100,33100,33100,33100,33100,33100,60500,60500,40500,40500,74000,110000,135000,165000,165000,135000
"location data",1000,"declining -32%","-32%",47,"0.07","$5.97",No,"Length: Head (1–2 words) · Seasonality: Evergreen",1900,1900,1900,1900,1600,1600,1300,1900,1300,1600,1300,1300,1300,1600,1600,1300,1000,1300,1300,1300,1600,1300,1300,1000,1300,1300,1300,1300,1300,1600,1300,1600,1300,1300,1300,880,1300,1600,1000,880,880,1000,880,1300,1000,880,880,880
"free location",1000,"growing 30%","+30%",41,"0.18","$0.77",No,"Length: Head (1–2 words) · Seasonality: Evergreen",1600,1600,1600,1600,1600,1300,1300,1300,1000,1300,1300,1600,1300,1600,1300,1300,1300,1300,1300,1600,1300,1000,1300,1300,1300,1300,1300,1000,1000,1000,1000,1000,1000,1000,1000,1000,1000,1000,1000,1000,1000,1000,1000,1000,1300,1300,1300,1300
"free google maps",880,"stable 5%","+5%",35,"0.29","$0.43",No,"Contains: google maps · Length: Body (3–4 words) · Seasonality: Evergreen",1000,880,1000,880,880,880,880,880,880,880,880,880,880,880,720,720,720,720,880,880,880,880,880,720,880,720,720,720,880,720,720,880,1000,1000,880,880,880,880,880,880,880,880,720,880,880,1000,880,880
"google maps business",9900,"stable 7%","+7%",59,"0.11","$7.76",No,"Contains: google maps · Length: Body (3–4 words) · Seasonality: Evergreen",8100,9900,9900,8100,8100,8100,9900,9900,8100,8100,8100,9900,9900,9900,9900,9900,9900,12100,9900,12100,9900,12100,9900,9900,9900,9900,12100,14800,12100,33100,14800,12100,12100,12100,9900,9900,9900,9900,9900,9900,9900,12100,12100,12100,12100,12100,9900,9900
"gps location",74000,"stable 14%","+14%",55,"0.32","$0.14",No,"Contains: gps location · Length: Head (1–2 words) · Seasonality: Evergreen",60500,60500,60500,60500,60500,60500,49500,60500,60500,60500,60500,60500,60500,60500,60500,60500,60500,60500,60500,60500,60500,60500,60500,60500,60500,60500,74000,74000,60500,60500,60500,60500,60500,60500,60500,74000,60500,74000,60500,60500,60500,74000,60500,74000,74000,74000,74000,74000
"google map location",550000,"growing 39%","+39%",95,"0.01","$0.05",No,"Contains: google map · Contains: google map location · Length: Body (3–4 words) · Seasonality: Evergreen",201000,201000,201000,201000,201000,201000,201000,201000,246000,368000,368000,368000,368000,368000,301000,301000,301000,301000,301000,368000,368000,450000,368000,368000,368000,368000,368000,368000,368000,368000,450000,450000,450000,450000,450000,450000,450000,450000,550000,550000,550000,550000,450000,550000,550000,673000,673000,673000
"gps coordinates google maps",12100,"stable 1%","+1%",65,"0.04","$0.19",No,"Contains: google maps · Contains: gps coordinates · Length: Body (3–4 words) · Seasonality: Evergreen",14800,14800,14800,12100,12100,12100,12100,12100,12100,14800,14800,18100,18100,14800,14800,14800,14800,14800,14800,14800,18100,18100,18100,18100,18100,18100,18100,18100,18100,14800,12100,14800,14800,14800,14800,14800,12100,12100,12100,12100,9900,9900,9900,9900,9900,9900,12100,14800
"geo map",40500,"stable -18%","-18%",62,"0.19","$1.84",No,"Length: Head (1–2 words) · Seasonality: Evergreen",33100,40500,33100,33100,27100,33100,33100,40500,33100,33100,33100,33100,40500,40500,40500,33100,27100,40500,40500,40500,33100,40500,33100,33100,40500,40500,40500,33100,33100,40500,40500,40500,40500,40500,40500,33100,40500,49500,40500,40500,33100,40500,40500,49500,40500,40500,33100,33100
"gps coordinates",49500,"growing 33%","+33%",76,"0.03","$0.23",No,"Contains: gps coordinates · Length: Head (1–2 words) · Seasonality: Evergreen",60500,60500,49500,49500,49500,49500,49500,60500,49500,60500,60500,49500,60500,49500,49500,49500,49500,49500,49500,60500,60500,60500,60500,60500,60500,49500,60500,74000,60500,49500,49500,49500,49500,49500,49500,49500,49500,49500,49500,40500,40500,40500,49500,49500,49500,74000,49500,74000
"gps google maps",12100,"growing 108%","+108%",61,"0.1","$0.12",No,"Contains: google maps · Length: Body (3–4 words) · Seasonality: Evergreen",12100,12100,9900,9900,12100,14800,8100,8100,8100,8100,8100,9900,9900,9900,8100,8100,8100,8100,8100,8100,8100,8100,8100,8100,8100,6600,6600,6600,8100,6600,6600,6600,6600,6600,6600,8100,8100,6600,6600,9900,9900,12100,14800,18100,14800,14800,14800,14800
"geotag photos",33100,"growing 24%","+24%",58,"0.23","$0.06",No,"Length: Head (1–2 words) · Seasonality: Evergreen",9900,9900,8100,9900,9900,14800,12100,12100,9900,9900,9900,9900,14800,14800,14800,12100,12100,18100,14800,14800,14800,14800,18100,22200,18100,22200,22200,18100,18100,22200,22200,27100,33100,27100,33100,33100,27100,33100,27100,27100,27100,33100,27100,27100,27100,27100,40500,40500
"maps google maps",74000,"stable 6%","+6%",80,"0.01","$0.10",No,"Contains: google maps · Contains: maps google maps · Length: Body (3–4 words) · Seasonality: Evergreen",90500,74000,74000,60500,60500,60500,60500,60500,74000,90500,74000,74000,90500,74000,60500,60500,60500,60500,60500,74000,74000,74000,74000,110000,135000,90500,74000,74000,74000,90500,74000,74000,74000,74000,90500,90500,90500,90500,74000,74000,74000,74000,74000,90500,74000,90500,90500,90500
"geo mapping free",90,"stable -14%","-14%",24,"0.28","$3.32",No,"Length: Body (3–4 words) · Seasonality: Evergreen",260,170,170,170,140,170,140,170,140,140,170,140,210,210,210,170,140,170,170,170,210,170,140,170,140,110,110,110,90,140,140,110,140,110,110,110,90,110,90,70,70,90,90,110,110,90,70,90
"search maps",12100,"stable 0%","0%",67,"0.02","$0.18",No,"Length: Head (1–2 words) · Seasonality: Evergreen",12100,12100,12100,9900,9900,12100,9900,12100,9900,12100,12100,12100,12100,12100,12100,9900,12100,12100,12100,14800,14800,14800,12100,14800,12100,12100,12100,12100,9900,9900,9900,12100,12100,12100,12100,12100,12100,12100,12100,9900,9900,9900,9900,12100,12100,12100,12100,12100
"google map service",480,"stable -19%","-19%",43,"0.03","$5.26",No,"Contains: google map · Length: Body (3–4 words) · Seasonality: Evergreen",720,590,720,590,590,590,590,720,590,720,590,590,720,720,720,720,720,720,880,880,720,720,720,720,720,720,590,590,590,590,720,720,720,590,590,590,590,590,590,480,480,480,480,590,480,480,480,480
"mapping services",6600,"declining -77%","-77%",59,"0.08","$4.85",No,"Length: Head (1–2 words) · Seasonality: Peaks in August",4400,4400,4400,4400,4400,5400,5400,5400,5400,5400,4400,4400,4400,4400,4400,4400,3600,5400,4400,22200,4400,4400,4400,4400,3600,4400,4400,9900,14800,8100,5400,5400,12100,4400,4400,6600,33100,6600,6600,3600,5400,3600,5400,4400,3600,3600,3600,3600
"location search",2900,"stable -11%","-11%",51,"0.11","$0.53",No,"Length: Head (1–2 words) · Seasonality: Evergreen",3600,3600,3600,3600,2900,3600,3600,3600,2900,3600,3600,2900,2900,2900,2900,2900,2900,2900,2900,2900,2900,3600,2900,2900,2900,2400,2900,2400,2400,2900,2900,2900,2900,3600,2900,2900,2900,2900,2900,2900,2900,2900,2400,2900,2900,2900,2400,2400
"search location",2900,"stable 8%","+8%",53,"0.08","$0.35",No,"Length: Head (1–2 words) · Seasonality: Evergreen",2900,2900,2900,2900,2900,3600,2900,3600,3600,3600,3600,3600,3600,3600,2900,2900,2900,2900,2900,2900,2900,2900,2900,2900,2900,2900,2900,3600,2900,2900,2900,3600,3600,3600,2900,2900,2900,2900,2900,2900,2900,2900,2900,2900,2900,3600,2900,2900
"local map",8100,"stable -13%","-13%",64,"0.02","$0.90",No,"Intent: Local · Length: Head (1–2 words) · Seasonality: Evergreen",12100,12100,12100,9900,9900,12100,9900,12100,9900,9900,8100,8100,8100,9900,9900,8100,8100,9900,9900,9900,8100,8100,8100,8100,8100,9900,8100,6600,6600,8100,8100,8100,8100,8100,8100,8100,9900,9900,8100,8100,6600,8100,8100,8100,8100,8100,8100,8100
"gps location google maps",12100,"stable 1%","+1%",65,"0.04","$0.19",No,"Contains: google maps · Contains: gps location · Contains: location google maps · Length: Body (3–4 words) · Seasonality: Evergreen",14800,14800,14800,12100,12100,12100,12100,12100,12100,14800,14800,18100,18100,14800,14800,14800,14800,14800,14800,14800,18100,18100,18100,18100,18100,18100,18100,18100,18100,14800,12100,14800,14800,14800,14800,14800,12100,12100,12100,12100,9900,9900,9900,9900,9900,9900,12100,14800
"mapping online free",1000,"stable -4%","-4%",47,"0.07","$0.98",No,"Contains: online free · Length: Body (3–4 words) · Seasonality: Evergreen",1000,1000,1000,880,720,1000,1000,1000,1000,1000,880,1000,1000,1000,1300,1000,1000,1300,1300,1300,1300,1300,1000,1000,1000,1000,1000,1000,880,1000,1000,1000,1000,1300,1000,1000,1000,1000,1000,1000,880,1000,1000,1300,1000,1000,1000,880
"google maps google maps",18100,"stable 15%","+15%",70,"0.02","$0.07",No,"Contains: google maps · Contains: google maps google · Contains: maps google maps · Length: Body (3–4 words) · Seasonality: Evergreen",14800,14800,14800,14800,14800,14800,14800,18100,14800,18100,18100,18100,14800,14800,14800,14800,14800,14800,14800,18100,18100,18100,18100,18100,18100,18100,18100,18100,18100,18100,18100,22200,22200,18100,18100,18100,18100,18100,18100,18100,14800,18100,14800,22200,18100,22200,22200,18100
"google location map",5400,"growing 30%","+30%",60,"0.04","$0.04",No,"Contains: location map · Contains: google location · Length: Body (3–4 words) · Seasonality: Evergreen",6600,6600,6600,6600,8100,6600,6600,6600,5400,6600,6600,6600,6600,6600,5400,5400,4400,4400,4400,4400,4400,4400,4400,5400,4400,4400,5400,4400,3600,4400,4400,4400,4400,4400,5400,4400,4400,5400,5400,5400,5400,5400,5400,5400,5400,6600,6600,6600
"data online",4400,"stable -7%","-7%",52,"0.15","$3.76",No,"Length: Head (1–2 words) · Seasonality: Evergreen",4400,4400,5400,4400,4400,5400,5400,5400,4400,5400,4400,4400,4400,4400,5400,5400,4400,5400,6600,4400,4400,5400,4400,4400,3600,4400,4400,4400,4400,4400,4400,5400,5400,5400,4400,3600,4400,4400,5400,5400,4400,4400,4400,4400,4400,4400,4400,4400
"geo tags",74000,"stable 6%","+6%",71,"0.13","$0.07",No,"Length: Head (1–2 words) · Seasonality: Evergreen",49500,49500,40500,40500,33100,40500,40500,40500,40500,49500,49500,49500,49500,49500,49500,40500,40500,60500,60500,49500,49500,49500,49500,60500,74000,60500,49500,49500,49500,60500,49500,60500,60500,60500,74000,74000,74000,74000,60500,60500,60500,74000,60500,60500,74000,74000,74000,74000
"map coordinates",27100,"declining -24%","-24%",72,"0.02","$0.26",No,"Length: Head (1–2 words) · Seasonality: Evergreen",27100,27100,27100,27100,22200,27100,22200,27100,22200,27100,27100,27100,27100,27100,27100,27100,22200,27100,27100,27100,33100,33100,27100,27100,27100,27100,27100,27100,22200,27100,27100,27100,27100,27100,27100,27100,27100,33100,27100,22200,22200,22200,22200,27100,22200,22200,22200,22200
"free map images",260,"declining -29%","-29%",38,"0.05","$3.59",No,"Length: Body (3–4 words) · Seasonality: Evergreen",390,390,390,390,320,390,390,390,390,390,390,390,390,480,480,390,320,390,480,390,390,320,320,320,390,390,390,390,320,390,320,390,320,320,320,320,320,320,320,260,210,320,210,320,210,260,210,210
"online location",1600,"stable 0%","0%",52,"0.03","$0.16",No,"Length: Head (1–2 words) · Seasonality: Peaks in October",1000,1000,1000,1000,1000,1000,1000,1000,1000,1300,1000,1000,1000,1000,880,880,1000,1000,1000,1300,1300,1300,1600,1300,1600,1300,22200,2900,1300,1600,1300,1300,1600,1300,1300,1600,1600,1600,1600,1900,1900,1900,1600,1600,1600,1600,1600,1600
"geo location search",320,"stable 7%","+7%",41,"0.02","$1.23",No,"Length: Body (3–4 words) · Seasonality: Evergreen",880,590,590,590,590,720,590,590,590,720,590,590,390,480,720,590,720,720,880,720,590,720,590,590,590,480,480,480,390,590,590,480,320,320,320,320,320,320,260,320,260,260,260,390,320,320,320,320
"maps business",8100,"stable 0%","0%",53,"0.18","$4.16",No,"Length: Head (1–2 words) · Seasonality: Peaks in October",5400,5400,5400,5400,4400,5400,5400,6600,5400,6600,5400,6600,5400,6600,6600,6600,5400,8100,8100,8100,8100,8100,8100,8100,8100,8100,165000,135000,6600,9900,8100,9900,8100,8100,8100,9900,8100,8100,8100,8100,6600,8100,8100,8100,8100,8100,8100,8100
"your business on google maps",50,"declining -52%","-52%",24,"0.14","$8.02",No,"Contains: google maps · Contains: on google maps · Length: Long tail (5+ words) · Seasonality: Evergreen",50,40,40,50,50,40,40,50,50,50,50,40,90,90,90,50,50,50,50,50,70,70,50,50,90,70,70,90,70,90,90,70,90,70,70,90,70,70,70,50,50,30,50,90,30,40,30,30
"google maps online",27100,"growing 83%","+83%",73,"0.01","$0.15",No,"Contains: google maps · Contains: google maps online · Length: Body (3–4 words) · Seasonality: Evergreen",18100,14800,14800,14800,14800,14800,14800,14800,14800,14800,18100,18100,18100,18100,14800,14800,14800,14800,14800,14800,18100,18100,18100,14800,14800,14800,14800,14800,12100,14800,12100,12100,14800,14800,14800,18100,14800,18100,18100,22200,22200,22200,22200,33100,33100,33100,27100,33100
"www google maps",135000,"stable 15%","+15%",86,"0","$0.21",No,"Contains: google maps · Length: Body (3–4 words) · Seasonality: Evergreen",201000,201000,201000,165000,165000,201000,165000,201000,165000,201000,201000,201000,201000,201000,201000,165000,165000,165000,165000,165000,165000,165000,165000,165000,165000,165000,165000,135000,135000,135000,135000,135000,135000,135000,135000,135000,135000,135000,135000,135000,135000,135000,135000,135000,135000,135000,165000,165000
"free data online",2900,"declining -29%","-29%",35,"0.4","$7.22",No,"Length: Body (3–4 words) · Seasonality: Evergreen",5400,5400,6600,6600,5400,6600,5400,6600,6600,6600,5400,5400,5400,6600,6600,6600,5400,8100,6600,6600,6600,6600,5400,5400,4400,4400,5400,6600,4400,5400,4400,5400,4400,4400,3600,3600,2900,3600,3600,2900,2900,2900,2900,2900,2900,2400,2400,2400
"map images",22200,"declining -28%","-28%",67,"0.07","$1.35",No,"Length: Head (1–2 words) · Seasonality: Evergreen",27100,27100,27100,27100,27100,27100,27100,33100,27100,27100,27100,33100,33100,27100,33100,27100,27100,27100,27100,27100,27100,27100,27100,27100,27100,27100,27100,27100,22200,27100,27100,27100,27100,27100,22200,27100,27100,27100,27100,22200,22200,22200,22200,22200,22200,18100,22200,18100
"online data",2400,"growing 102%","+102%",52,"0.07","$3.16",No,"Length: Head (1–2 words) · Seasonality: Evergreen",1600,1900,1900,2400,1600,1900,1900,2400,1900,1900,1600,1300,1600,1900,1900,1900,1600,2400,1900,2400,2400,1900,1900,1600,1600,2400,1900,2400,1600,1900,1900,1900,1900,1900,1600,1600,1600,1900,1900,1900,1900,1900,2400,2900,2900,3600,4400,2900
"free geotag photos online",50,"declining -52%","-52%",22,"0.22","$0.08",No,"Length: Body (3–4 words) · Seasonality: Evergreen",50,30,40,30,30,50,30,40,30,30,30,30,40,50,50,70,50,90,70,70,70,140,90,90,90,110,90,50,50,170,90,110,170,140,140,140,90,90,90,110,30,40,30,50,50,50,30,50
"gps data",1300,"declining -27%","-27%",50,"0.03","$0.85",No,"Length: Head (1–2 words) · Seasonality: Evergreen",1900,1900,1900,1900,1600,1900,2400,2400,1900,1900,1600,1600,1600,1600,1900,1900,1600,2400,2400,2900,2400,2400,2400,1900,1900,2400,2400,1900,1600,1900,1900,2400,1600,1900,1900,1600,1300,1600,1600,1600,1300,1600,1900,1600,1300,1300,1000,1000
"google map business location",590,"growing 71%","+71%",44,"0.05","$2.35",No,"Contains: google map · Length: Body (3–4 words) · Seasonality: Evergreen",480,390,390,390,320,390,390,390,390,390,390,480,480,390,390,390,390,590,390,390,320,320,390,390,390,390,320,320,390,390,320,390,480,720,590,590,390,390,480,390,320,480,880,590,720,720,720,720
"geotagging photos online",1900,"growing 95%","+95%",52,"0.05","$0.06",No,"Length: Body (3–4 words) · Seasonality: Peaks in July",390,320,320,390,390,880,720,480,480,480,480,480,720,720,590,480,480,1000,1000,720,590,590,590,720,480,590,590,880,590,1300,880,880,1600,1600,1600,1900,1300,1300,1300,1300,1300,2400,1600,1300,1600,1600,2400,3600
"free geotag",70,"growing 167%","+167%",29,"0.06","$0.10",No,"Length: Head (1–2 words) · Seasonality: Peaks in January",30,30,40,70,40,70,50,40,30,40,40,40,30,40,40,50,50,50,30,50,30,50,40,40,40,30,30,40,30,40,30,30,20,20,30,30,30,40,50,50,70,140,90,110,90,140,70,110
"geo tagging online",1300,"stable 8%","+8%",51,"0.01","$0.05",No,"Contains: geo tagging · Length: Body (3–4 words) · Seasonality: Peaks in January",590,480,480,480,480,1600,1300,720,880,880,720,880,1000,1000,880,720,880,2900,1900,1000,880,880,1000,1600,2900,1000,880,1000,880,2900,1300,1000,1300,1300,1000,1900,1300,1300,1300,1000,1300,2900,1600,1000,1000,1000,1600,1600
"geotagging photos online free",260,"growing 109%","+109%",37,"0.07","$0.06",No,"Contains: online free · Length: Body (3–4 words) · Seasonality: Peaks in July",50,40,50,20,50,90,50,30,30,50,30,50,50,70,40,50,70,170,90,90,70,90,90,140,90,90,90,90,70,390,170,140,260,210,210,210,170,170,210,210,170,320,260,210,140,170,390,590
"geotag photos online free",1600,"stable 18%","+18%",49,"0.08","$0.08",No,"Contains: online free · Length: Body (3–4 words) · Seasonality: Peaks in July",480,260,260,390,260,880,590,590,480,480,480,590,720,880,1000,720,590,1300,880,720,720,880,1000,1600,1000,1000,880,1000,880,1900,1300,1300,1900,1600,1600,1900,1600,1600,1300,1300,1300,1900,1300,1300,1000,1300,1600,2400
"online geo tagging",140,"declining -44%","-44%",35,"0.02","N/A",No,"Contains: geo tagging · Length: Body (3–4 words) · Seasonality: Peaks in January",50,40,30,30,40,320,210,20,30,40,40,70,70,50,70,70,110,480,260,70,90,70,90,140,140,140,90,90,110,720,210,170,260,170,210,260,170,210,140,170,90,390,110,70,70,90,90,110
"free geotagging online",40,"growing 20%","+20%",27,"0","N/A",No,"Length: Body (3–4 words) · Seasonality: Peaks in January",30,10,10,10,10,30,10,10,10,20,10,10,20,20,20,30,20,50,50,30,30,20,20,30,50,30,30,40,10,50,20,20,20,20,10,20,20,10,20,30,30,90,50,70,70,20,20,20
"online geotag",1300,"stable 8%","+8%",51,"0.01","$0.05",No,"Length: Head (1–2 words) · Seasonality: Peaks in January",590,480,480,480,480,1600,1300,720,880,880,720,880,1000,1000,880,720,880,2900,1900,1000,880,880,1000,1600,2900,1000,880,1000,880,2900,1300,1000,1300,1300,1000,1900,1300,1300,1300,1000,1300,2900,1600,1000,1000,1000,1600,1600
"geotag online free",210,"stable -3%","-3%",38,"0.03","$0.10",No,"Contains: online free · Length: Body (3–4 words) · Seasonality: Peaks in January",110,90,90,90,90,210,170,140,140,140,140,170,170,90,170,140,170,320,170,140,140,140,140,170,210,170,210,210,170,320,210,170,170,140,210,210,210,210,210,170,140,320,210,170,170,140,260,210
"online geotagging photos",30,"declining -57%","-57%",24,"0.03","N/A",No,"Length: Body (3–4 words) · Seasonality: Peaks in January",10,10,10,10,10,140,40,10,20,20,10,10,20,20,20,10,20,70,40,10,20,10,10,20,40,40,30,30,20,110,20,30,40,30,20,30,40,50,50,30,20,50,10,20,30,20,20,20
"geotagging online free",210,"stable -3%","-3%",38,"0.03","$0.10",No,"Contains: online free · Length: Body (3–4 words) · Seasonality: Peaks in January",110,90,90,90,90,210,170,140,140,140,140,170,170,90,170,140,170,320,170,140,140,140,140,170,210,170,210,210,170,320,210,170,170,140,210,210,210,210,210,170,140,320,210,170,170,140,260,210
"search google maps",18100,"growing 5950%","+5950%",70,"0.01","$0.25",No,"Contains: google maps · Contains: search google maps · Length: Body (3–4 words) · Seasonality: Peaks in May",1600,1300,1300,1000,1000,1300,1300,1300,1600,1600,1600,1600,1900,1900,1600,1600,1600,1600,1600,1600,1600,1900,1600,1600,1300,1300,1300,1000,1300,1300,1300,1300,1300,1300,1300,1300,1000,1000,1000,880,1300,1900,3600,5400,14800,60500,60500,60500
"geotagging free",110,"stable 9%","+9%",31,"0.08","$0.13",No,"Length: Head (1–2 words) · Seasonality: Evergreen",70,40,50,70,50,70,50,90,70,70,70,70,70,50,70,70,50,70,70,90,50,70,40,70,70,70,50,70,70,70,70,70,50,50,70,90,90,90,50,140,110,140,90,140,140,90,70,90
"geotag images online",50,"stable -8%","-8%",28,"0.03","N/A",No,"Length: Body (3–4 words) · Seasonality: Peaks in January",50,70,30,70,50,90,70,50,40,30,50,70,50,50,70,70,40,70,20,20,10,20,20,20,30,20,40,30,10,70,50,40,50,30,50,40,50,40,40,50,30,90,50,40,20,30,50,40
"geotag editor",720,"growing 81%","+81%",47,"0.01","$0.16",No,"Length: Head (1–2 words) · Seasonality: Evergreen",90,70,70,50,50,50,40,70,70,70,50,70,170,110,90,70,90,70,110,140,140,140,170,170,170,170,170,170,210,210,210,260,260,260,320,390,320,480,480,720,720,590,720,880,880,720,720,880
"image geo tagging",590,"growing 30%","+30%",46,"0.01","$0.07",No,"Contains: geo tagging · Length: Body (3–4 words) · Seasonality: Peaks in July",90,110,110,110,110,70,110,140,90,140,140,170,110,140,110,110,110,140,210,170,260,320,170,210,210,210,210,260,210,320,390,320,480,590,480,720,480,590,390,390,480,590,590,590,590,590,590,720
"google maps location search",1900,"growing 89%","+89%",53,"0.03","$0.06",No,"Contains: google maps · Length: Body (3–4 words) · Seasonality: Evergreen",2900,2900,3600,3600,3600,6600,6600,5400,5400,9900,14800,9900,9900,8100,4400,4400,2400,2400,2900,3600,3600,3600,3600,3600,3600,3600,4400,4400,2900,1900,1900,2400,2900,2900,2400,1600,2400,1000,1300,1600,1900,2400,2400,1900,1900,2900,2400,3600
"geo tag location",590,"stable -6%","-6%",38,"0.18","$0.07",No,"Length: Body (3–4 words) · Seasonality: Evergreen",170,210,210,210,210,210,260,260,390,480,480,590,480,590,480,390,480,590,590,480,480,590,590,880,1300,720,720,720,590,720,590,590,590,590,590,880,590,590,720,590,480,480,480,480,480,480,590,720
"geo tagged images",2400,"growing 26%","+26%",55,"0.02","$0.08",No,"Length: Body (3–4 words) · Seasonality: Evergreen",1300,1000,880,880,720,1300,880,1000,880,1000,880,880,1000,1000,880,880,1000,1600,1300,1000,1000,1300,1000,1600,1300,1300,1300,1300,1000,1900,1300,1600,2400,1900,1900,2400,1900,1900,1900,1900,1900,2900,1900,2400,2400,1900,2400,2900
"geotagging online",1600,"growing 31%","+31%",53,"0.01","$0.14",No,"Length: Head (1–2 words) · Seasonality: Evergreen",1000,1300,1000,1300,1000,1600,1300,1000,880,1000,1000,1300,1600,1000,1300,1000,1000,1900,1600,1000,880,1000,1300,1300,1300,1000,1000,1000,1000,1900,1300,1300,1600,1000,1300,1300,1300,1300,1300,1600,1600,1900,1300,1300,1600,1300,1900,1900
"seo google maps",5400,"declining -46%","-46%",50,"0.19","$2.70",No,"Contains: google maps · Length: Body (3–4 words) · Seasonality: Peaks in December",2900,9900,1900,1900,1900,1900,3600,4400,3600,2900,2900,3600,4400,4400,4400,3600,3600,3600,3600,3600,2900,3600,3600,3600,2900,2900,2900,3600,4400,3600,4400,4400,4400,4400,3600,3600,3600,2900,1900,9900,14800,14800,1900,2900,1600,1900,1000,1600
"map website",18100,"growing 48%","+48%",70,"0.01","$1.69",No,"Length: Head (1–2 words) · Seasonality: Evergreen",9900,12100,9900,9900,8100,9900,9900,9900,9900,9900,9900,9900,9900,12100,12100,9900,9900,9900,12100,12100,12100,12100,9900,9900,12100,12100,12100,9900,9900,9900,9900,12100,12100,14800,14800,12100,12100,12100,18100,22200,22200,22200,12100,27100,27100,22200,22200,18100
"geo coordinates",3600,"stable -13%","-13%",57,"0.04","$0.06",No,"Length: Head (1–2 words) · Seasonality: Evergreen",2900,3600,2900,2900,2900,3600,2900,3600,2900,3600,3600,3600,5400,4400,4400,3600,3600,4400,4400,4400,5400,4400,4400,4400,3600,4400,3600,3600,3600,3600,3600,3600,3600,4400,3600,3600,3600,3600,3600,3600,2900,2900,2900,3600,2900,3600,2900,2900
"geotag images online free",30,"declining -29%","-29%",24,"0.02","N/A",No,"Contains: online free · Length: Body (3–4 words) · Seasonality: Peaks in January",50,20,20,50,40,170,140,70,70,70,50,50,50,20,40,40,20,140,40,30,20,40,70,20,40,30,20,40,30,40,40,70,50,10,10,10,10,20,40,50,50,70,30,20,20,20,20,10
"geotag photos free",70,"stable 10%","+10%",26,"0.17","$0.11",No,"Length: Body (3–4 words) · Seasonality: Evergreen",110,70,90,110,70,90,70,70,30,50,40,50,90,50,50,40,50,70,90,70,50,50,70,50,70,50,50,50,50,70,70,70,90,50,90,140,70,50,90,90,50,90,70,90,70,70,70,90
"free geo",480,"stable 9%","+9%",45,"0","N/A",No,"Length: Head (1–2 words) · Seasonality: Evergreen",110,110,90,110,90,90,90,90,90,110,110,110,90,110,90,140,170,110,260,210,260,320,320,320,260,320,390,480,390,390,390,590,480,480,320,260,320,480,390,480,390,480,480,480,480,590,390,320
"geo photos",2400,"declining -22%","-22%",53,"0.06","$0.06",No,"Length: Head (1–2 words) · Seasonality: Peaks in September",1900,3600,1900,1900,1600,1900,1900,1900,1900,1600,1600,1900,1900,2900,1900,1900,1600,2400,1900,1900,2400,1900,2400,2400,2400,5400,4400,2900,2900,3600,2900,2900,2900,2900,2400,2400,2400,4400,2400,2400,1900,2400,1900,1900,2400,2400,2400,2400
"online geo",210,"stable 6%","+6%",38,"0.03","N/A",No,"Length: Head (1–2 words) · Seasonality: Evergreen",140,140,210,210,140,170,140,210,170,210,210,170,210,170,170,170,170,210,260,210,170,260,210,140,140,170,170,170,110,170,210,210,210,260,210,140,110,210,210,210,170,210,260,260,210,210,210,140
"mapping map",5400,"declining -49%","-49%",62,"0.01","$0.38",No,"Length: Head (1–2 words) · Seasonality: Evergreen",18100,14800,14800,14800,9900,12100,12100,9900,8100,8100,5400,8100,12100,9900,12100,8100,6600,12100,14800,18100,12100,8100,5400,9900,9900,8100,8100,6600,4400,6600,5400,4400,5400,4400,3600,6600,6600,6600,8100,5400,3600,5400,4400,3600,4400,3600,2900,4400
"geotag image online",140,"growing 32%","+32%",35,"0.01","N/A",No,"Length: Body (3–4 words) · Seasonality: Peaks in January",50,40,40,40,50,170,110,70,50,70,70,90,90,90,90,90,50,140,70,90,50,50,30,50,50,40,50,40,50,210,70,50,90,90,110,110,90,140,110,170,170,260,140,110,110,140,140,170
"map photos",9900,"stable -7%","-7%",59,"0.12","$0.14",No,"Length: Head (1–2 words) · Seasonality: Evergreen",9900,12100,9900,9900,9900,9900,9900,9900,9900,9900,9900,9900,9900,12100,12100,9900,9900,9900,9900,12100,9900,9900,9900,9900,12100,12100,12100,9900,9900,9900,9900,9900,9900,9900,9900,9900,9900,12100,9900,9900,9900,9900,9900,9900,9900,9900,9900,9900
"geotag images free",40,"stable -15%","-15%",27,"0.01","N/A",No,"Length: Body (3–4 words) · Seasonality: Evergreen",20,20,20,20,10,20,20,50,30,50,20,20,20,40,20,20,20,40,10,30,40,20,50,50,20,10,30,20,20,20,20,20,30,10,30,30,40,50,40,40,20,20,50,40,70,70,20,20
"mapping website free",260,"stable 15%","+15%",34,"0.15","$2.46",No,"Length: Body (3–4 words) · Seasonality: Evergreen",390,390,320,320,260,320,320,320,320,390,320,260,320,320,260,320,260,260,320,320,320,320,260,260,260,210,320,320,260,320,260,320,320,260,210,210,210,260,260,260,260,260,260,320,320,260,320,260
"geo tagging image online",140,"growing 32%","+32%",35,"0.01","N/A",No,"Contains: geo tagging · Length: Body (3–4 words) · Seasonality: Peaks in January",50,40,40,40,50,170,110,70,50,70,70,90,90,90,90,90,50,140,70,90,50,50,30,50,50,40,50,40,50,210,70,50,90,90,110,110,90,140,110,170,170,260,140,110,110,140,140,170
"geo location tagging",210,"stable -7%","-7%",15,"0.6","$2.77",No,"Length: Body (3–4 words) · Seasonality: Evergreen",320,320,320,390,320,390,480,320,320,390,390,480,480,390,260,260,260,260,260,260,260,260,210,260,260,210,260,260,170,260,210,210,210,210,210,210,210,210,170,170,170,320,210,260,170,170,170,210
"geo location map",880,"stable -19%","-19%",46,"0.07","$1.05",No,"Contains: location map · Length: Body (3–4 words) · Seasonality: Evergreen",1000,1000,1000,1000,1000,1000,1000,1000,1000,1000,1000,1000,1300,1300,1300,1300,1300,1300,1600,1600,1600,1600,1300,1300,1300,1300,1300,1000,1000,1000,1000,1000,1600,1600,1300,1000,1000,1000,880,880,880,880,880,1000,880,720,720,880
"location tag image",30,"stable -18%","-18%",25,"0","N/A",No,"Length: Body (3–4 words) · Seasonality: Evergreen",20,20,20,30,40,30,30,40,50,40,30,50,40,40,40,30,30,50,30,30,30,30,40,30,20,30,50,50,40,30,40,20,40,50,40,40,40,40,30,40,50,30,30,30,40,30,40,20
"your location",90500,"growing 123%","+123%",83,"0","$0.07",No,"Length: Head (1–2 words) · Seasonality: Peaks in May",22200,22200,22200,22200,33100,33100,22200,22200,22200,27100,22200,22200,22200,22200,22200,27100,27100,27100,22200,40500,74000,90500,74000,74000,74000,60500,60500,60500,60500,60500,60500,60500,60500,74000,60500,60500,60500,49500,49500,49500,60500,74000,60500,110000,110000,135000,110000,110000
"location coordinates",9900,"stable 0%","0%",65,"0.02","$0.21",No,"Length: Head (1–2 words) · Seasonality: Evergreen",8100,8100,6600,8100,8100,8100,8100,8100,8100,8100,9900,9900,8100,8100,8100,8100,8100,9900,9900,9900,9900,9900,9900,9900,9900,9900,9900,9900,8100,9900,9900,9900,9900,9900,9900,9900,9900,9900,9900,9900,8100,9900,8100,9900,9900,9900,9900,9900
"image with geotag",30,"stable 0%","0%",20,"0.19","$0.10",No,"Length: Body (3–4 words) · Seasonality: Evergreen",10,10,10,20,10,10,10,20,30,10,10,10,10,10,20,20,70,70,30,40,30,40,30,30,20,20,20,20,20,30,30,20,30,20,20,40,20,40,30,30,10,20,30,30,40,20,30,40
"geo tagged pictures",170,"growing 31%","+31%",29,"0.23","$0.07",No,"Length: Body (3–4 words) · Seasonality: Peaks in June",90,110,90,110,110,170,140,140,170,210,320,260,320,210,170,110,170,170,170,210,210,260,480,320,260,170,170,140,110,140,140,140,110,140,170,140,140,140,210,140,140,210,170,210,140,170,210,260
"geotag photos google maps",20,"stable 0%","0%",19,"0.15","$0.06",No,"Contains: google maps · Length: Body (3–4 words) · Seasonality: Peaks in October",70,50,50,40,30,50,50,40,40,40,40,30,40,40,140,20,30,20,20,30,20,30,30,30,30,20,20,20,10,20,30,30,20,20,10,20,20,20,20,30,30,20,20,20,30,10,20,30
"geo tagging in google maps",390,"stable -4%","-4%",37,"0.14","$0.07",No,"Contains: google maps · Contains: geo tagging · Contains: in google maps · Length: Long tail (5+ words) · Seasonality: Evergreen",590,590,590,480,390,390,390,390,390,390,320,320,390,390,390,390,390,390,480,390,320,480,390,480,590,480,480,390,260,320,320,320,320,480,480,390,320,390,390,320,320,390,320,320,320,320,260,480
"geotag pictures online",50,"growing 70%","+70%",28,"0.03","N/A",No,"Length: Body (3–4 words) · Seasonality: Peaks in January",20,10,10,20,10,50,70,40,30,20,20,20,40,30,40,50,40,70,30,10,20,10,20,30,30,30,20,10,10,20,10,20,20,10,30,30,30,40,30,20,50,70,50,50,30,50,50,70
"maps editor",12100,"stable 0%","0%",65,"0.05","$1.23",No,"Length: Head (1–2 words) · Seasonality: Evergreen",14800,14800,14800,14800,14800,14800,14800,14800,18100,14800,14800,14800,14800,14800,14800,18100,14800,12100,12100,12100,12100,12100,12100,12100,12100,9900,12100,12100,12100,12100,9900,12100,12100,12100,9900,9900,12100,9900,12100,12100,12100,12100,12100,12100,12100,12100,9900,12100
"geo tagging map",110,"stable 0%","0%",28,"0.18","$0.12",No,"Contains: geo tagging · Length: Body (3–4 words) · Seasonality: Evergreen",140,170,140,140,110,90,110,140,140,170,140,170,140,260,210,210,170,170,390,170,140,170,170,260,320,170,210,170,140,210,140,170,140,140,140,140,110,110,140,140,90,110,110,140,110,110,140,110
"geotag photos for free",20,"declining -29%","-29%",16,"0.29","$0.08",No,"Length: Body (3–4 words) · Seasonality: Evergreen",10,10,10,10,10,10,10,10,10,10,10,10,10,10,10,10,10,20,20,10,20,10,10,10,10,10,10,10,10,10,10,20,20,20,20,30,20,30,20,10,20,20,20,20,10,30,10,10
"location tag on photos",70,"stable -9%","-9%",26,"0.15","$0.07",No,"Length: Body (3–4 words) · Seasonality: Evergreen",90,70,50,70,70,70,50,50,70,40,40,50,50,50,70,70,70,50,40,70,70,70,70,70,70,70,50,70,50,50,40,70,70,50,70,90,90,70,70,70,70,70,70,70,50,70,70,70
"geo tagged pic",10,"growing 133%","+133%",16,"0.07","N/A",No,"Length: Body (3–4 words) · Seasonality: Evergreen",10,10,10,10,10,10,20,10,10,10,10,10,20,10,10,10,10,10,10,10,10,20,10,20,10,20,10,20,10,20,20,10,10,10,30,10,10,10,10,20,20,10,10,20,10,10,30,30
"geo image tag",170,"stable 16%","+16%",36,"0.03","$0.05",No,"Length: Body (3–4 words) · Seasonality: Evergreen",20,10,10,10,10,20,30,20,50,90,90,70,50,40,70,50,70,110,140,140,90,110,90,140,110,140,140,210,320,260,170,170,170,170,140,210,170,140,140,140,210,260,170,140,140,140,170,210
"search geotagged photos",10,"declining -20%","-20%",17,"0","N/A",No,"Length: Body (3–4 words) · Seasonality: Peaks in August",70,10,20,20,20,20,20,20,30,30,40,30,20,20,20,20,30,40,30,40,40,20,30,20,30,10,10,10,10,20,20,20,20,10,20,20,20,20,10,10,10,10,10,10,10,20,10,10
"geo editor",90,"growing 57%","+57%",33,"0","N/A",No,"Length: Head (1–2 words) · Seasonality: Evergreen",90,90,90,90,50,70,70,70,70,90,70,90,70,70,90,70,70,110,70,70,70,70,50,50,70,70,70,70,70,50,90,170,90,90,70,50,70,70,70,70,90,70,90,110,90,110,110,110
"gps tagged photos",720,"growing 22%","+22%",32,"0.32","$0.07",No,"Length: Body (3–4 words) · Seasonality: Evergreen",170,170,170,210,170,260,140,170,170,170,140,210,260,210,210,210,390,260,260,260,260,260,320,320,390,390,390,480,480,480,480,480,480,390,480,590,480,720,590,880,720,720,590,720,590,590,720,880
"location photos",14800,"stable 6%","+6%",59,"0.15","$0.07",No,"Length: Head (1–2 words) · Seasonality: Evergreen",14800,12100,12100,12100,12100,14800,12100,14800,14800,14800,14800,18100,18100,14800,14800,12100,12100,12100,12100,14800,14800,14800,14800,14800,14800,12100,12100,12100,12100,14800,12100,14800,14800,14800,14800,14800,14800,14800,12100,12100,14800,14800,12100,14800,14800,14800,14800,14800
"online map services",6600,"declining -41%","-41%",52,"0.19","$2.80",No,"Length: Body (3–4 words) · Seasonality: Peaks in September",170,170,140,110,110,140,140,140,170,210,170,170,170,170,210,210,170,260,210,140,210,170,140,210,260,210,170,170,5400,5400,260,480,480,1900,8100,12100,9900,33100,2400,2400,1000,590,480,720,4400,14800,12100,110
"free gps location",4400,"stable -18%","-18%",22,"0.63","$0.99",No,"Contains: gps location · Length: Body (3–4 words) · Seasonality: Evergreen",2400,2400,2400,2400,2900,2900,2400,2400,2900,2900,2900,2900,3600,2900,2900,2900,3600,3600,3600,3600,3600,3600,3600,3600,4400,3600,4400,4400,4400,4400,3600,4400,4400,4400,3600,4400,4400,4400,4400,4400,3600,4400,4400,4400,3600,3600,3600,3600
"geo maps online",110,"declining -27%","-27%",30,"0.12","$2.07",No,"Length: Body (3–4 words) · Seasonality: Evergreen",90,140,140,110,90,110,110,110,110,110,110,110,110,170,140,110,90,140,110,140,140,110,140,90,140,140,140,170,140,210,170,170,140,140,140,170,170,110,90,90,70,110,90,140,110,90,70,110
"map geotagged photos",30,"stable -9%","-9%",24,"0.05","N/A",No,"Length: Body (3–4 words) · Seasonality: Evergreen",50,50,50,40,40,40,30,30,40,50,50,40,50,40,30,50,40,40,40,50,50,50,40,40,40,40,30,20,30,40,50,40,20,30,20,40,30,40,40,40,30,20,30,20,30,30,20,50
"geo image",1300,"declining -27%","-27%",51,"0.02","$3.26",No,"Length: Head (1–2 words) · Seasonality: Evergreen",880,1600,1600,1600,1000,1600,1300,1600,1000,1000,1000,880,880,1600,1900,1900,1600,1900,1900,1900,1600,1300,1300,1000,880,1300,1300,1300,1000,1900,1600,1900,1600,1600,1300,1000,1000,1600,1600,1600,1300,1600,1300,1600,1300,1300,880,880
"geo tagged photographs",9900,"growing 64%","+64%",48,"0.28","$0.05",No,"Length: Body (3–4 words) · Seasonality: Peaks in July",4400,2900,2900,2900,590,720,720,590,480,590,720,1300,2900,6600,3600,2900,3600,6600,5400,4400,4400,4400,5400,8100,6600,6600,5400,6600,5400,8100,6600,6600,8100,8100,8100,9900,8100,9900,8100,9900,8100,12100,9900,9900,9900,9900,14800,18100
"image location tag",10,"stable 0%","0%",16,"0.06","N/A",No,"Length: Body (3–4 words) · Seasonality: Evergreen",30,40,30,40,30,20,30,30,10,20,20,10,10,20,30,10,10,10,10,10,10,10,10,10,10,10,10,10,10,10,10,10,10,10,10,10,10,10,10,10,10,10,10,10,10,10,10,10
"geotag location",390,"growing 23%","+23%",36,"0.17","$0.07",No,"Length: Head (1–2 words) · Seasonality: Evergreen",210,260,210,170,170,260,210,210,210,210,210,210,260,260,260,210,210,320,390,320,320,390,320,390,390,390,320,320,260,320,320,320,260,390,390,390,390,390,390,390,320,390,390,480,480,480,480,480
"google maps online free",140,"growing 76%","+76%",34,"0.05","$0.30",No,"Contains: google maps · Contains: online free · Contains: google maps online · Length: Body (3–4 words) · Seasonality: Evergreen",210,70,70,70,50,110,90,110,140,110,40,70,110,70,90,90,90,90,90,110,110,90,90,90,50,50,70,50,70,90,70,110,110,140,140,140,90,90,110,90,140,170,140,170,170,170,170,170
"geo tags on photos",50,"stable 7%","+7%",28,"0.03","N/A",No,"Length: Body (3–4 words) · Seasonality: Evergreen",70,50,70,50,50,40,20,20,30,50,30,20,20,10,10,30,20,20,20,20,10,20,10,20,20,20,20,10,20,20,20,10,20,20,20,20,40,30,70,40,40,50,70,70,70,40,70,40
"location images",8100,"stable -18%","-18%",65,"0","$1.01",No,"Length: Head (1–2 words) · Seasonality: Evergreen",6600,6600,6600,6600,6600,6600,6600,6600,6600,6600,6600,8100,8100,8100,8100,8100,8100,8100,8100,8100,8100,8100,8100,8100,8100,8100,8100,8100,8100,8100,8100,8100,8100,8100,8100,8100,9900,9900,8100,8100,8100,8100,8100,8100,8100,6600,8100,8100
"google geo tagging",260,"growing 41%","+41%",31,"0.23","$0.06",No,"Contains: geo tagging · Length: Body (3–4 words) · Seasonality: Evergreen",140,140,140,140,110,210,140,170,170,170,170,170,210,210,210,170,170,210,210,210,170,170,170,210,170,210,170,140,140,210,210,210,210,210,170,210,210,260,210,210,210,260,210,210,210,320,320,320
"geo images",9900,"declining -51%","-51%",65,"0.02","$0.23",No,"Length: Head (1–2 words) · Seasonality: Peaks in September",12100,33100,12100,9900,8100,12100,9900,9900,9900,8100,8100,8100,9900,22200,9900,8100,6600,12100,9900,8100,9900,8100,8100,8100,9900,18100,8100,6600,6600,9900,6600,6600,9900,9900,8100,8100,14800,22200,9900,8100,6600,12100,8100,6600,8100,8100,8100,6600
"geotagging website",90,"stable 8%","+8%",33,"0","N/A",No,"Length: Head (1–2 words) · Seasonality: Peaks in March",70,70,70,70,50,90,110,260,70,70,70,50,70,50,50,90,50,110,90,70,70,70,50,90,140,70,70,70,30,70,50,70,90,90,90,110,90,90,70,110,90,70,70,90,90,70,110,90
"google map geo tagging",390,"stable -4%","-4%",37,"0.14","$0.07",No,"Contains: google map · Contains: geo tagging · Length: Body (3–4 words) · Seasonality: Evergreen",590,590,590,480,390,390,390,390,390,390,320,320,390,390,390,390,390,390,480,390,320,480,390,480,590,480,480,390,260,320,320,320,320,480,480,390,320,390,390,320,320,390,320,320,320,320,260,480
"make geotag image online",10,"growing 100%","+100%",17,"0","N/A",No,"Length: Body (3–4 words) · Seasonality: Evergreen",10,10,10,10,10,10,10,10,10,10,10,10,10,10,10,10,0,10,10,10,10,10,10,10,10,10,0,10,10,10,0,0,10,10,10,10,10,0,10,10,10,20,20,10,10,20,10,10
"map mapping online",10,"stable 0%","0%",8,"0.54","$2.13",No,"Length: Body (3–4 words) · Seasonality: Peaks in October",50,70,140,70,50,50,50,50,40,50,30,70,30,70,40,40,20,20,30,10,30,20,20,20,10,20,10,10,10,10,10,10,10,10,10,10,10,10,10,10,10,10,10,10,10,10,10,10
"map making online",1300,"stable -18%","-18%",46,"0.12","$1.74",No,"Length: Body (3–4 words) · Seasonality: Evergreen",2400,1900,2400,2400,1900,2400,2400,2400,2400,2400,1900,1900,1900,1900,2400,1900,1900,2400,2400,2400,2400,1900,1900,1900,1900,1900,1900,1900,1600,1900,1600,1900,1900,1900,1600,1300,1300,1300,1300,1300,1000,1300,1000,1300,1300,1300,1000,880
"gps tagging photos",33100,"growing 24%","+24%",58,"0.23","$0.06",No,"Length: Body (3–4 words) · Seasonality: Evergreen",9900,9900,8100,9900,9900,14800,12100,12100,9900,9900,9900,9900,14800,14800,14800,12100,12100,18100,14800,14800,14800,14800,18100,22200,18100,22200,22200,18100,18100,22200,22200,27100,33100,27100,33100,33100,27100,33100,27100,27100,27100,33100,27100,27100,27100,27100,40500,40500
"geotag pics",33100,"growing 24%","+24%",58,"0.23","$0.06",No,"Length: Head (1–2 words) · Seasonality: Evergreen",9900,9900,8100,9900,9900,14800,12100,12100,9900,9900,9900,9900,14800,14800,14800,12100,12100,18100,14800,14800,14800,14800,18100,22200,18100,22200,22200,18100,18100,22200,22200,27100,33100,27100,33100,33100,27100,33100,27100,27100,27100,33100,27100,27100,27100,27100,40500,40500
"tag location on google maps",140,"stable -6%","-6%",35,"0.02","N/A",No,"Contains: google maps · Contains: on google maps · Length: Long tail (5+ words) · Seasonality: Evergreen",260,210,170,210,210,260,210,170,260,260,260,260,260,210,260,170,170,170,210,170,170,210,170,210,210,140,170,170,170,140,170,170,140,140,170,140,140,170,170,140,110,140,110,140,110,170,140,140
"google maps tag location",140,"stable -6%","-6%",35,"0.02","N/A",No,"Contains: google maps · Length: Body (3–4 words) · Seasonality: Evergreen",260,210,170,210,210,260,210,170,260,260,260,260,260,210,260,170,170,170,210,170,170,210,170,210,210,140,170,170,170,140,170,170,140,140,170,140,140,170,170,140,110,140,110,140,110,170,140,140
"geotag photography",480,"growing 26%","+26%",36,"0.19","$0.06",No,"Length: Head (1–2 words) · Seasonality: Evergreen",210,210,170,210,170,320,210,260,320,260,260,260,320,320,260,260,260,320,260,260,260,320,390,390,390,480,320,320,320,390,320,390,480,390,480,480,390,480,480,480,480,590,390,390,390,390,720,590
"tag geo",30,"stable 0%","0%",17,"0.32","N/A",No,"Length: Head (1–2 words) · Seasonality: Peaks in October",50,90,170,90,70,50,50,40,40,90,70,70,70,70,70,50,20,20,40,20,20,20,20,40,30,30,30,30,30,30,30,20,20,40,40,30,20,40,20,40,20,20,40,30,30,20,40,20
"free local maps",20,"stable -17%","-17%",19,"0.14","N/A",No,"Intent: Local · Length: Body (3–4 words) · Seasonality: Evergreen",20,20,10,20,10,20,20,30,20,30,20,20,20,20,40,20,20,30,20,10,30,20,10,20,20,20,20,20,10,30,20,30,20,30,40,40,10,30,20,10,20,20,10,30,20,20,20,10
"map online editor",10,"stable 0%","0%",17,"0","N/A",No,"Length: Body (3–4 words) · Seasonality: Evergreen",10,10,10,10,10,20,10,20,10,20,20,10,20,10,20,10,10,20,10,10,10,20,20,20,20,10,20,20,10,10,10,20,10,20,10,10,10,10,10,10,10,10,10,10,10,10,10,10
"data online free",2900,"declining -29%","-29%",35,"0.4","$7.22",No,"Contains: online free · Length: Body (3–4 words) · Seasonality: Evergreen",5400,5400,6600,6600,5400,6600,5400,6600,6600,6600,5400,5400,5400,6600,6600,6600,5400,8100,6600,6600,6600,6600,5400,5400,4400,4400,5400,6600,4400,5400,4400,5400,4400,4400,3600,3600,2900,3600,3600,2900,2900,2900,2900,2900,2900,2400,2400,2400
"images of google maps",12100,"stable 0%","0%",67,"0.01","$0.32",No,"Contains: google maps · Length: Body (3–4 words) · Seasonality: Evergreen",12100,12100,12100,12100,12100,14800,12100,14800,14800,18100,18100,18100,14800,14800,14800,14800,12100,14800,14800,14800,14800,14800,12100,14800,12100,12100,14800,12100,14800,14800,12100,14800,14800,14800,12100,12100,12100,12100,12100,12100,9900,12100,12100,12100,12100,12100,12100,12100
"search location by image",1600,"declining -29%","-29%",52,"0.02","$0.49",No,"Contains: location by image · Length: Body (3–4 words) · Seasonality: Evergreen",1300,1000,1000,1000,1300,1000,1000,1300,1300,1600,1600,1900,1600,1300,1600,1300,1300,1600,1300,1600,1600,1900,1900,2400,2400,1600,1900,1600,1600,1900,1900,1900,1900,2400,1900,2400,2400,1900,1600,1300,2900,1600,1300,2400,1600,1600,1300,1300
"google maps tag",390,"declining -25%","-25%",43,"0","N/A",No,"Contains: google maps · Length: Body (3–4 words) · Seasonality: Evergreen",320,320,320,320,260,320,320,320,260,320,320,320,320,320,320,320,260,320,320,320,320,390,390,390,390,320,320,260,260,260,260,260,260,260,320,320,590,480,480,390,390,390,390,480,390,390,390,390
"geotag bilder",10,"stable 0%","0%",17,"0","N/A",No,"Length: Head (1–2 words) · Seasonality: Evergreen",10,10,20,20,20,10,20,30,20,30,40,20,30,30,10,30,20,20,30,20,40,20,30,20,40,40,30,30,20,20,10,10,10,20,10,10,10,10,10,10,10,10,10,10,10,10,10,10
"google map location tag",140,"stable -6%","-6%",35,"0.02","N/A",No,"Contains: google map · Contains: google map location · Length: Body (3–4 words) · Seasonality: Evergreen",260,210,170,210,210,260,210,170,260,260,260,260,260,210,260,170,170,170,210,170,170,210,170,210,210,140,170,170,170,140,170,170,140,140,170,140,140,170,170,140,110,140,110,140,110,170,140,140
"geo coordinates from google maps",22200,"stable -18%","-18%",72,"0.01","$0.20",No,"Contains: google maps · Length: Long tail (5+ words) · Seasonality: Evergreen",33100,33100,33100,33100,27100,33100,33100,33100,27100,33100,33100,33100,33100,27100,33100,27100,27100,33100,27100,27100,33100,33100,33100,33100,33100,33100,33100,27100,27100,27100,27100,33100,27100,27100,27100,27100,27100,27100,27100,22200,22200,22200,22200,22200,22200,22200,22200,22200
"map for business location",260,"stable 17%","+17%",37,"0.07","$5.73",No,"Length: Body (3–4 words) · Seasonality: Evergreen",170,320,320,320,210,320,210,320,210,390,210,170,170,320,320,320,260,320,260,260,320,260,170,170,260,260,320,320,140,170,210,260,170,170,170,260,210,210,210,210,210,210,260,320,260,210,210,320
"add location to photos online",70,"declining -43%","-43%",30,"0.04","N/A",No,"Contains: add location to · Length: Long tail (5+ words) · Seasonality: Evergreen",90,50,50,70,70,70,70,70,90,70,70,70,70,170,90,70,90,90,110,140,70,110,140,110,110,90,70,70,70,90,90,110,90,70,70,40,90,140,70,40,90,50,30,40,40,70,50,50
"geotag foto",1300,"stable 0%","0%",38,"0.26","$0.08",No,"Length: Head (1–2 words) · Seasonality: Peaks in June",260,480,260,260,260,260,210,320,210,320,320,390,390,590,720,1000,880,1000,1300,880,720,880,880,880,590,880,880,880,880,1900,1900,1300,1300,1300,8100,1300,1000,1300,1600,1300,1000,880,1000,1000,1900,1300,1300,1300
"google maps image search",590,"stable -18%","-18%",46,"0.01","$0.65",No,"Contains: google maps · Length: Body (3–4 words) · Seasonality: Evergreen",720,720,880,720,880,880,880,880,880,880,880,1000,880,880,1000,720,880,1000,720,880,880,880,880,1000,880,880,1300,1300,880,880,880,1000,1300,880,720,880,720,720,720,720,590,590,590,720,590,590,590,590
"geo mapping google maps",90,"growing 121%","+121%",29,"0.12","$2.22",No,"Contains: google maps · Length: Body (3–4 words) · Seasonality: Evergreen",90,70,90,70,50,70,70,110,50,50,70,50,90,90,70,70,50,50,70,90,90,90,110,70,70,90,70,70,70,70,70,70,50,40,70,90,70,70,50,70,50,70,50,70,110,110,140,170
"google maps photos",5400,"stable 0%","0%",58,"0.06","$0.06",No,"Contains: google maps · Length: Body (3–4 words) · Seasonality: Evergreen",4400,5400,5400,5400,4400,5400,5400,5400,5400,5400,5400,5400,5400,5400,5400,4400,4400,5400,5400,5400,5400,5400,5400,5400,5400,5400,5400,4400,6600,5400,4400,5400,5400,5400,5400,5400,5400,5400,5400,5400,4400,5400,5400,5400,5400,5400,5400,5400
"photos gps location",30,"growing 29%","+29%",16,"0.35","$0.10",No,"Contains: gps location · Length: Body (3–4 words) · Seasonality: Evergreen",20,10,20,10,20,10,30,30,20,30,40,40,40,40,30,20,30,30,30,30,40,30,30,50,40,40,40,50,30,40,30,40,30,30,30,40,30,20,20,30,20,30,30,30,20,30,20,40
"geo coordinates on google maps",10,"stable 0%","0%",17,"0","N/A",No,"Contains: google maps · Contains: on google maps · Length: Long tail (5+ words) · Seasonality: Evergreen",20,20,10,20,20,20,20,20,10,30,20,10,10,20,30,30,30,70,70,50,40,20,20,30,10,50,40,20,10,30,20,50,70,30,20,10,10,10,10,10,10,10,10,10,10,10,10,10
"geo mapping and geo tagging",10,"stable 0%","0%",17,"0","N/A",No,"Contains: geo tagging · Length: Long tail (5+ words) · Seasonality: Peaks in August",30,10,10,10,10,10,10,10,10,20,30,30,70,50,30,40,40,10,20,10,10,10,10,10,20,10,20,20,10,10,20,20,10,10,10,10,10,10,10,10,10,10,10,10,10,10,10,10
"gps coordinates search google maps",390,"growing 40%","+40%",42,"0.03","$0.38",No,"Contains: google maps · Contains: gps coordinates · Contains: search google maps · Length: Long tail (5+ words) · Seasonality: Evergreen",590,480,480,390,390,480,320,390,390,480,480,390,480,480,480,480,480,390,390,390,390,390,320,390,480,480,480,480,480,480,480,590,480,390,590,390,320,260,320,320,320,390,320,390,390,390,480,390
"google location tag",210,"declining -48%","-48%",5,"0.88","$0.90",No,"Contains: google location · Length: Body (3–4 words) · Seasonality: Peaks in January",140,110,110,110,140,1000,320,390,320,720,480,480,480,590,590,480,390,480,390,390,480,590,590,480,480,390,320,320,320,390,210,210,210,210,260,210,260,210,590,210,210,210,210,170,170,170,170,210
"free web map",320,"declining -28%","-28%",33,"0.2","$4.54",No,"Length: Body (3–4 words) · Seasonality: Evergreen",880,590,590,480,480,590,480,590,590,590,480,480,590,590,590,590,480,590,590,590,590,590,480,590,480,480,480,390,480,480,480,590,480,480,590,390,390,390,390,320,320,390,390,390,390,320,260,260
"geotag search",1900,"stable 6%","+6%",54,"0.01","$2.52",No,"Length: Head (1–2 words) · Seasonality: Evergreen",1900,1300,1300,1600,1300,2400,2400,2900,1900,1900,1900,1900,1900,1900,2400,1900,2400,2400,2400,2900,2400,2900,2400,2400,2400,2900,3600,2400,1900,2400,2400,2400,2400,1900,1900,1900,1600,1600,1600,1600,1600,1900,1600,1900,1900,1900,1600,1600
"free location map",110,"growing 67%","+67%",29,"0.16","$0.31",No,"Contains: location map · Length: Body (3–4 words) · Seasonality: Evergreen",140,140,110,90,90,110,90,90,90,90,90,90,70,70,90,70,70,70,90,90,140,90,70,90,70,90,110,90,90,110,90,110,110,90,70,50,70,90,110,90,70,90,140,140,110,170,140,140
"using google maps",1900,"declining -38%","-38%",54,"0.02","$0.24",No,"Contains: google maps · Contains: using google maps · Length: Body (3–4 words) · Seasonality: Evergreen",1600,1900,1600,1600,1300,1600,1300,1600,1300,1600,1300,1600,1300,1600,1600,1600,1300,1600,1600,1300,1600,1600,1300,1300,1300,1300,1300,1300,1000,1300,1300,1300,1300,1600,1600,1600,2400,2900,2400,1600,2400,2400,1300,1300,1300,1300,1600,1900
"google location tagging",210,"declining -48%","-48%",5,"0.88","$0.90",No,"Contains: google location · Length: Body (3–4 words) · Seasonality: Peaks in January",140,110,110,110,140,1000,320,390,320,720,480,480,480,590,590,480,390,480,390,390,480,590,590,480,480,390,320,320,320,390,210,210,210,210,260,210,260,210,590,210,210,210,210,170,170,170,170,210
"location data in photos",260,"declining -29%","-29%",39,"0.02","$0.85",No,"Length: Body (3–4 words) · Seasonality: Evergreen",590,480,480,480,390,480,320,480,390,480,390,390,390,390,390,320,320,320,390,320,390,390,390,390,390,390,320,320,320,320,320,320,390,480,320,390,320,320,320,260,260,260,260,260,260,260,210,210
"tag location in google map",140,"stable -6%","-6%",35,"0.02","N/A",No,"Contains: google map · Length: Long tail (5+ words) · Seasonality: Evergreen",260,210,170,210,210,260,210,170,260,260,260,260,260,210,260,170,170,170,210,170,170,210,170,210,210,140,170,170,170,140,170,170,140,140,170,140,140,170,170,140,110,140,110,140,110,170,140,140
"map for photos",10,"stable 0%","0%",7,"0.57","N/A",No,"Length: Body (3–4 words) · Seasonality: Evergreen",10,10,10,10,10,10,10,10,10,10,10,10,10,10,20,10,20,20,10,10,10,10,10,10,10,10,10,10,10,10,10,10,10,10,10,10,10,10,10,10,10,10,10,10,10,10,10,10
"map making free",3600,"declining -24%","-24%",49,"0.17","$1.41",No,"Length: Body (3–4 words) · Seasonality: Evergreen",4400,4400,4400,4400,4400,5400,5400,5400,5400,4400,4400,3600,4400,4400,4400,5400,4400,4400,4400,5400,5400,5400,4400,4400,4400,4400,5400,5400,4400,4400,4400,5400,5400,5400,4400,4400,3600,4400,4400,3600,3600,4400,3600,3600,3600,3600,2900,2900
"geo coordinates search",20,"stable 0%","0%",22,"0.01","N/A",No,"Length: Body (3–4 words) · Seasonality: Evergreen",20,20,20,30,20,20,10,20,10,30,20,40,20,20,20,20,20,20,40,30,30,20,20,30,30,40,20,20,20,30,20,20,30,30,10,20,20,20,10,20,20,10,20,20,10,20,10,20
"google map tag location",140,"stable -6%","-6%",35,"0.02","N/A",No,"Contains: google map · Length: Body (3–4 words) · Seasonality: Evergreen",260,210,170,210,210,260,210,170,260,260,260,260,260,210,260,170,170,170,210,170,170,210,170,210,210,140,170,170,170,140,170,170,140,140,170,140,140,170,170,140,110,140,110,140,110,170,140,140
"location image search",880,"stable -16%","-16%",48,"0.02","$0.62",No,"Length: Body (3–4 words) · Seasonality: Evergreen",720,590,590,590,590,720,590,720,720,880,880,880,880,880,880,880,880,880,880,1000,1000,1000,1000,1300,1300,1000,1000,1000,1000,1000,1000,1300,1300,1300,1000,1000,1000,880,880,880,880,880,720,880,720,880,720,720
"location coordinates on google maps",390,"declining -24%","-24%",40,"0.07","$0.11",No,"Contains: google maps · Contains: on google maps · Length: Long tail (5+ words) · Seasonality: Evergreen",720,590,590,480,590,590,590,720,590,720,590,590,590,590,480,590,590,720,480,480,480,480,480,590,590,590,590,590,720,880,590,590,590,590,480,590,480,480,390,320,320,390,480,480,320,320,390,320
"location coordinates in google maps",90,"declining -55%","-55%",32,"0.02","$0.06",No,"Contains: google maps · Contains: in google maps · Contains: coordinates in google · Length: Long tail (5+ words) · Seasonality: Peaks in August",50,50,50,70,70,70,50,50,40,50,50,40,50,50,70,40,40,50,50,40,50,70,90,170,260,210,170,70,40,90,110,210,170,110,90,50,170,170,40,50,70,90,90,110,110,40,40,90
"location map image",1000,"growing 30%","+30%",50,"0","N/A",No,"Contains: location map · Length: Body (3–4 words) · Seasonality: Evergreen",720,590,720,880,880,880,880,880,880,880,880,1000,880,1000,1000,880,1000,1000,880,1000,880,1000,880,880,880,880,880,1000,880,880,880,1000,1000,1000,880,880,880,1000,880,1000,1000,1000,1000,1000,1000,1000,1300,1300
"web maps service",1900,"declining -28%","-28%",48,"0.12","$5.92",No,"Length: Body (3–4 words) · Seasonality: Evergreen",2400,2400,2400,2900,2400,2900,2900,2900,2400,2400,2400,1900,1900,2400,2900,2900,1900,2400,2900,2900,2400,2400,1900,2400,2900,2900,2900,2400,1900,2400,2400,2400,2400,2400,1900,1900,1900,2400,2400,1900,1900,1900,1900,1900,1600,1600,1600,1600
"google maps and photos",5400,"stable 0%","0%",58,"0.06","$0.06",No,"Contains: google maps · Contains: google maps and · Length: Body (3–4 words) · Seasonality: Evergreen",4400,5400,5400,5400,4400,5400,5400,5400,5400,5400,5400,5400,5400,5400,5400,4400,4400,5400,5400,5400,5400,5400,5400,5400,5400,5400,5400,4400,6600,5400,4400,5400,5400,5400,5400,5400,5400,5400,5400,5400,4400,5400,5400,5400,5400,5400,5400,5400
"google maps location data",90,"declining -22%","-22%",32,"0.01","N/A",No,"Contains: google maps · Length: Body (3–4 words) · Seasonality: Peaks in October",90,50,70,40,30,70,40,70,50,40,50,50,70,50,50,40,90,50,70,50,50,70,70,70,40,40,50,50,70,40,40,70,50,70,90,50,40,70,210,70,70,70,90,50,50,170,40,40
"tag maps",390,"stable 8%","+8%",43,"0","N/A",No,"Length: Head (1–2 words) · Seasonality: Evergreen",480,390,390,390,320,390,390,390,390,390,390,390,390,390,480,480,390,480,480,480,390,480,390,390,390,480,390,320,320,390,390,390,390,480,390,390,390,390,390,390,320,390,390,480,390,480,390,390
"photos by location",70,"stable -10%","-10%",29,"0.05","$0.09",No,"Length: Body (3–4 words) · Seasonality: Evergreen",110,70,50,40,50,70,50,40,70,50,70,90,70,70,70,70,70,70,70,70,70,90,90,90,50,90,110,70,90,70,50,70,70,70,70,90,90,70,50,70,50,70,50,70,50,70,50,70
"geotag pic",33100,"growing 24%","+24%",58,"0.23","$0.06",No,"Length: Head (1–2 words) · Seasonality: Evergreen",9900,9900,8100,9900,9900,14800,12100,12100,9900,9900,9900,9900,14800,14800,14800,12100,12100,18100,14800,14800,14800,14800,18100,22200,18100,22200,22200,18100,18100,22200,22200,27100,33100,27100,33100,33100,27100,33100,27100,27100,27100,33100,27100,27100,27100,27100,40500,40500
"online gps editor",110,"growing 80%","+80%",34,"0","N/A",No,"Length: Body (3–4 words) · Seasonality: Evergreen",50,50,40,30,20,20,20,20,50,50,50,50,70,40,40,30,20,30,40,70,40,40,50,50,50,50,50,90,70,70,70,110,90,110,90,70,90,70,90,70,140,110,110,110,140,140,140,170
"location coordinates from google maps",10,"growing 33%","+33%",17,"0","N/A",No,"Contains: google maps · Length: Long tail (5+ words) · Seasonality: Peaks in February",20,10,10,20,10,10,20,20,10,10,30,20,10,10,10,10,10,10,10,10,10,10,10,10,10,10,10,10,20,30,50,20,10,10,10,10,10,10,10,10,10,10,10,10,10,10,10,20
"search location of image",10,"declining -50%","-50%",17,"0","N/A",No,"Length: Body (3–4 words) · Seasonality: Evergreen",10,10,10,10,10,10,10,20,10,20,10,20,10,10,10,20,20,20,10,20,10,10,10,20,10,20,10,10,10,10,10,20,10,10,20,10,30,10,20,10,10,10,10,10,10,10,10,10
"your maps",2900,"stable 2%","+2%",58,"0","N/A",No,"Length: Head (1–2 words) · Seasonality: Evergreen",1600,1600,1300,1600,1900,1600,1600,1600,2400,2900,2900,2400,2400,2400,2400,3600,2900,2900,2400,2400,2400,2900,2900,2400,2400,1900,2400,2400,2900,2900,2400,2400,2400,2900,2900,2900,2900,2900,2900,2900,2900,2900,2400,2400,2400,2900,3600,2400
"location map for business",30,"stable -18%","-18%",23,"0.09","$2.44",No,"Contains: location map · Length: Body (3–4 words) · Seasonality: Evergreen",20,40,40,30,40,20,30,50,30,50,50,30,30,50,50,30,20,40,50,40,50,50,40,30,30,50,50,50,20,50,30,30,20,20,20,30,30,40,40,40,10,40,30,30,30,30,20,40
"google location images",140,"declining -31%","-31%",35,"0.02","$0.05",No,"Contains: google location · Length: Body (3–4 words) · Seasonality: Evergreen",110,140,110,140,140,140,110,140,110,170,90,140,140,170,170,140,140,170,170,170,140,170,110,170,140,170,140,170,170,210,170,170,210,210,210,210,170,140,140,170,140,140,140,90,110,110,110,90
"geotag an image",20,"growing 50%","+50%",22,"0.01","N/A",No,"Length: Body (3–4 words) · Seasonality: Evergreen",30,10,20,20,20,20,20,20,20,20,20,10,10,40,20,20,20,20,20,30,10,20,20,10,20,20,20,20,20,20,20,10,10,30,10,30,10,20,10,10,20,40,10,20,20,10,30,20
"image gps location",6600,"stable -7%","-7%",37,"0.42","$0.07",No,"Contains: gps location · Contains: image gps location · Length: Body (3–4 words) · Seasonality: Evergreen",1300,1600,1300,1300,1600,1600,1300,1600,1600,1900,1900,2400,1900,2900,2400,1900,2400,2400,2900,2900,2900,2900,2900,2900,2900,2900,3600,3600,4400,5400,5400,4400,5400,5400,6600,8100,6600,8100,5400,5400,5400,5400,5400,5400,5400,5400,6600,6600
"photos map google",5400,"stable 0%","0%",58,"0.06","$0.06",No,"Contains: map google · Length: Body (3–4 words) · Seasonality: Evergreen",4400,5400,5400,5400,4400,5400,5400,5400,5400,5400,5400,5400,5400,5400,5400,4400,4400,5400,5400,5400,5400,5400,5400,5400,5400,5400,5400,4400,6600,5400,4400,5400,5400,5400,5400,5400,5400,5400,5400,5400,4400,5400,5400,5400,5400,5400,5400,5400
"location user",110,"stable -8%","-8%",34,"0.01","N/A",No,"Length: Head (1–2 words) · Seasonality: Evergreen",170,170,110,110,90,90,110,140,110,140,140,110,110,110,140,90,110,140,140,170,140,170,110,140,140,110,110,110,140,140,140,140,140,110,110,140,110,140,110,110,90,140,110,110,140,110,110,110
"search google maps with image",20,"declining -57%","-57%",22,"0","N/A",No,"Contains: google maps · Contains: search google maps · Length: Long tail (5+ words) · Seasonality: Evergreen",40,30,20,30,30,30,30,30,30,50,70,70,70,70,70,50,50,70,70,90,50,90,70,50,90,50,40,50,50,70,40,50,40,40,20,20,20,20,30,20,10,20,20,10,10,10,10,10
"apa itu geo tagging",880,"growing 81%","+81%",49,"0.01","$0.32",No,"Contains: geo tagging · Length: Body (3–4 words) · Seasonality: Peaks in June",210,720,720,720,320,210,210,390,210,590,320,260,590,390,480,480,320,590,720,320,260,880,590,720,590,480,880,590,480,320,390,390,590,590,2900,590,720,880,720,720,590,590,590,590,1900,1300,1600,1300
"geo data from image",10,"declining -25%","-25%",17,"0","N/A",No,"Length: Body (3–4 words) · Seasonality: Evergreen",30,30,20,20,30,20,20,20,20,30,20,30,30,20,10,10,20,20,10,20,10,10,20,10,20,10,20,20,10,10,10,10,10,20,20,10,10,20,10,10,10,10,10,10,10,10,10,10
"google maps map service",20,"declining -63%","-63%",22,"0","N/A",No,"Contains: google maps · Length: Body (3–4 words) · Seasonality: Peaks in June",40,30,20,10,10,10,10,10,10,10,10,0,10,10,10,10,10,0,10,10,0,10,10,10,10,10,10,10,10,10,10,10,10,20,320,40,20,30,30,70,30,30,20,20,10,10,10,10
"google maps local",8100,"stable 0%","0%",63,"0.03","$0.09",No,"Contains: google maps · Intent: Local · Length: Body (3–4 words) · Seasonality: Evergreen",4400,4400,4400,4400,4400,5400,4400,5400,4400,4400,5400,5400,5400,5400,5400,5400,5400,5400,4400,5400,5400,5400,5400,6600,6600,6600,6600,6600,6600,6600,6600,8100,8100,8100,8100,8100,8100,8100,6600,6600,6600,6600,6600,8100,6600,6600,8100,8100
"online geotagging tool",40,"stable -8%","-8%",27,"0.01","N/A",No,"Length: Body (3–4 words) · Seasonality: Peaks in July",30,20,20,20,20,20,10,30,20,10,10,20,30,30,10,10,10,10,10,10,10,10,10,10,10,10,10,0,10,10,10,10,10,10,10,20,30,50,50,40,30,50,30,20,10,20,30,70
"google geotag photos",50,"declining -50%","-50%",17,"0.4","$0.05",No,"Length: Body (3–4 words) · Seasonality: Evergreen",40,30,20,40,20,40,30,40,30,40,50,30,50,50,30,50,50,90,70,40,40,40,50,20,30,40,50,40,50,40,30,70,90,70,70,40,20,90,90,70,70,70,50,20,30,10,40,50
"local map image",20,"declining -33%","-33%",22,"0","N/A",No,"Intent: Local · Length: Body (3–4 words) · Seasonality: Evergreen",20,20,20,20,10,10,20,20,10,20,20,10,10,20,20,20,10,30,40,20,20,10,20,20,30,30,20,10,10,30,30,20,20,30,20,20,20,40,30,30,10,20,20,20,20,20,20,20
"make geotag image",10,"stable 0%","0%",16,"0.05","N/A",No,"Length: Body (3–4 words) · Seasonality: Evergreen",20,10,10,10,10,20,20,10,20,20,20,20,20,10,10,10,20,20,10,10,10,10,10,10,10,0,10,10,10,10,10,10,10,10,10,10,10,10,10,10,0,10,10,10,0,10,10,10
"add location to image online",10,"declining -40%","-40%",17,"0.03","N/A",No,"Contains: add location to · Length: Long tail (5+ words) · Seasonality: Evergreen",30,20,20,10,20,20,10,20,10,20,20,20,20,40,30,10,10,30,20,30,30,20,10,10,20,10,10,10,10,10,10,10,10,10,10,10,20,20,10,10,20,20,10,10,10,10,10,10
"tag location",880,"stable -4%","-4%",15,"0.69","$0.87",No,"Length: Head (1–2 words) · Seasonality: Evergreen",880,720,720,720,720,720,720,720,720,880,880,880,880,720,720,720,880,720,880,880,880,880,880,880,1000,880,880,880,880,880,880,880,880,1000,1000,880,1000,880,1000,880,880,880,720,880,880,880,880,1000
"google map location photos",140,"stable 15%","+15%",27,"0.26","$0.04",No,"Contains: google map · Contains: google map location · Length: Body (3–4 words) · Seasonality: Evergreen",40,50,70,50,50,50,50,50,50,50,70,70,70,90,90,70,70,70,90,90,90,70,90,110,110,90,110,110,90,110,110,140,110,140,140,140,110,140,140,170,110,170,140,140,170,140,140,170
"use for free",320,"growing 31%","+31%",34,"0.19","$0.42",No,"Length: Body (3–4 words) · Seasonality: Peaks in November",110,110,110,140,90,110,140,140,90,170,140,170,170,170,140,1300,210,170,140,110,210,260,260,260,210,170,210,210,170,170,170,210,260,320,260,260,320,260,260,260,210,260,260,260,320,390,390,320
"google location photos",1600,"stable 15%","+15%",35,"0.35","$0.06",No,"Contains: google location · Length: Body (3–4 words) · Seasonality: Evergreen",720,590,720,720,720,1000,1000,880,720,720,880,880,880,880,880,720,880,1000,880,1000,1000,1000,1000,1000,1300,1300,1000,1000,1000,1000,1000,1300,1300,1300,1300,1600,1300,1300,1300,1300,1600,1600,1300,1600,1300,1300,1600,1600
"geo location image",480,"stable 7%","+7%",44,"0.02","$0.15",No,"Length: Body (3–4 words) · Seasonality: Evergreen",390,480,480,390,320,480,480,480,390,480,480,480,480,480,480,480,480,480,480,590,480,590,480,390,590,590,590,480,480,480,480,590,590,590,590,590,590,480,480,480,480,480,480,720,590,590,590,480
"location to location google maps",210,"growing 33%","+33%",39,"0","N/A",No,"Contains: google maps · Contains: location google maps · Contains: location to location · Length: Long tail (5+ words) · Seasonality: Evergreen",210,170,170,170,170,170,140,170,210,210,210,260,210,170,210,90,70,110,110,140,140,140,140,140,210,140,170,170,110,140,140,170,170,140,110,110,170,170,210,170,260,320,210,170,260,260,210,260
"map location map",60500,"growing 110%","+110%",78,"0.02","$0.02",No,"Contains: location map · Length: Body (3–4 words) · Seasonality: Evergreen",110000,90500,110000,110000,135000,135000,135000,135000,135000,165000,165000,165000,165000,135000,135000,135000,90500,74000,74000,60500,60500,60500,60500,60500,60500,49500,49500,49500,49500,49500,49500,49500,49500,49500,49500,40500,40500,40500,40500,40500,49500,49500,49500,60500,74000,74000,90500,90500
"google maps is free",10,"growing 25%","+25%",17,"0","N/A",No,"Contains: google maps · Length: Body (3–4 words) · Seasonality: Evergreen",40,20,20,20,20,40,20,20,20,20,30,20,20,20,20,20,20,20,30,20,30,20,30,30,20,30,20,20,10,20,20,10,10,20,10,20,20,10,10,10,10,10,10,20,10,20,20,10
"google maps is it free",10,"stable 0%","0%",17,"0","N/A",No,"Contains: google maps · Length: Long tail (5+ words) · Seasonality: Evergreen",10,10,10,10,10,10,10,10,10,10,20,10,10,10,10,10,10,10,10,10,10,10,10,10,10,10,10,10,10,10,10,10,10,10,10,10,10,10,10,10,10,10,10,10,10,10,10,10
"search location with image",30,"declining -50%","-50%",24,"0.04","N/A",No,"Length: Body (3–4 words) · Seasonality: Evergreen",20,20,30,20,10,20,10,40,30,40,20,40,40,30,30,30,30,30,40,40,40,30,50,40,40,40,40,70,50,70,50,50,50,70,50,30,50,30,20,20,30,30,30,30,20,20,10,20
"geotag coordinates",30,"declining -33%","-33%",22,"0.11","$0.08",No,"Length: Head (1–2 words) · Seasonality: Peaks in May",20,20,10,20,10,10,20,20,20,260,30,40,40,40,30,20,30,50,40,50,30,30,40,20,30,30,30,20,20,40,30,30,30,30,40,40,30,40,50,50,20,30,20,40,30,20,30,30
"search google maps by image",140,"declining -39%","-39%",35,"0.01","N/A",No,"Contains: google maps · Contains: search google maps · Length: Long tail (5+ words) · Seasonality: Evergreen",140,110,90,110,110,110,110,110,140,170,170,170,140,140,170,110,90,140,110,140,140,140,170,170,210,210,210,210,390,260,260,260,210,260,170,170,170,170,170,110,140,110,140,170,110,110,110,90
"use google maps for gps coordinates",10,"stable 0%","0%",17,"0","N/A",No,"Contains: google maps · Contains: gps coordinates · Length: Long tail (5+ words) · Seasonality: Evergreen",10,10,10,10,10,10,10,10,10,10,10,10,10,10,10,10,10,10,10,10,10,10,10,10,10,10,10,10,10,10,10,10,10,10,10,10,10,10,10,0,10,10,10,10,10,10,10,10
"photos of a map",320,"declining -24%","-24%",31,"0.25","N/A",No,"Length: Body (3–4 words) · Seasonality: Evergreen",140,140,170,140,140,170,170,140,170,210,170,140,260,210,210,210,140,210,210,170,170,210,210,170,210,260,210,210,140,210,210,210,210,320,260,170,320,480,320,260,260,260,260,320,320,320,320,210
"you maps",1300,"declining -20%","-20%",52,"0","N/A",No,"Length: Head (1–2 words) · Seasonality: Evergreen",1000,1300,1300,1300,1900,1900,1900,1600,1300,1600,1600,1600,1300,1300,1600,1600,1300,1300,1300,1300,1300,1900,1300,1000,1000,1300,1300,1300,1300,1300,1300,1300,1300,1600,1600,1600,1300,1600,1600,1300,1300,1300,1300,1300,1300,1300,1300,1000
"search location from image",30,"stable 0%","0%",25,"0","N/A",No,"Length: Body (3–4 words) · Seasonality: Evergreen",50,40,70,30,70,50,40,70,90,90,70,90,70,70,50,50,70,50,50,70,70,70,110,70,70,50,40,40,40,40,40,50,40,30,40,40,30,30,40,30,30,30,40,30,40,30,30,40
"google maps and",13600000,"stable 15%","+15%",100,"0","$0.16",No,"Contains: google maps · Contains: google maps and · Length: Body (3–4 words) · Seasonality: Evergreen",13600000,13600000,13600000,13600000,11100000,13600000,13600000,13600000,13600000,16600000,16600000,16600000,13600000,13600000,13600000,11100000,9140000,11100000,13600000,13600000,13600000,13600000,13600000,16600000,13600000,13600000,13600000,11100000,11100000,13600000,11100000,13600000,13600000,13600000,13600000,13600000,13600000,13600000,13600000,13600000,11100000,13600000,11100000,16600000,13600000,13600000,16600000,16600000
"gps editor",880,"growing 33%","+33%",49,"0.01","$0.13",No,"Length: Head (1–2 words) · Seasonality: Evergreen",1300,1000,1300,1300,1300,1300,1300,1600,1300,1000,1000,1300,1900,1900,2400,2400,2400,1900,1600,1600,1600,1300,1000,880,1000,880,1000,880,720,720,720,880,880,880,880,880,720,880,880,720,720,720,880,880,1000,1300,1000,1000
"tag address on google maps",10,"stable 0%","0%",17,"0","N/A",No,"Contains: google maps · Contains: on google maps · Length: Long tail (5+ words) · Seasonality: Evergreen",10,20,10,20,10,10,10,10,10,10,10,10,10,10,10,10,10,10,10,10,10,10,10,10,10,0,0,10,10,10,10,10,10,10,10,10,10,10,10,10,10,10,10,10,10,10,10,10
"photos with gps coordinates",320,"growing 22%","+22%",37,"0.12","$0.13",No,"Contains: gps coordinates · Length: Body (3–4 words) · Seasonality: Evergreen",260,210,260,210,260,260,210,260,210,260,210,260,320,260,260,260,210,260,260,210,210,210,260,260,260,260,260,210,210,210,210,210,210,260,260,260,260,320,320,260,320,320,260,390,390,390,320,390
"coordinates using google maps",110,"declining -26%","-26%",33,"0.03","$0.08",No,"Contains: google maps · Contains: using google maps · Length: Body (3–4 words) · Seasonality: Evergreen",210,170,210,170,140,210,110,170,170,170,170,170,210,210,210,170,140,170,170,170,170,210,170,170,170,210,210,170,140,170,170,140,170,140,170,170,140,110,140,90,90,90,110,110,110,110,110,70
"google maps using gps coordinates",20,"growing 50%","+50%",22,"0.01","N/A",No,"Contains: google maps · Contains: gps coordinates · Contains: using gps coordinates · Length: Long tail (5+ words) · Seasonality: Evergreen",20,30,30,20,10,20,30,20,20,20,30,20,40,30,10,20,20,20,20,20,20,20,30,30,10,30,10,20,10,10,10,30,30,30,20,20,10,20,10,10,10,20,30,20,10,20,30,10
"google map location images",880,"growing 84%","+84%",49,"0","N/A",No,"Contains: google map · Contains: google map location · Length: Body (3–4 words) · Seasonality: Evergreen",140,140,140,210,260,260,260,320,320,390,390,390,480,390,390,320,480,590,320,170,170,210,210,260,210,210,260,260,320,320,320,320,320,320,320,390,480,590,720,720,720,880,880,880,880,1000,1000,1300
"images gps",720,"growing 70%","+70%",47,"0.01","$0.34",No,"Length: Head (1–2 words) · Seasonality: Evergreen",480,480,480,480,480,480,390,590,480,480,480,390,390,480,590,590,480,480,590,480,590,720,720,590,720,880,1000,1000,720,880,590,590,720,590,480,480,390,480,590,590,480,480,480,880,1000,480,1000,1000
"geotag location google maps",40,"declining -53%","-53%",20,"0.27","$0.10",No,"Contains: google maps · Contains: location google maps · Length: Body (3–4 words) · Seasonality: Peaks in August",30,30,30,30,30,40,50,70,70,70,90,90,110,70,70,40,50,70,50,40,50,50,40,40,50,70,70,50,40,50,50,50,40,50,70,50,110,50,30,30,10,30,30,30,30,30,30,30
"gps coordinates location google maps",1000,"stable -9%","-9%",49,"0.03","$0.31",No,"Contains: google maps · Contains: gps coordinates · Contains: location google maps · Length: Long tail (5+ words) · Seasonality: Evergreen",1900,1900,1600,1600,1600,1600,1600,1600,1600,1600,1600,1600,1600,1300,1600,1300,1300,1300,1600,1600,1600,1600,1600,1600,1600,1600,1300,1300,1300,1300,1300,1600,1600,1300,1300,1300,1000,1000,1300,1000,1000,1000,1000,1000,1000,1000,1000,1000
"image to location search",320,"stable -18%","-18%",41,"0.03","$0.46",No,"Length: Body (3–4 words) · Seasonality: Evergreen",320,320,320,260,260,320,320,390,390,480,480,590,480,480,480,390,480,480,480,480,590,590,590,590,590,480,480,590,480,480,390,480,480,480,390,390,390,390,320,320,320,320,320,390,390,320,260,320
"photos on map google",10,"declining -20%","-20%",17,"0","N/A",No,"Contains: map google · Length: Body (3–4 words) · Seasonality: Evergreen",30,30,20,20,10,40,20,20,30,20,10,30,20,20,10,20,10,20,20,20,20,30,30,20,30,30,30,10,20,20,20,20,20,20,10,20,20,10,20,10,10,10,10,10,10,10,20,10
"google free map",70,"growing 35%","+35%",23,"0.26","$0.45",No,"Length: Body (3–4 words) · Seasonality: Evergreen",110,70,50,50,70,70,50,50,70,50,90,70,70,70,70,40,50,50,30,50,70,40,40,50,50,50,50,70,90,90,90,70,110,170,140,70,70,50,50,50,70,50,50,30,70,90,70,70
"google maps geo",170,"stable -12%","-12%",36,"0.04","$0.38",No,"Contains: google maps · Length: Body (3–4 words) · Seasonality: Evergreen",590,210,320,210,170,210,170,260,210,210,320,260,170,210,170,170,210,210,170,210,210,210,170,170,170,170,210,140,170,170,210,210,210,210,170,210,170,170,170,210,140,170,210,210,170,170,140,140
"tag google map",20,"declining -29%","-29%",22,"0","N/A",No,"Contains: google map · Length: Body (3–4 words) · Seasonality: Evergreen",50,40,50,40,40,50,30,70,30,40,30,40,30,40,40,30,30,30,30,30,30,50,50,70,50,40,40,20,40,30,20,10,10,20,20,20,20,30,20,20,20,30,20,20,20,20,10,20
"map ka image",50,"growing 42%","+42%",28,"0.02","N/A",No,"Length: Body (3–4 words) · Seasonality: Evergreen",50,50,30,40,50,50,30,40,30,30,50,50,50,30,70,40,30,50,30,40,30,40,50,30,30,50,30,20,20,40,40,30,30,40,50,40,40,40,40,40,40,50,70,50,30,50,70,50
"free to be map",10,"declining -25%","-25%",17,"0","N/A",No,"Length: Body (3–4 words) · Seasonality: Evergreen",10,20,20,10,10,20,10,30,10,20,20,10,10,10,10,20,20,10,10,20,10,10,10,10,10,10,10,10,10,10,10,10,10,10,10,10,10,10,20,10,10,10,10,10,20,10,10,10
"photos of location",140,"growing 203%","+203%",36,"0","N/A",No,"Length: Body (3–4 words) · Seasonality: Peaks in July",50,50,70,50,70,70,50,70,50,70,90,50,50,50,70,50,50,70,70,50,50,70,70,70,70,70,70,50,70,70,70,70,70,90,70,70,90,140,70,50,70,90,90,140,110,170,260,480
"free mapping services",90,"stable 0%","0%",27,"0.16","$3.57",No,"Length: Body (3–4 words) · Seasonality: Evergreen",110,90,90,110,70,90,110,110,110,110,110,90,90,110,110,140,90,140,140,110,110,110,110,110,110,110,90,110,70,90,110,90,110,90,140,90,70,110,70,90,70,70,110,90,90,90,90,70
"geo map online",110,"declining -27%","-27%",30,"0.12","$2.07",No,"Length: Body (3–4 words) · Seasonality: Evergreen",90,140,140,110,90,110,110,110,110,110,110,110,110,170,140,110,90,140,110,140,140,110,140,90,140,140,140,170,140,210,170,170,140,140,140,170,170,110,90,90,70,110,90,140,110,90,70,110
"map making online free",880,"growing 86%","+86%",42,"0.15","$1.32",No,"Contains: online free · Length: Body (3–4 words) · Seasonality: Evergreen",720,720,720,720,720,720,880,880,720,720,720,720,720,880,1000,880,720,880,880,880,880,880,720,720,590,720,720,590,590,720,590,720,720,720,590,480,480,480,590,720,720,1000,880,1000,1000,1000,1000,880
"image gps coordinates",320,"growing 22%","+22%",37,"0.12","$0.13",No,"Contains: gps coordinates · Length: Body (3–4 words) · Seasonality: Evergreen",260,210,260,210,260,260,210,260,210,260,210,260,320,260,260,260,210,260,260,210,210,210,260,260,260,260,260,210,210,210,210,210,210,260,260,260,260,320,320,260,320,320,260,390,390,390,320,390
"location metadata in photos",20,"growing 200%","+200%",22,"0.02","N/A",No,"Length: Body (3–4 words) · Seasonality: Peaks in September",110,110,70,50,90,70,50,90,70,70,70,50,70,1900,40,50,20,50,30,50,30,40,20,30,390,20,40,30,40,40,30,30,30,10,10,20,10,10,10,10,10,10,10,20,40,20,30,40
"search geo coordinates",20,"declining -33%","-33%",22,"0.01","N/A",No,"Length: Body (3–4 words) · Seasonality: Evergreen",20,20,10,20,20,20,20,30,30,20,20,30,30,20,10,20,10,30,30,20,40,20,30,30,20,30,30,20,10,30,20,30,40,30,20,20,30,30,30,20,20,10,20,10,20,20,20,20
"location by image",3600,"declining -30%","-30%",57,"0.04","$0.08",No,"Contains: location by image · Length: Body (3–4 words) · Seasonality: Evergreen",2900,2900,2900,2400,2400,2900,2400,2900,2400,2900,2900,2900,2900,2900,2900,2900,2900,2900,2900,2900,2900,2900,2900,2900,3600,3600,2900,2900,2900,3600,2900,3600,2900,2900,2900,2900,4400,4400,3600,2900,2900,3600,2900,2900,2900,2900,2900,2900
"photos of the map",320,"declining -24%","-24%",31,"0.25","N/A",No,"Length: Body (3–4 words) · Seasonality: Evergreen",140,140,170,140,140,170,170,140,170,210,170,140,260,210,210,210,140,210,210,170,170,210,210,170,210,260,210,210,140,210,210,210,210,320,260,170,320,480,320,260,260,260,260,320,320,320,320,210
"google maps gps data",10,"declining -40%","-40%",17,"0","N/A",No,"Contains: google maps · Length: Body (3–4 words) · Seasonality: Evergreen",20,10,10,30,10,10,20,10,20,10,10,20,20,10,20,10,10,20,30,20,20,20,20,20,30,20,20,10,20,20,20,30,20,20,20,20,10,20,20,10,20,20,10,20,10,10,10,10
"images on google maps",12100,"stable 0%","0%",67,"0.01","$0.32",No,"Contains: google maps · Contains: on google maps · Length: Body (3–4 words) · Seasonality: Evergreen",12100,12100,12100,12100,12100,14800,12100,14800,14800,18100,18100,18100,14800,14800,14800,14800,12100,14800,14800,14800,14800,14800,12100,14800,12100,12100,14800,12100,14800,14800,12100,14800,14800,14800,12100,12100,12100,12100,12100,12100,9900,12100,12100,12100,12100,12100,12100,12100
"maps photos google",70,"declining -43%","-43%",30,"0.04","$0.04",No,"Length: Body (3–4 words) · Seasonality: Evergreen",90,70,90,70,50,50,50,70,40,70,70,70,70,70,70,50,50,70,50,50,50,70,70,70,90,90,70,110,140,110,140,140,90,70,50,90,90,70,70,70,70,70,70,50,50,40,40,50
"search images by location",20,"declining -33%","-33%",22,"0","N/A",No,"Length: Body (3–4 words) · Seasonality: Evergreen",70,40,30,40,40,40,30,40,30,50,40,50,30,30,40,40,20,40,40,50,40,40,30,40,40,20,20,10,30,30,30,30,40,30,30,30,10,20,30,20,20,10,10,10,10,10,20,10
"map of image",140,"declining -20%","-20%",35,"0.01","N/A",No,"Length: Body (3–4 words) · Seasonality: Evergreen",110,140,110,140,140,170,140,210,140,170,140,170,170,170,170,170,110,110,140,170,140,140,170,110,140,170,170,90,90,90,140,140,90,140,110,70,110,170,170,140,110,140,140,140,140,140,110,110
"in google maps",5400,"growing 22%","+22%",62,"0","$0.09",No,"Contains: google maps · Contains: in google maps · Length: Body (3–4 words) · Seasonality: Evergreen",6600,8100,6600,5400,5400,8100,8100,8100,6600,6600,8100,6600,8100,6600,6600,5400,3600,5400,5400,5400,5400,6600,6600,6600,6600,8100,6600,5400,4400,8100,6600,6600,6600,5400,6600,5400,5400,5400,4400,4400,4400,5400,5400,5400,5400,5400,6600,6600
"online image gps location",10,"stable 0%","0%",15,"0.13","$0.12",No,"Contains: gps location · Contains: image gps location · Length: Body (3–4 words) · Seasonality: Peaks in October",30,20,30,20,20,30,40,10,20,20,20,20,20,20,210,40,10,30,20,20,10,30,20,20,20,50,30,10,10,30,30,30,50,30,30,20,20,10,10,10,10,10,10,10,10,10,10,20
"your google maps",70,"stable -9%","-9%",31,"0.01","N/A",No,"Contains: google maps · Length: Body (3–4 words) · Seasonality: Evergreen",90,140,90,50,50,70,70,110,90,110,90,90,70,90,90,90,90,90,90,90,90,70,90,90,90,110,90,70,70,90,70,90,90,70,70,90,90,70,70,70,70,50,70,50,70,70,70,70
"location from image",3600,"growing 52%","+52%",59,"0.01","$0.49",No,"Length: Body (3–4 words) · Seasonality: Evergreen",2400,2400,2400,1900,2400,2400,1900,2400,2400,2400,2400,2900,2900,2900,2400,2400,2400,2400,2400,2900,2900,3600,2900,2900,2900,2900,2900,2900,2900,2900,2900,2900,3600,2900,2900,2900,3600,3600,2900,2400,2900,2900,2900,3600,3600,4400,4400,6600
"free online map editor",90,"declining -30%","-30%",29,"0.11","$0.68",No,"Length: Body (3–4 words) · Seasonality: Evergreen",110,140,90,70,90,110,90,140,90,70,50,90,70,50,70,90,110,110,110,90,90,90,90,90,70,90,90,90,70,90,90,110,110,140,140,110,110,110,110,90,90,110,90,110,90,90,70,70
"free ka map",10,"stable 0%","0%",17,"0","N/A",No,"Length: Body (3–4 words) · Seasonality: Peaks in September",70,90,50,20,30,20,20,20,20,20,20,10,10,10,20,10,20,10,10,10,10,20,10,10,10,10,10,10,10,10,10,10,10,20,10,10,10,10,10,10,20,10,10,10,10,10,10,10
"images of google map",12100,"stable 0%","0%",67,"0.01","$0.32",No,"Contains: google map · Contains: of google map · Length: Body (3–4 words) · Seasonality: Evergreen",12100,12100,12100,12100,12100,14800,12100,14800,14800,18100,18100,18100,14800,14800,14800,14800,12100,14800,14800,14800,14800,14800,12100,14800,12100,12100,14800,12100,14800,14800,12100,14800,14800,14800,12100,12100,12100,12100,12100,12100,9900,12100,12100,12100,12100,12100,12100,12100
"location editor",590,"growing 40%","+40%",46,"0.01","$0.08",No,"Length: Head (1–2 words) · Seasonality: Evergreen",390,390,320,390,320,320,320,390,320,390,390,390,390,390,320,320,320,390,390,320,320,390,390,390,390,390,390,320,390,480,480,480,480,480,480,590,590,480,590,480,590,590,480,590,590,720,880,720
"user maps",5400,"stable -13%","-13%",58,"0.07","$2.85",No,"Length: Head (1–2 words) · Seasonality: Evergreen",6600,6600,6600,6600,5400,6600,6600,6600,6600,6600,6600,6600,6600,6600,6600,6600,5400,6600,6600,6600,6600,5400,5400,5400,5400,5400,6600,5400,4400,5400,5400,5400,5400,5400,5400,5400,5400,6600,5400,5400,4400,5400,5400,6600,5400,5400,5400,4400
"maps google free",1900,"growing 27%","+27%",51,"0.07","$0.43",No,"Length: Body (3–4 words) · Seasonality: Evergreen",1900,1600,1000,1300,1000,1000,1000,1300,1300,1000,1000,1000,1000,880,880,1000,880,1000,1000,1300,1300,1300,1300,1000,1000,1000,1000,1000,880,1000,1000,1600,1600,1300,1300,1600,1300,1600,1600,1600,1600,1900,1900,2400,1900,1900,1900,1900
"image location data",260,"declining -29%","-29%",39,"0.02","$0.85",No,"Length: Body (3–4 words) · Seasonality: Evergreen",590,480,480,480,390,480,320,480,390,480,390,390,390,390,390,320,320,320,390,320,390,390,390,390,390,390,320,320,320,320,320,320,390,480,320,390,320,320,320,260,260,260,260,260,260,260,210,210
"location of an image",10,"declining -50%","-50%",17,"0","N/A",No,"Length: Body (3–4 words) · Seasonality: Evergreen",20,10,20,20,10,40,20,20,20,20,20,10,10,30,30,30,20,30,20,20,20,30,30,20,20,20,20,30,40,20,10,10,20,10,10,20,20,20,20,10,10,20,10,10,10,10,10,10
"geotagging on google map",10,"stable 0%","0%",17,"0","N/A",No,"Contains: google map · Length: Body (3–4 words) · Seasonality: Evergreen",10,10,10,10,10,10,10,10,10,10,10,20,10,10,20,20,20,20,20,20,30,40,20,10,10,10,20,10,10,10,10,10,10,10,10,10,10,10,10,10,10,10,10,10,10,10,10,10
"editor google maps",3600,"stable -19%","-19%",59,"0","$1.87",No,"Contains: google maps · Length: Body (3–4 words) · Seasonality: Evergreen",4400,4400,4400,4400,4400,4400,4400,4400,4400,4400,4400,4400,4400,4400,4400,4400,4400,4400,4400,5400,5400,5400,4400,4400,4400,4400,4400,4400,3600,4400,4400,4400,5400,4400,4400,4400,4400,4400,3600,3600,2900,3600,3600,3600,3600,3600,3600,2900
"gps location image",6600,"stable -7%","-7%",37,"0.42","$0.07",No,"Contains: gps location · Length: Body (3–4 words) · Seasonality: Evergreen",1300,1600,1300,1300,1600,1600,1300,1600,1600,1900,1900,2400,1900,2900,2400,1900,2400,2400,2900,2900,2900,2900,2900,2900,2900,2900,3600,3600,4400,5400,5400,4400,5400,5400,6600,8100,6600,8100,5400,5400,5400,5400,5400,5400,5400,5400,6600,6600
"gps tagged photographs",10,"stable 0%","0%",14,"0.18","N/A",No,"Length: Body (3–4 words) · Seasonality: Evergreen",10,10,10,10,10,10,10,10,10,20,20,10,10,10,10,10,10,10,10,10,10,10,10,10,10,10,10,10,10,10,10,10,10,10,10,10,10,10,10,10,10,10,10,10,10,20,0,10
"you can map",20,"stable 0%","0%",20,"0.11","N/A",No,"Length: Body (3–4 words) · Seasonality: Peaks in October",70,70,140,90,40,70,50,110,40,50,30,30,30,30,40,30,30,30,40,40,30,30,30,20,40,30,30,40,30,30,30,30,20,50,30,40,30,10,20,30,20,10,20,30,30,20,20,20
"free downloadable maps",1600,"stable 0%","0%",46,"0.13","$0.40",No,"Length: Body (3–4 words) · Seasonality: Evergreen",2400,1900,1900,1900,1600,1900,1900,1900,1900,1600,1600,1900,1900,1900,1900,1900,1600,1900,1900,1900,1900,1900,1900,1600,1600,1600,1900,1900,1300,1600,1600,1600,1600,1600,1300,1300,1600,1300,1300,1300,1600,1600,1300,1600,1600,1600,1300,1300
"images of location",8100,"stable -18%","-18%",65,"0","$1.01",No,"Length: Body (3–4 words) · Seasonality: Evergreen",6600,6600,6600,6600,6600,6600,6600,6600,6600,6600,6600,8100,8100,8100,8100,8100,8100,8100,8100,8100,8100,8100,8100,8100,8100,8100,8100,8100,8100,8100,8100,8100,8100,8100,8100,8100,9900,9900,8100,8100,8100,8100,8100,8100,8100,6600,8100,8100
"maps editor online",880,"declining -59%","-59%",45,"0.08","$0.69",No,"Length: Body (3–4 words) · Seasonality: Peaks in October",880,880,880,880,720,880,880,1000,1000,1000,1000,880,880,880,1000,1000,880,1300,1000,1000,1000,1000,1000,1000,880,1000,1000,1000,1000,1000,880,1000,880,880,1600,880,1300,720,2900,720,720,720,720,880,590,720,720,590
"geo coordinates map",27100,"declining -24%","-24%",72,"0.02","$0.26",No,"Length: Body (3–4 words) · Seasonality: Evergreen",27100,27100,27100,27100,22200,27100,22200,27100,22200,27100,27100,27100,27100,27100,27100,27100,22200,27100,27100,27100,33100,33100,27100,27100,27100,27100,27100,27100,22200,27100,27100,27100,27100,27100,27100,27100,27100,33100,27100,22200,22200,22200,22200,27100,22200,22200,22200,22200
"local location map",70,"growing 53%","+53%",28,"0.1","$0.02",No,"Contains: location map · Intent: Local · Length: Body (3–4 words) · Seasonality: Evergreen",30,40,40,30,70,40,30,40,40,70,50,70,70,90,50,50,40,50,50,40,50,50,40,50,70,50,50,50,50,50,50,40,70,50,70,50,50,50,50,70,50,70,70,50,70,70,90,70
"photos in maps",320,"stable -6%","-6%",41,"0.03","$2.68",No,"Length: Body (3–4 words) · Seasonality: Evergreen",1000,590,590,720,720,590,480,480,480,480,480,480,390,480,480,390,480,480,390,390,480,390,480,480,390,390,390,320,320,320,260,320,320,320,320,390,320,320,390,390,320,320,260,260,320,260,320,390
"map image search",70,"stable -11%","-11%",31,"0.01","N/A",No,"Length: Body (3–4 words) · Seasonality: Evergreen",90,90,90,70,50,70,70,110,110,140,140,90,90,90,90,70,70,110,90,90,110,140,140,110,140,90,110,70,70,70,70,70,90,70,90,70,70,70,50,70,50,70,50,70,50,70,50,50
"coordinates of google maps",22200,"stable -18%","-18%",72,"0.01","$0.20",No,"Contains: google maps · Length: Body (3–4 words) · Seasonality: Evergreen",33100,33100,33100,33100,27100,33100,33100,33100,27100,33100,33100,33100,33100,27100,33100,27100,27100,33100,27100,27100,33100,33100,33100,33100,33100,33100,33100,27100,27100,27100,27100,33100,27100,27100,27100,27100,27100,27100,27100,22200,22200,22200,22200,22200,22200,22200,22200,22200
"location of the image",3600,"declining -30%","-30%",57,"0.04","$0.08",No,"Length: Body (3–4 words) · Seasonality: Evergreen",2900,2900,2900,2400,2400,2900,2400,2900,2400,2900,2900,2900,2900,2900,2900,2900,2900,2900,2900,2900,2900,2900,2900,2900,3600,3600,2900,2900,2900,3600,2900,3600,2900,2900,2900,2900,4400,4400,3600,2900,2900,3600,2900,2900,2900,2900,2900,2900
"from location to location google maps",90,"growing 96%","+96%",32,"0.01","N/A",No,"Contains: google maps · Contains: location google maps · Contains: location to location · Length: Long tail (5+ words) · Seasonality: Peaks in May",20,20,10,20,20,30,20,70,70,50,30,20,20,30,30,20,20,30,30,40,40,40,40,30,40,40,70,50,70,90,70,110,110,90,90,70,90,70,70,70,50,90,70,70,70,210,170,70
"map you",140,"stable -13%","-13%",35,"0.01","N/A",No,"Length: Head (1–2 words) · Seasonality: Evergreen",110,70,90,90,70,70,70,70,70,90,90,90,90,90,70,110,90,110,110,110,260,140,110,140,140,140,140,170,90,110,110,110,140,140,170,170,170,140,170,140,140,140,110,140,140,140,140,140
"gps photos",12100,"stable 14%","+14%",45,"0.34","$0.06",No,"Length: Head (1–2 words) · Seasonality: Evergreen",3600,4400,3600,4400,3600,4400,4400,4400,4400,4400,4400,4400,5400,6600,5400,5400,5400,6600,6600,6600,6600,6600,6600,6600,6600,6600,8100,8100,8100,8100,8100,9900,9900,9900,9900,9900,9900,12100,9900,9900,9900,9900,9900,9900,9900,12100,12100,12100
"search image on google maps",10,"stable 0%","0%",17,"0","N/A",No,"Contains: google maps · Contains: on google maps · Length: Long tail (5+ words) · Seasonality: Evergreen",30,30,30,20,20,30,30,30,40,40,70,30,30,50,30,30,30,40,20,50,30,40,30,40,50,30,30,20,30,20,30,30,20,20,10,20,20,10,10,10,10,10,20,10,10,20,10,10
"image for location",3600,"growing 52%","+52%",59,"0.01","$0.49",No,"Length: Body (3–4 words) · Seasonality: Evergreen",2400,2400,2400,1900,2400,2400,1900,2400,2400,2400,2400,2900,2900,2900,2400,2400,2400,2400,2400,2900,2900,3600,2900,2900,2900,2900,2900,2900,2900,2900,2900,2900,3600,2900,2900,2900,3600,3600,2900,2400,2900,2900,2900,3600,3600,4400,4400,6600
"image with location",70,"declining -24%","-24%",23,"0.24","$0.05",No,"Length: Body (3–4 words) · Seasonality: Evergreen",40,70,50,40,50,50,40,70,40,70,50,50,50,70,50,50,50,70,70,50,50,70,70,70,90,70,70,90,70,90,70,70,90,70,70,90,90,110,50,90,70,70,50,50,50,50,70,70
"image to location",8100,"stable -18%","-18%",65,"0","$1.01",No,"Length: Body (3–4 words) · Seasonality: Evergreen",6600,6600,6600,6600,6600,6600,6600,6600,6600,6600,6600,8100,8100,8100,8100,8100,8100,8100,8100,8100,8100,8100,8100,8100,8100,8100,8100,8100,8100,8100,8100,8100,8100,8100,8100,8100,9900,9900,8100,8100,8100,8100,8100,8100,8100,6600,8100,8100
"search for location by image",50,"declining -36%","-36%",28,"0.02","N/A",No,"Contains: location by image · Length: Long tail (5+ words) · Seasonality: Evergreen",30,30,30,30,20,40,30,30,50,50,70,50,50,30,50,50,50,50,70,50,40,30,30,50,70,50,50,50,70,50,50,70,70,70,40,50,40,50,50,40,50,40,110,90,90,30,30,30
"location using",110,"stable -8%","-8%",34,"0.01","N/A",No,"Length: Head (1–2 words) · Seasonality: Evergreen",170,170,110,110,90,90,110,140,110,140,140,110,110,110,140,90,110,140,140,170,140,170,110,140,140,110,110,110,140,140,140,140,140,110,110,140,110,140,110,110,90,140,110,110,140,110,110,110
"geo google map",110,"stable -8%","-8%",33,"0.04","$0.17",No,"Contains: google map · Length: Body (3–4 words) · Seasonality: Evergreen",140,140,140,140,140,140,110,140,140,110,170,140,170,140,170,170,140,140,170,170,140,170,170,210,140,140,140,110,140,140,140,210,170,170,140,90,140,110,110,110,110,110,110,140,140,110,110,110
"google map is free",10,"growing 33%","+33%",17,"0","N/A",No,"Contains: google map · Length: Body (3–4 words) · Seasonality: Evergreen",10,10,10,10,10,10,10,10,10,10,10,20,10,10,10,10,10,10,20,20,10,20,10,20,20,10,10,10,10,10,10,10,10,10,10,10,10,10,10,10,10,10,10,10,10,20,10,10
"map web",18100,"growing 48%","+48%",70,"0.01","$1.69",No,"Length: Head (1–2 words) · Seasonality: Evergreen",9900,12100,9900,9900,8100,9900,9900,9900,9900,9900,9900,9900,9900,12100,12100,9900,9900,9900,12100,12100,12100,12100,9900,9900,12100,12100,12100,9900,9900,9900,9900,12100,12100,14800,14800,12100,12100,12100,18100,22200,22200,22200,12100,27100,27100,22200,22200,18100
"coordinates into google maps",22200,"stable -18%","-18%",72,"0.01","$0.20",No,"Contains: google maps · Length: Body (3–4 words) · Seasonality: Evergreen",33100,33100,33100,33100,27100,33100,33100,33100,27100,33100,33100,33100,33100,27100,33100,27100,27100,33100,27100,27100,33100,33100,33100,33100,33100,33100,33100,27100,27100,27100,27100,33100,27100,27100,27100,27100,27100,27100,27100,22200,22200,22200,22200,22200,22200,22200,22200,22200
"image search map",40,"declining -61%","-61%",27,"0","N/A",No,"Length: Body (3–4 words) · Seasonality: Evergreen",20,30,20,20,20,20,20,10,20,30,40,20,30,40,20,30,20,30,20,20,30,30,30,30,40,40,40,30,70,90,90,70,50,70,70,70,70,40,70,30,40,40,30,50,40,20,30,20
"image search google maps",30,"declining -27%","-27%",25,"0","N/A",No,"Contains: google maps · Contains: search google maps · Length: Body (3–4 words) · Seasonality: Evergreen",40,40,30,30,50,50,40,40,40,30,50,50,40,40,50,40,50,50,50,70,70,50,50,70,70,40,50,40,40,50,50,70,50,50,50,40,40,40,30,30,30,30,30,10,30,30,30,20
"map in image",20,"stable -17%","-17%",22,"0","N/A",No,"Length: Body (3–4 words) · Seasonality: Evergreen",30,20,10,10,20,10,20,20,10,10,10,30,30,10,20,20,30,40,30,20,30,20,10,20,10,20,20,20,20,30,20,20,20,30,20,40,20,20,20,30,20,20,20,20,20,10,20,20
"online location map",1000,"stable -4%","-4%",47,"0.06","$0.05",No,"Contains: location map · Length: Body (3–4 words) · Seasonality: Evergreen",2900,3600,1900,2900,2400,1600,1900,2400,2900,2400,3600,2900,2900,2900,2400,2400,2900,2900,2400,2900,3600,3600,4400,2900,2900,2900,2400,2400,2900,1900,1900,1300,1900,1900,1600,1600,1000,1000,1000,1300,1000,1000,880,1000,1000,1000,1000,880
"image gps location online",10,"stable 0%","0%",16,"0.05","N/A",No,"Contains: gps location · Contains: image gps location · Length: Body (3–4 words) · Seasonality: Evergreen",30,10,10,10,10,10,10,10,10,10,10,10,20,20,10,10,10,20,20,10,10,20,20,10,10,10,20,10,10,10,10,10,10,10,10,10,10,10,10,10,10,10,10,10,10,10,10,10
"map google images",110,"stable 9%","+9%",34,"0.01","N/A",No,"Contains: map google · Length: Body (3–4 words) · Seasonality: Evergreen",170,170,90,140,170,260,210,210,210,260,210,260,210,260,170,170,140,170,170,140,140,110,110,90,140,140,140,110,110,90,110,110,140,140,110,140,110,110,110,90,90,110,90,140,140,110,140,110
"photos with gps location",6600,"stable -7%","-7%",37,"0.42","$0.07",No,"Contains: gps location · Length: Body (3–4 words) · Seasonality: Evergreen",1300,1600,1300,1300,1600,1600,1300,1600,1600,1900,1900,2400,1900,2900,2400,1900,2400,2400,2900,2900,2900,2900,2900,2900,2900,2900,3600,3600,4400,5400,5400,4400,5400,5400,6600,8100,6600,8100,5400,5400,5400,5400,5400,5400,5400,5400,6600,6600
"photos of gps",70,"declining -24%","-24%",31,"0","N/A",No,"Length: Body (3–4 words) · Seasonality: Evergreen",40,70,30,70,50,50,50,50,30,70,70,50,70,50,50,50,110,90,50,50,50,50,70,50,70,70,50,40,40,50,40,70,70,70,70,70,70,90,90,40,50,70,50,70,50,70,70,50
"google maps and gps coordinates",12100,"stable 1%","+1%",65,"0.04","$0.19",No,"Contains: google maps · Contains: gps coordinates · Contains: google maps and · Length: Long tail (5+ words) · Seasonality: Evergreen",14800,14800,14800,12100,12100,12100,12100,12100,12100,14800,14800,18100,18100,14800,14800,14800,14800,14800,14800,14800,18100,18100,18100,18100,18100,18100,18100,18100,18100,14800,12100,14800,14800,14800,14800,14800,12100,12100,12100,12100,9900,9900,9900,9900,9900,9900,12100,14800
"google maps geo mapping",10,"stable 0%","0%",10,"0.43","N/A",No,"Contains: google maps · Length: Body (3–4 words) · Seasonality: Evergreen",20,10,10,10,10,10,10,10,10,10,10,10,10,10,10,10,10,10,10,10,10,10,10,10,10,10,10,0,10,10,10,10,10,10,10,10,10,10,10,10,10,10,10,10,10,10,10,10
"google maps with businesses",9900,"stable 7%","+7%",59,"0.11","$7.76",No,"Contains: google maps · Length: Body (3–4 words) · Seasonality: Evergreen",8100,9900,9900,8100,8100,8100,9900,9900,8100,8100,8100,9900,9900,9900,9900,9900,9900,12100,9900,12100,9900,12100,9900,9900,9900,9900,12100,14800,12100,33100,14800,12100,12100,12100,9900,9900,9900,9900,9900,9900,9900,12100,12100,12100,12100,12100,9900,9900
"map ki image",30,"stable 11%","+11%",24,"0.02","N/A",No,"Length: Body (3–4 words) · Seasonality: Evergreen",20,20,10,20,20,20,20,20,20,10,10,20,20,20,40,10,30,30,20,20,10,20,40,20,20,20,10,20,20,10,20,20,20,20,10,30,20,30,40,20,20,50,30,20,20,30,30,40
"google location data",170,"declining -29%","-29%",37,"0","N/A",No,"Contains: google location · Length: Body (3–4 words) · Seasonality: Evergreen",590,390,320,480,320,390,320,390,390,320,320,320,320,320,320,320,480,390,390,320,320,320,390,260,260,260,260,260,260,210,260,260,260,320,260,210,210,210,170,140,140,170,170,170,210,140,110,170
"map coordinates in google maps",22200,"stable -18%","-18%",72,"0.01","$0.20",No,"Contains: google maps · Contains: in google maps · Contains: coordinates in google · Length: Long tail (5+ words) · Seasonality: Evergreen",33100,33100,33100,33100,27100,33100,33100,33100,27100,33100,33100,33100,33100,27100,33100,27100,27100,33100,27100,27100,33100,33100,33100,33100,33100,33100,33100,27100,27100,27100,27100,33100,27100,27100,27100,27100,27100,27100,27100,22200,22200,22200,22200,22200,22200,22200,22200,22200
"map using gps coordinates",20,"declining -40%","-40%",22,"0.01","N/A",No,"Contains: gps coordinates · Contains: using gps coordinates · Length: Body (3–4 words) · Seasonality: Evergreen",40,40,40,50,40,50,30,30,20,50,30,40,40,40,30,40,30,50,50,70,50,40,50,40,40,30,50,40,30,30,50,50,30,40,50,30,30,40,30,10,20,20,20,20,10,10,30,20
"add location to image",40,"growing 20%","+20%",26,"0.03","N/A",No,"Contains: add location to · Length: Body (3–4 words) · Seasonality: Evergreen",30,20,40,30,40,50,40,40,50,40,40,40,50,50,50,70,40,70,50,50,70,50,30,30,40,20,30,40,30,50,30,40,50,40,40,30,30,30,40,40,50,50,30,30,40,30,50,40
"images of maps",12100,"declining -33%","-33%",43,"0.37","$0.76",No,"Length: Body (3–4 words) · Seasonality: Evergreen",12100,14800,12100,12100,9900,12100,12100,12100,9900,9900,9900,9900,12100,14800,14800,12100,9900,12100,12100,12100,9900,12100,9900,9900,12100,14800,12100,12100,9900,12100,9900,12100,12100,14800,12100,9900,14800,18100,18100,12100,12100,12100,12100,12100,12100,12100,12100,9900
"location metadata",480,"declining -27%","-27%",45,"0","N/A",No,"Length: Head (1–2 words) · Seasonality: Peaks in August",390,260,260,210,260,320,210,260,260,260,260,320,260,2900,260,320,210,210,320,320,1300,720,320,320,2900,320,320,260,260,1000,260,260,320,320,260,320,320,320,590,2400,390,320,320,320,320,320,260,320
"search by geo coordinates",20,"stable -17%","-17%",21,"0.05","N/A",No,"Length: Body (3–4 words) · Seasonality: Evergreen",20,30,20,20,20,20,20,30,20,30,20,20,20,30,30,20,30,40,30,30,30,20,30,30,20,30,20,10,20,20,20,20,20,20,20,30,20,20,20,10,10,20,10,10,20,10,20,20
"free website data",720,"stable -7%","-7%",34,"0.29","$4.52",No,"Length: Body (3–4 words) · Seasonality: Evergreen",590,590,590,590,590,590,590,590,590,720,720,880,720,720,720,590,590,880,880,880,720,720,590,590,590,590,590,590,590,590,590,720,720,720,720,590,590,720,590,720,720,720,590,720,720,590,590,590
"images of a map",12100,"declining -33%","-33%",43,"0.37","$0.76",No,"Length: Body (3–4 words) · Seasonality: Evergreen",12100,14800,12100,12100,9900,12100,12100,12100,9900,9900,9900,9900,12100,14800,14800,12100,9900,12100,12100,12100,9900,12100,9900,9900,12100,14800,12100,12100,9900,12100,9900,12100,12100,14800,12100,9900,14800,18100,18100,12100,12100,12100,12100,12100,12100,12100,12100,9900
"map google map google map",140,"growing 41%","+41%",35,"0.01","N/A",No,"Contains: google map · Contains: map google · Contains: map google map · Contains: google map google · Length: Long tail (5+ words) · Seasonality: Evergreen",170,170,170,170,210,170,140,170,170,170,170,170,170,110,110,110,110,90,110,90,90,90,140,110,140,170,110,140,110,110,90,140,140,170,140,110,140,110,90,70,110,110,110,140,140,140,170,170
"images on map",320,"growing 75%","+75%",42,"0","N/A",No,"Length: Body (3–4 words) · Seasonality: Evergreen",720,480,480,480,480,590,390,480,390,390,590,480,480,320,320,320,320,390,390,390,390,390,320,390,320,260,260,260,260,260,260,260,320,260,260,260,260,210,210,260,260,320,320,320,260,320,390,480
"geotag video online free",70,"growing 200%","+200%",31,"0.01","N/A",No,"Contains: online free · Length: Body (3–4 words) · Seasonality: Peaks in October",10,20,10,20,20,30,30,30,20,40,30,30,30,30,390,50,70,20,40,40,30,40,40,110,40,30,30,50,30,30,30,30,70,50,70,40,40,40,40,70,40,70,70,50,70,110,110,140
"google maps from and to location",70,"growing 56%","+56%",31,"0","N/A",No,"Contains: google maps · Length: Long tail (5+ words) · Seasonality: Evergreen",90,70,70,70,50,90,70,70,70,90,50,70,30,40,30,30,40,50,50,110,70,30,50,50,50,40,30,50,50,20,50,50,50,70,90,20,40,50,70,90,50,70,50,70,50,110,70,70
"map google map google map google map",10,"declining -25%","-25%",17,"0.01","N/A",No,"Contains: google map · Contains: map google · Contains: map google map · Contains: google map google · Length: Long tail (5+ words) · Seasonality: Evergreen",30,20,20,20,10,20,30,30,20,20,20,20,20,10,10,10,10,10,20,20,20,30,20,40,30,20,30,20,30,20,30,20,30,30,20,30,10,10,20,10,20,20,10,10,10,10,10,10
"map gps online",4400,"stable 14%","+14%",56,"0.08","$0.13",No,"Length: Body (3–4 words) · Seasonality: Evergreen",2900,2900,2400,2400,2900,2900,2400,2400,2900,2900,2900,2900,3600,3600,2900,2900,2900,2900,2900,3600,3600,4400,4400,4400,5400,6600,6600,6600,5400,5400,4400,5400,4400,3600,2900,2900,3600,4400,3600,3600,3600,4400,4400,4400,4400,4400,4400,4400
"online location search",10,"declining -33%","-33%",15,"0.14","N/A",No,"Length: Body (3–4 words) · Seasonality: Evergreen",10,10,10,10,10,10,10,10,10,10,10,10,10,10,10,10,10,10,10,10,10,10,10,10,10,0,10,10,10,10,10,10,10,10,10,10,10,10,10,10,10,10,10,10,10,10,0,10
"location from google map",20,"declining -29%","-29%",22,"0.02","N/A",No,"Contains: google map · Length: Body (3–4 words) · Seasonality: Evergreen",20,10,20,30,10,20,20,20,20,20,10,20,10,20,20,20,20,20,20,20,20,20,30,20,10,10,10,20,10,20,10,30,10,20,20,20,20,20,30,10,20,10,10,10,30,10,20,20
"location of google map",20,"growing 40%","+40%",21,"0.03","N/A",No,"Contains: google map · Contains: of google map · Length: Body (3–4 words) · Seasonality: Evergreen",20,10,10,10,20,30,10,20,20,20,20,20,20,20,10,20,20,10,10,10,10,10,20,20,20,10,20,10,20,20,20,20,10,20,20,20,10,20,20,20,20,20,10,10,10,20,20,30
"google maps and location",550000,"growing 39%","+39%",95,"0.01","$0.05",No,"Contains: google maps · Contains: google maps and · Length: Body (3–4 words) · Seasonality: Evergreen",201000,201000,201000,201000,201000,201000,201000,201000,246000,368000,368000,368000,368000,368000,301000,301000,301000,301000,301000,368000,368000,450000,368000,368000,368000,368000,368000,368000,368000,368000,450000,450000,450000,450000,450000,450000,450000,450000,550000,550000,550000,550000,450000,550000,550000,673000,673000,673000
"image location metadata",90,"declining -26%","-26%",32,"0.01","N/A",No,"Length: Body (3–4 words) · Seasonality: Evergreen",90,90,90,90,110,90,50,90,90,70,70,90,90,140,90,90,50,90,90,90,90,90,70,90,140,70,90,140,140,140,110,140,110,140,110,140,110,110,90,110,70,110,90,90,70,90,70,70
"gps using google maps",30,"declining -46%","-46%",22,"0.1","N/A",No,"Contains: google maps · Contains: using google maps · Length: Body (3–4 words) · Seasonality: Evergreen",50,50,70,40,50,40,30,30,40,50,70,50,50,30,40,40,70,50,20,40,50,40,50,40,50,40,30,40,20,20,30,50,50,50,30,30,50,30,50,40,30,40,30,30,30,30,20,20
"map your",2900,"stable 2%","+2%",58,"0","N/A",No,"Length: Head (1–2 words) · Seasonality: Evergreen",1600,1600,1300,1600,1900,1600,1600,1600,2400,2900,2900,2400,2400,2400,2400,3600,2900,2900,2400,2400,2400,2900,2900,2400,2400,1900,2400,2400,2900,2900,2400,2400,2400,2900,2900,2900,2900,2900,2900,2900,2900,2900,2400,2400,2400,2900,3600,2400
"map gps location",8100,"stable 0%","0%",52,"0.2","$0.08",No,"Contains: gps location · Length: Body (3–4 words) · Seasonality: Evergreen",8100,6600,8100,6600,6600,6600,5400,5400,5400,8100,6600,6600,6600,5400,5400,5400,5400,5400,5400,4400,4400,12100,14800,14800,14800,12100,12100,12100,9900,8100,8100,6600,8100,9900,9900,8100,8100,8100,8100,8100,8100,8100,6600,8100,8100,8100,8100,8100
"online imagery",5400,"declining -28%","-28%",60,"0.03","$3.65",No,"Length: Head (1–2 words) · Seasonality: Evergreen",6600,8100,6600,6600,8100,6600,6600,6600,6600,6600,6600,6600,6600,6600,6600,6600,6600,6600,6600,6600,6600,6600,6600,6600,8100,6600,6600,6600,6600,6600,8100,6600,6600,6600,6600,6600,6600,6600,6600,5400,5400,5400,5400,5400,5400,5400,4400,4400
"google map google map google map google map google map",70,"growing 26%","+26%",30,"0.02","N/A",No,"Contains: google map · Contains: map google · Contains: map google map · Contains: google map google · Length: Long tail (5+ words) · Seasonality: Evergreen",90,90,110,90,90,110,90,90,90,110,110,70,70,70,50,50,50,70,70,70,50,90,70,70,90,70,90,70,70,50,70,110,110,110,90,70,90,70,70,50,70,70,70,110,70,110,90,90
"google map google map google map",3600,"growing 40%","+40%",59,"0.01","$0.12",No,"Contains: google map · Contains: map google · Contains: map google map · Contains: google map google · Length: Long tail (5+ words) · Seasonality: Evergreen",2900,2900,2900,2900,2400,2900,2400,2900,2900,2900,2900,2900,2900,2900,2400,2400,2400,2900,2400,2900,2900,2900,2900,2900,2900,2900,3600,2900,2400,2900,2900,2900,2900,2900,2900,3600,2900,2900,3600,2900,2900,3600,3600,4400,3600,4400,4400,4400
"google map google map google map google map",260,"growing 23%","+23%",40,"0.01","$0.10",No,"Contains: google map · Contains: map google · Contains: map google map · Contains: google map google · Length: Long tail (5+ words) · Seasonality: Evergreen",320,260,320,260,260,260,260,320,210,320,320,320,260,260,210,210,210,210,210,260,210,260,260,260,260,210,210,210,210,170,210,260,260,260,260,260,260,260,260,210,170,210,210,320,260,320,320,320
"map of google map",40,"growing 86%","+86%",27,"0","N/A",No,"Contains: google map · Contains: of google map · Length: Body (3–4 words) · Seasonality: Evergreen",20,20,50,30,50,30,10,10,20,20,20,20,20,20,10,20,10,10,20,20,20,20,30,10,20,20,30,20,20,30,30,20,20,30,20,30,30,20,20,40,30,20,40,30,40,50,50,30
"search location by google map",10,"declining -25%","-25%",17,"0","N/A",No,"Contains: google map · Length: Long tail (5+ words) · Seasonality: Peaks in January",10,10,10,10,140,720,110,50,50,70,140,90,20,20,20,10,10,10,10,10,10,10,10,10,10,10,10,10,10,10,10,10,10,10,10,10,20,10,10,10,30,10,10,10,10,10,10,10
"images of the map",12100,"declining -33%","-33%",43,"0.37","$0.76",No,"Length: Body (3–4 words) · Seasonality: Evergreen",12100,14800,12100,12100,9900,12100,12100,12100,9900,9900,9900,9900,12100,14800,14800,12100,9900,12100,12100,12100,9900,12100,9900,9900,12100,14800,12100,12100,9900,12100,9900,12100,12100,14800,12100,9900,14800,18100,18100,12100,12100,12100,12100,12100,12100,12100,12100,9900
"local search maps",30,"declining -67%","-67%",25,"0","N/A",No,"Intent: Local · Length: Body (3–4 words) · Seasonality: Evergreen",70,90,90,110,70,140,110,110,90,110,90,70,50,140,90,110,90,90,90,110,90,90,110,90,90,50,50,40,40,70,70,70,70,50,50,40,40,40,40,50,20,30,30,50,20,10,20,10
"location google location",90,"stable 15%","+15%",31,"0.06","$0.14",No,"Contains: google location · Length: Body (3–4 words) · Seasonality: Evergreen",90,90,90,70,110,90,90,90,70,140,110,90,90,70,50,40,70,70,50,110,110,90,90,90,90,90,110,90,140,70,90,90,110,90,110,110,90,90,90,110,110,110,90,90,110,110,110,90
"google maps online location",110,"growing 28%","+28%",33,"0.03","$0.14",No,"Contains: google maps · Contains: google maps online · Length: Body (3–4 words) · Seasonality: Evergreen",260,170,110,140,210,210,170,260,260,170,210,170,90,90,90,90,170,170,170,210,210,210,210,170,210,170,170,170,170,140,140,90,140,110,110,110,90,90,110,110,140,110,50,110,110,140,90,140
"service maps",2400,"stable -12%","-12%",55,"0.03","$11.79",No,"Length: Head (1–2 words) · Seasonality: Evergreen",3600,3600,3600,3600,2900,3600,3600,4400,2900,3600,3600,3600,2900,3600,3600,3600,2900,3600,3600,3600,3600,3600,2900,2900,2900,3600,3600,2900,2400,2900,2900,2900,2900,2900,2900,2900,2400,2900,2900,2400,1900,2900,2400,2900,2400,2400,2400,2400
"user location",2400,"stable -17%","-17%",56,"0","$0.21",No,"Length: Head (1–2 words) · Seasonality: Evergreen",8100,8100,8100,8100,8100,8100,8100,8100,8100,8100,6600,6600,8100,8100,8100,8100,6600,6600,6600,6600,6600,6600,5400,6600,5400,5400,5400,4400,4400,4400,3600,3600,3600,2900,3600,2900,2900,2900,2900,2400,2400,2400,2400,2400,2400,2400,2400,2400
"photograph with geotagging",10,"stable 0%","0%",9,"0.48","$0.09",No,"Length: Body (3–4 words) · Seasonality: Peaks in April",10,10,0,10,0,10,0,20,70,20,20,20,10,10,10,10,10,20,10,10,10,10,10,20,10,10,20,10,10,30,30,30,40,30,40,20,10,20,10,10,10,20,10,10,10,10,10,20
"search location map",590,"stable 1%","+1%",43,"0.07","$0.05",No,"Contains: location map · Length: Body (3–4 words) · Seasonality: Evergreen",1600,1300,1900,1600,1300,1600,1600,1600,1900,2400,3600,2900,2900,1300,1300,1300,2400,1900,1600,1300,1600,1600,1600,1600,1300,1300,1000,880,720,590,590,880,720,880,720,720,590,590,590,720,720,590,590,590,590,720,590,480
"you google maps",390,"stable -14%","-14%",43,"0","N/A",No,"Contains: google maps · Length: Body (3–4 words) · Seasonality: Evergreen",320,320,390,720,480,390,320,320,320,390,480,320,320,260,320,480,390,480,480,590,480,480,590,390,390,390,390,390,480,720,590,720,590,590,590,480,390,480,590,390,320,480,390,480,390,390,480,390
"google map location editor",880,"stable -4%","-4%",49,"0","N/A",No,"Contains: google map · Contains: google map location · Length: Body (3–4 words) · Seasonality: Evergreen",1000,1300,1300,1000,1000,1300,1000,1300,1000,1000,1000,1300,1300,1000,1000,880,1000,1000,1000,1000,1000,1000,1300,1300,1300,1000,1000,1000,1000,1000,1000,1000,1000,1000,1000,1000,1000,880,880,880,880,880,880,1000,880,880,880,880
"google map on google map",10,"stable 0%","0%",17,"0","N/A",No,"Contains: google map · Length: Long tail (5+ words) · Seasonality: Evergreen",10,20,20,10,10,10,10,10,10,10,10,10,0,10,10,10,10,10,10,10,10,10,10,10,10,10,10,10,10,10,10,10,10,10,10,10,10,10,10,10,10,10,10,10,10,10,10,10
"coordinates from image",30,"growing 25%","+25%",25,"0","N/A",No,"Length: Body (3–4 words) · Seasonality: Evergreen",30,20,20,20,20,30,30,40,30,50,30,30,20,30,40,40,30,40,40,40,30,40,40,40,50,40,30,30,30,30,30,50,40,50,40,30,30,20,30,20,20,50,20,40,30,30,40,30
"search for a location",2900,"stable 8%","+8%",53,"0.08","$0.35",No,"Length: Body (3–4 words) · Seasonality: Evergreen",2900,2900,2900,2900,2900,3600,2900,3600,3600,3600,3600,3600,3600,3600,2900,2900,2900,2900,2900,2900,2900,2900,2900,2900,2900,2900,2900,3600,2900,2900,2900,3600,3600,3600,2900,2900,2900,2900,2900,2900,2900,2900,2900,2900,2900,3600,2900,2900
"map showing gps coordinates",20,"declining -38%","-38%",21,"0.04","N/A",No,"Contains: gps coordinates · Length: Body (3–4 words) · Seasonality: Evergreen",30,40,30,30,30,30,20,30,30,30,20,40,30,40,20,20,20,30,20,30,40,30,20,40,30,20,30,20,10,20,10,30,30,30,30,20,30,20,30,20,30,20,10,20,20,20,20,10
"google maps to and from location",320,"declining -36%","-36%",42,"0","N/A",No,"Contains: google maps · Contains: to and from · Length: Long tail (5+ words) · Seasonality: Evergreen",70,70,90,70,90,140,210,140,50,90,70,40,30,20,30,40,30,20,10,30,30,20,10,20,70,50,70,90,140,170,170,50,110,210,320,320,390,320,320,320,320,320,260,390,260,170,170,320
"location map location map",368000,"growing 30%","+30%",90,"0.03","$0.03",No,"Contains: location map · Length: Body (3–4 words) · Seasonality: Evergreen",246000,201000,246000,201000,246000,246000,246000,246000,246000,301000,301000,301000,246000,301000,246000,246000,301000,301000,301000,301000,301000,368000,368000,301000,301000,301000,368000,368000,368000,368000,301000,301000,368000,368000,368000,301000,368000,301000,368000,368000,368000,368000,368000,368000,368000,450000,450000,450000
"google maps loc",550000,"growing 39%","+39%",95,"0.01","$0.05",No,"Contains: google maps · Length: Body (3–4 words) · Seasonality: Evergreen",201000,201000,201000,201000,201000,201000,201000,201000,246000,368000,368000,368000,368000,368000,301000,301000,301000,301000,301000,368000,368000,450000,368000,368000,368000,368000,368000,368000,368000,368000,450000,450000,450000,450000,450000,450000,450000,450000,550000,550000,550000,550000,450000,550000,550000,673000,673000,673000
"google location online",20,"declining -20%","-20%",21,"0.06","N/A",No,"Contains: google location · Length: Body (3–4 words) · Seasonality: Evergreen",20,20,10,20,10,10,20,20,20,20,10,40,20,20,20,20,30,10,30,20,30,30,20,20,10,30,10,20,20,10,10,20,30,20,20,20,30,10,10,20,20,30,10,10,20,10,20,10
"coordinates of google map",10,"growing 100%","+100%",17,"0.01","N/A",No,"Contains: google map · Contains: of google map · Length: Body (3–4 words) · Seasonality: Evergreen",10,10,10,10,10,10,10,10,10,10,10,10,10,10,10,10,10,10,10,10,10,10,10,10,10,10,10,10,10,10,20,10,10,10,10,10,10,10,10,10,10,10,20,10,20,20,20,20
"using gps coordinates",40,"declining -23%","-23%",25,"0.07","$1.41",No,"Contains: gps coordinates · Contains: using gps coordinates · Length: Body (3–4 words) · Seasonality: Evergreen",140,90,140,50,50,70,40,50,70,70,70,70,50,50,30,30,30,20,30,30,50,40,50,40,50,30,50,70,40,40,30,70,50,40,40,30,40,50,40,40,30,30,40,40,30,30,30,40
"map in online",10,"stable 0%","0%",17,"0","N/A",No,"Length: Body (3–4 words) · Seasonality: Evergreen",10,10,10,10,20,10,10,10,10,10,10,10,10,10,10,10,10,10,20,10,10,30,10,20,10,10,10,10,10,10,10,10,10,10,10,10,10,10,10,10,10,10,10,10,20,10,10,10
"map of online",10,"growing 33%","+33%",16,"0.06","N/A",No,"Length: Body (3–4 words) · Seasonality: Evergreen",20,10,10,10,10,10,10,20,10,10,10,10,10,20,10,10,10,10,10,10,10,10,10,10,10,10,10,10,30,10,10,10,20,20,10,10,10,10,10,10,10,10,10,10,20,20,10,10
"free use maps",20,"declining -44%","-44%",22,"0.02","N/A",No,"Length: Body (3–4 words) · Seasonality: Evergreen",20,20,20,30,10,30,30,40,40,30,40,30,20,30,30,20,20,30,40,40,30,40,30,20,30,40,20,30,20,30,20,30,30,20,20,30,20,40,30,20,20,20,20,30,10,10,20,20
"gps coordinates maps",1600,"stable 16%","+16%",51,"0.04","$0.39",No,"Contains: gps coordinates · Length: Body (3–4 words) · Seasonality: Evergreen",2400,2400,1900,1900,1900,1900,1600,1900,1900,1900,1900,1900,1900,1900,1900,1600,1600,1900,1900,1900,1900,2400,1900,1900,1900,1900,1900,4400,3600,1600,1600,1900,1900,1900,1600,1900,1900,1600,1600,1300,1300,1600,1300,1600,1600,1600,2400,1900
"khali map ki photo",30,"declining -20%","-20%",15,"0.4","N/A",No,"Length: Body (3–4 words) · Seasonality: Peaks in March",0,10,10,10,10,10,10,30,10,10,10,10,10,20,30,20,30,50,40,50,20,20,30,40,30,30,20,30,20,20,30,40,20,20,10,20,30,30,40,30,10,30,40,40,20,30,20,30
"google maps google",13600000,"stable 15%","+15%",100,"0","$0.16",No,"Contains: google maps · Contains: google maps google · Length: Body (3–4 words) · Seasonality: Evergreen",13600000,13600000,13600000,13600000,11100000,13600000,13600000,13600000,13600000,16600000,16600000,16600000,13600000,13600000,13600000,11100000,9140000,11100000,13600000,13600000,13600000,13600000,13600000,16600000,13600000,13600000,13600000,11100000,11100000,13600000,11100000,13600000,13600000,13600000,13600000,13600000,13600000,13600000,13600000,13600000,11100000,13600000,11100000,16600000,13600000,13600000,16600000,16600000
"geotag data",30,"declining -22%","-22%",25,"0","N/A",No,"Length: Head (1–2 words) · Seasonality: Evergreen",50,70,40,50,30,50,40,50,40,40,40,30,30,30,40,30,30,30,50,40,70,40,30,50,30,30,30,30,40,50,30,40,50,40,40,20,20,40,30,30,30,20,40,30,40,20,30,20
"search image location online",10,"declining -20%","-20%",17,"0","N/A",No,"Length: Body (3–4 words) · Seasonality: Peaks in January",10,10,10,10,10,20,10,10,10,10,10,10,10,20,20,20,30,30,20,30,20,30,20,20,30,20,10,10,20,40,20,10,20,20,10,20,20,20,10,10,10,10,10,10,10,20,10,10
"image data location",10,"stable 0%","0%",17,"0","N/A",No,"Length: Body (3–4 words) · Seasonality: Evergreen",20,10,10,10,30,30,30,10,10,20,20,20,10,20,10,10,10,10,20,20,10,10,20,10,20,10,10,10,10,20,10,10,10,10,10,10,10,10,10,10,10,10,10,10,10,10,10,10
"google maps nd",30,"declining -25%","-25%",25,"0","N/A",No,"Contains: google maps · Length: Body (3–4 words) · Seasonality: Evergreen",20,30,10,10,10,10,20,20,10,20,10,30,20,10,20,20,20,20,30,20,30,20,20,30,20,30,20,20,30,40,10,30,30,50,30,20,50,30,40,20,30,40,40,30,20,30,30,30
"free map of",10,"stable 0%","0%",17,"0","N/A",No,"Length: Body (3–4 words) · Seasonality: Evergreen",10,10,20,10,10,10,10,20,20,10,10,10,10,10,10,10,10,10,10,10,10,20,10,10,10,20,20,10,10,10,10,10,10,20,10,20,10,10,10,10,10,10,10,20,10,10,10,10
"google a maps",3600,"stable 0%","0%",59,"0","$0.32",No,"Length: Body (3–4 words) · Seasonality: Evergreen",3600,2900,2900,2900,2900,3600,2900,2900,2900,2900,2900,2900,2900,2900,2900,2400,2400,2900,2900,3600,3600,3600,3600,3600,3600,3600,3600,2900,2400,2900,2900,3600,3600,3600,3600,3600,2900,3600,3600,3600,2900,3600,3600,3600,2900,2900,3600,3600
"google and maps",14800,"stable 14%","+14%",68,"0.02","$0.22",No,"Length: Body (3–4 words) · Seasonality: Evergreen",14800,14800,12100,9900,9900,14800,12100,12100,12100,12100,12100,12100,12100,12100,14800,12100,9900,12100,14800,14800,14800,14800,14800,18100,18100,14800,14800,14800,12100,14800,12100,12100,14800,18100,14800,14800,18100,14800,14800,14800,14800,14800,14800,18100,18100,18100,18100,18100
"google to and from map",50,"stable 8%","+8%",28,"0","N/A",No,"Contains: to and from · Length: Long tail (5+ words) · Seasonality: Evergreen",40,30,20,20,30,20,30,30,30,40,40,40,50,40,40,40,20,20,30,30,20,30,20,30,40,40,40,40,50,50,30,50,50,50,50,40,30,50,50,50,50,50,40,40,40,40,70,30
"google what is a map",110,"stable 17%","+17%",34,"0","N/A",No,"Contains: google what is · Intent: Informational · Length: Long tail (5+ words) · Seasonality: Evergreen",90,50,50,50,30,70,70,50,50,40,40,50,40,40,70,50,40,90,50,50,50,50,40,70,70,70,50,70,90,110,90,110,110,140,90,50,90,110,90,90,110,110,90,110,110,140,110,90
"google what is the map",20,"declining -20%","-20%",22,"0","N/A",No,"Contains: google what is · Intent: Informational · Length: Long tail (5+ words) · Seasonality: Evergreen",20,40,30,30,30,30,40,40,20,30,30,30,20,40,30,20,30,40,40,40,20,30,20,20,20,10,20,20,20,20,10,20,20,10,20,20,10,20,20,10,20,20,10,20,40,20,10,10
"map image location",140,"growing 68%","+68%",36,"0","N/A",No,"Length: Body (3–4 words) · Seasonality: Evergreen",30,10,20,30,20,50,30,30,30,30,50,50,50,70,50,50,50,70,40,20,20,20,20,30,30,20,40,40,40,30,50,50,50,70,50,70,90,110,110,70,90,90,90,170,170,140,170,210
"map net",6600,"stable -12%","-12%",62,"0.03","$1.38",No,"Length: Head (1–2 words) · Seasonality: Evergreen",4400,3600,3600,3600,2900,2900,2900,2900,3600,2900,2900,2900,4400,2900,3600,2900,2900,3600,3600,3600,3600,3600,3600,4400,3600,4400,4400,4400,3600,4400,4400,4400,5400,5400,5400,5400,6600,6600,6600,6600,6600,6600,6600,6600,6600,6600,5400,5400
"image of service",3600,"declining -38%","-38%",59,"0.01","$1.40",No,"Length: Body (3–4 words) · Seasonality: Evergreen",4400,5400,5400,5400,4400,5400,5400,5400,4400,5400,4400,4400,5400,5400,5400,4400,3600,5400,6600,5400,5400,4400,4400,4400,5400,5400,5400,4400,3600,4400,5400,5400,4400,4400,3600,4400,4400,4400,4400,4400,3600,4400,4400,3600,3600,2900,2900,2400
"geo search google",20,"declining -50%","-50%",22,"0.01","N/A",No,"Length: Body (3–4 words) · Seasonality: Evergreen",40,30,20,20,10,10,10,10,20,10,10,10,10,20,20,10,10,20,10,20,10,20,20,20,10,10,20,30,20,10,20,20,30,40,40,30,30,30,40,10,20,10,20,20,10,10,20,20
"google o maps",40,"stable 0%","0%",26,"0.04","N/A",No,"Length: Body (3–4 words) · Seasonality: Evergreen",20,10,10,10,20,10,10,20,10,10,10,10,10,20,10,20,10,20,30,20,30,10,20,20,20,30,20,20,20,20,20,20,20,20,20,30,30,50,30,40,20,30,50,70,40,30,50,30
"image with gps data",110,"stable -14%","-14%",34,"0.01","N/A",No,"Length: Body (3–4 words) · Seasonality: Evergreen",260,210,210,210,210,260,170,210,210,170,210,170,170,170,210,140,140,140,170,210,210,170,140,140,170,170,170,140,140,140,170,140,140,140,140,110,110,140,110,110,90,110,90,110,110,110,110,90
"photos of maps",9900,"stable -7%","-7%",59,"0.12","$0.14",No,"Length: Body (3–4 words) · Seasonality: Evergreen",9900,12100,9900,9900,9900,9900,9900,9900,9900,9900,9900,9900,9900,12100,12100,9900,9900,9900,9900,12100,9900,9900,9900,9900,12100,12100,12100,9900,9900,9900,9900,9900,9900,9900,9900,9900,9900,12100,9900,9900,9900,9900,9900,9900,9900,9900,9900,9900
"your location map",22200,"stable 15%","+15%",70,"0.03","$0.03",No,"Contains: location map · Length: Body (3–4 words) · Seasonality: Evergreen",12100,14800,14800,12100,12100,12100,12100,12100,12100,18100,14800,18100,18100,14800,14800,14800,14800,14800,12100,14800,14800,18100,18100,18100,22200,18100,22200,22200,22200,22200,18100,22200,22200,27100,22200,27100,22200,22200,22200,22200,22200,22200,18100,22200,22200,27100,27100,22200
"search by image location",880,"stable -16%","-16%",48,"0.02","$0.62",No,"Length: Body (3–4 words) · Seasonality: Evergreen",720,590,590,590,590,720,590,720,720,880,880,880,880,880,880,880,880,880,880,1000,1000,1000,1000,1300,1300,1000,1000,1000,1000,1000,1000,1300,1300,1300,1000,1000,1000,880,880,880,880,880,720,880,720,880,720,720
"google google map google map",110,"stable 17%","+17%",33,"0.03","$0.19",No,"Contains: google map · Contains: map google · Contains: map google map · Contains: google map google · Length: Long tail (5+ words) · Seasonality: Evergreen",110,110,110,140,170,110,110,140,110,140,140,140,110,110,90,90,90,90,90,140,110,140,90,110,90,90,110,90,90,110,110,140,140,170,110,140,110,140,110,90,110,140,110,110,140,140,140,140
"google map map google map",70,"stable 6%","+6%",30,"0.03","$0.05",No,"Contains: google map · Contains: map google · Contains: map google map · Length: Long tail (5+ words) · Seasonality: Evergreen",40,70,70,50,40,50,30,50,50,70,40,70,30,40,50,50,70,30,50,50,50,50,50,50,70,50,70,50,50,70,50,70,70,50,50,70,70,40,70,50,70,50,40,70,70,70,50,70
"location map creator online free",20,"growing 25%","+25%",13,"0.39","$1.67",No,"Contains: location map · Contains: online free · Length: Long tail (5+ words) · Seasonality: Evergreen",10,20,40,40,20,30,20,40,30,40,30,20,30,40,30,30,30,30,40,40,50,50,40,50,30,40,30,30,50,30,10,20,10,20,30,30,10,20,10,20,10,20,10,20,20,20,20,10
"free map search",10,"stable 0%","0%",17,"0","N/A",No,"Length: Body (3–4 words) · Seasonality: Peaks in August",50,10,10,10,20,20,10,10,10,10,10,20,10,10,10,10,10,20,10,10,10,10,20,10,20,10,10,10,10,10,10,20,20,20,10,10,10,10,10,10,10,10,10,10,20,10,10,10
"location using gps coordinates",10,"declining -40%","-40%",15,"0.15","N/A",No,"Contains: gps coordinates · Contains: using gps coordinates · Length: Body (3–4 words) · Seasonality: Evergreen",30,20,20,10,20,20,20,20,30,40,20,30,30,20,10,20,20,20,20,20,20,30,20,20,20,20,30,20,20,30,20,20,10,10,30,10,20,20,10,20,10,10,10,20,10,10,10,10
"location pics",140,"declining -31%","-31%",36,"0","N/A",No,"Length: Head (1–2 words) · Seasonality: Evergreen",260,210,260,210,260,210,210,210,210,210,210,210,210,210,210,170,210,210,210,210,170,170,210,210,260,140,210,140,140,170,170,170,170,140,170,170,170,210,140,110,110,140,140,110,140,110,110,140
"coordinates search on google maps",4400,"stable 0%","0%",60,"0.01","$0.12",No,"Contains: google maps · Contains: on google maps · Length: Long tail (5+ words) · Seasonality: Evergreen",5400,5400,5400,5400,4400,5400,5400,6600,5400,5400,5400,5400,5400,5400,5400,4400,4400,4400,4400,4400,5400,5400,4400,5400,4400,4400,4400,4400,3600,4400,3600,4400,4400,4400,4400,4400,4400,4400,4400,4400,4400,4400,3600,4400,4400,4400,4400,4400
"coordinates search google maps",1600,"declining -26%","-26%",53,"0","$0.53",No,"Contains: google maps · Contains: search google maps · Length: Body (3–4 words) · Seasonality: Evergreen",2400,2400,2400,2400,1900,2400,2400,2400,2400,2400,2900,2900,2900,2400,2400,2400,1900,2400,2400,2400,2900,2900,2400,2400,2400,2400,2400,1900,1900,1900,1900,2400,2400,1900,1900,2400,1900,1900,1900,1600,1600,1300,1300,1600,1300,1300,1300,1600
"google map google google map",70,"growing 56%","+56%",30,"0.03","$0.10",No,"Contains: google map · Contains: map google · Contains: google map google · Length: Long tail (5+ words) · Seasonality: Evergreen",70,70,50,50,40,50,40,70,50,70,40,50,50,40,40,40,50,30,40,40,50,50,70,40,50,50,50,50,40,50,70,70,90,70,50,50,50,70,40,70,50,70,70,90,90,70,90,90
"map using",1000,"declining -20%","-20%",46,"0.09","N/A",No,"Length: Head (1–2 words) · Seasonality: Evergreen",880,1000,880,880,720,880,880,880,880,880,880,720,880,880,880,880,720,880,880,720,880,880,720,720,880,880,880,720,880,880,880,880,880,1000,880,720,1300,1300,1000,880,1000,1000,1000,1000,1000,1000,1000,880
"google map to search location",10,"stable 0%","0%",16,"0.05","N/A",No,"Contains: google map · Length: Long tail (5+ words) · Seasonality: Evergreen",10,10,10,10,10,20,10,10,10,10,30,10,10,10,20,10,10,10,10,10,10,10,10,10,10,10,10,10,10,10,10,10,10,10,10,10,10,10,10,10,10,10,10,10,10,10,10,10
"google map google map map",50,"growing 31%","+31%",28,"0.03","$0.01",No,"Contains: google map · Contains: map google · Contains: map google map · Contains: google map google · Length: Long tail (5+ words) · Seasonality: Evergreen",40,50,50,40,40,50,40,40,40,50,50,30,40,40,30,30,40,40,30,50,20,40,40,30,50,50,50,30,30,40,40,50,40,50,40,50,40,40,50,30,40,50,40,50,50,50,50,70
"free map editor online",20,"declining -20%","-20%",21,"0.05","N/A",No,"Length: Body (3–4 words) · Seasonality: Evergreen",20,20,20,20,30,30,30,40,30,10,10,10,30,40,20,30,40,40,20,20,10,50,30,10,10,10,20,30,20,30,10,10,10,10,10,10,10,20,20,10,20,20,30,30,20,10,20,10
"location map of business",30,"stable 11%","+11%",25,"0","N/A",No,"Contains: location map · Length: Body (3–4 words) · Seasonality: Evergreen",10,20,20,20,10,10,10,10,10,20,10,10,10,40,10,10,10,10,10,10,10,10,10,10,10,10,20,10,10,10,10,20,10,10,20,30,30,20,40,20,20,20,20,20,40,30,40,30
"maps business google",20,"growing 20%","+20%",22,"0.01","N/A",No,"Length: Body (3–4 words) · Seasonality: Evergreen",40,20,30,20,20,20,20,20,10,20,30,20,10,20,10,10,20,20,10,20,30,30,30,20,20,10,20,30,20,20,10,10,20,20,20,20,20,20,10,20,20,20,20,10,10,20,20,20
"google maps editor online",50,"stable 0%","0%",28,"0.02","N/A",No,"Contains: google maps · Length: Body (3–4 words) · Seasonality: Evergreen",50,50,50,40,70,70,110,140,70,50,40,30,70,50,50,30,40,70,90,50,50,50,50,50,50,50,50,70,70,30,40,40,40,50,70,50,50,50,40,50,70,50,40,50,50,50,40,50
"google maps google maps google maps google maps",260,"growing 23%","+23%",40,"0.01","$0.10",No,"Contains: google maps · Contains: google maps google · Contains: maps google maps · Length: Long tail (5+ words) · Seasonality: Evergreen",320,260,320,260,260,260,260,320,210,320,320,320,260,260,210,210,210,210,210,260,210,260,260,260,260,210,210,210,210,170,210,260,260,260,260,260,260,260,260,210,170,210,210,320,260,320,320,320
"gps editor online",110,"growing 80%","+80%",34,"0","N/A",No,"Length: Body (3–4 words) · Seasonality: Evergreen",50,50,40,30,20,20,20,20,50,50,50,50,70,40,40,30,20,30,40,70,40,40,50,50,50,50,50,90,70,70,70,110,90,110,90,70,90,70,90,70,140,110,110,110,140,140,140,170
"using gps",320,"stable 13%","+13%",24,"0.43","$1.21",No,"Length: Head (1–2 words) · Seasonality: Evergreen",390,320,320,260,320,260,210,320,320,320,260,260,260,260,320,260,260,320,320,320,320,320,390,320,390,320,390,320,260,320,320,390,390,390,320,260,260,390,260,260,260,390,320,320,390,320,320,390
"google map google map google map google",10,"growing 33%","+33%",17,"0","N/A",No,"Contains: google map · Contains: map google · Contains: map google map · Contains: google map google · Length: Long tail (5+ words) · Seasonality: Evergreen",20,20,20,20,20,30,20,20,20,30,20,20,10,10,10,20,10,10,10,10,10,10,20,10,10,10,10,10,10,10,10,10,10,10,20,10,10,10,10,10,10,10,10,10,10,10,10,20
"google images location",110,"stable -8%","-8%",33,"0.03","$0.95",No,"Length: Body (3–4 words) · Seasonality: Evergreen",110,140,90,90,70,110,90,140,110,110,110,140,140,140,140,140,110,140,140,140,140,140,140,140,140,170,110,140,110,140,140,210,170,210,170,170,140,110,140,140,140,110,110,90,90,110,140,110
"mapping gps coordinates in google earth",20,"declining -22%","-22%",21,"0.06","N/A",No,"Contains: gps coordinates · Contains: coordinates in google · Length: Long tail (5+ words) · Seasonality: Evergreen",50,50,40,30,40,30,20,10,10,20,20,30,20,20,20,10,10,20,20,20,20,20,20,30,10,20,20,40,40,40,40,50,40,30,50,30,20,40,30,30,20,20,20,30,20,30,10,30
"to and from location google maps",20,"stable -14%","-14%",22,"0.01","N/A",No,"Contains: google maps · Contains: location google maps · Contains: to and from · Length: Long tail (5+ words) · Seasonality: Evergreen",50,40,40,40,40,40,30,50,30,10,40,20,30,20,20,10,20,10,20,30,10,10,10,40,50,40,30,20,20,20,20,40,40,40,40,40,20,20,30,30,30,30,10,10,10,10,20,30
"data free website",30,"declining -27%","-27%",25,"0.01","N/A",No,"Length: Body (3–4 words) · Seasonality: Evergreen",90,90,70,70,70,70,90,70,50,40,90,40,50,70,40,50,70,70,50,50,40,50,50,70,50,30,50,30,50,50,70,70,50,70,50,50,40,40,30,30,40,20,30,20,30,20,20,40
"gps position in google maps",20,"stable -14%","-14%",22,"0.02","N/A",No,"Contains: google maps · Contains: in google maps · Length: Long tail (5+ words) · Seasonality: Evergreen",10,10,10,20,10,10,10,10,10,10,10,10,10,10,10,10,10,10,10,10,10,10,10,10,10,10,10,10,10,10,10,10,10,10,10,10,20,20,30,30,30,30,10,20,20,20,30,10
"location map location",368000,"growing 30%","+30%",90,"0.03","$0.03",No,"Contains: location map · Length: Body (3–4 words) · Seasonality: Evergreen",246000,201000,246000,201000,246000,246000,246000,246000,246000,301000,301000,301000,246000,301000,246000,246000,301000,301000,301000,301000,301000,368000,368000,301000,301000,301000,368000,368000,368000,368000,301000,301000,368000,368000,368000,301000,368000,301000,368000,368000,368000,368000,368000,368000,368000,450000,450000,450000
"location map map",368000,"growing 30%","+30%",90,"0.03","$0.03",No,"Contains: location map · Length: Body (3–4 words) · Seasonality: Evergreen",246000,201000,246000,201000,246000,246000,246000,246000,246000,301000,301000,301000,246000,301000,246000,246000,301000,301000,301000,301000,301000,368000,368000,301000,301000,301000,368000,368000,368000,368000,301000,301000,368000,368000,368000,301000,368000,301000,368000,368000,368000,368000,368000,368000,368000,450000,450000,450000
"location pic",3600,"declining -30%","-30%",57,"0.04","$0.08",No,"Length: Head (1–2 words) · Seasonality: Evergreen",2900,2900,2900,2400,2400,2900,2400,2900,2400,2900,2900,2900,2900,2900,2900,2900,2900,2900,2900,2900,2900,2900,2900,2900,3600,3600,2900,2900,2900,3600,2900,3600,2900,2900,2900,2900,4400,4400,3600,2900,2900,3600,2900,2900,2900,2900,2900,2900
"map local map",10,"stable 0%","0%",17,"0","N/A",No,"Intent: Local · Length: Body (3–4 words) · Seasonality: Peaks in September",10,50,10,10,10,10,10,10,10,40,10,10,10,10,10,10,10,20,10,10,20,20,20,10,20,20,10,10,10,10,20,10,10,10,10,20,10,10,10,10,10,10,10,10,10,10,10,10
"coordinates images",1300,"declining -24%","-24%",52,"0","N/A",No,"Length: Head (1–2 words) · Seasonality: Evergreen",1000,1600,1600,1600,1300,1300,1300,1600,1300,1600,1300,1300,1600,1900,1900,1900,1600,1600,1600,1600,1300,1600,1300,1600,1300,1600,1600,1600,1300,1300,1300,1300,1300,1300,1000,1300,1300,1600,1300,1600,1300,1300,1300,1300,1300,1300,1000,880
"google geo coordinates",20,"declining -57%","-57%",22,"0","N/A",No,"Length: Body (3–4 words) · Seasonality: Evergreen",20,20,20,20,20,20,10,20,20,20,20,20,20,20,10,10,20,20,30,10,30,20,20,20,20,30,30,30,40,40,40,30,30,30,30,20,30,20,20,10,10,30,20,10,20,10,10,10
"image to gps",12100,"stable 14%","+14%",45,"0.34","$0.06",No,"Length: Body (3–4 words) · Seasonality: Evergreen",3600,4400,3600,4400,3600,4400,4400,4400,4400,4400,4400,4400,5400,6600,5400,5400,5400,6600,6600,6600,6600,6600,6600,6600,6600,6600,8100,8100,8100,8100,8100,9900,9900,9900,9900,9900,9900,12100,9900,9900,9900,9900,9900,9900,9900,12100,12100,12100
"gps coordinates free",50,"growing 21%","+21%",19,"0.33","$0.46",No,"Contains: gps coordinates · Length: Body (3–4 words) · Seasonality: Evergreen",40,50,40,40,30,30,20,40,40,50,30,40,40,40,40,40,50,70,40,70,70,70,70,90,90,70,70,70,70,90,90,70,90,70,70,90,50,50,40,50,50,50,30,70,50,50,70,50
"location by maps",368000,"growing 30%","+30%",90,"0.03","$0.03",No,"Length: Body (3–4 words) · Seasonality: Evergreen",246000,201000,246000,201000,246000,246000,246000,246000,246000,301000,301000,301000,246000,301000,246000,246000,301000,301000,301000,301000,301000,368000,368000,301000,301000,301000,368000,368000,368000,368000,301000,301000,368000,368000,368000,301000,368000,301000,368000,368000,368000,368000,368000,368000,368000,450000,450000,450000
"map map google map",320,"stable 15%","+15%",41,"0.02","$0.04",No,"Contains: google map · Contains: map google · Contains: map google map · Length: Body (3–4 words) · Seasonality: Evergreen",320,320,260,260,260,260,260,260,260,260,320,260,260,260,320,260,210,260,260,210,260,260,260,210,210,320,320,320,260,260,260,260,320,390,260,260,320,320,320,390,320,320,260,390,390,320,390,390
"other images",1900,"growing 109%","+109%",55,"0","N/A",No,"Length: Head (1–2 words) · Seasonality: Evergreen",590,720,1000,1300,1000,1000,1000,1000,880,880,880,880,720,720,720,720,590,590,720,720,590,720,720,720,720,720,880,720,720,880,720,880,880,880,1000,1000,1300,1600,1600,1600,1900,1900,1900,1900,1900,2900,2900,3600
"google maps an",50,"growing 31%","+31%",28,"0.01","N/A",No,"Contains: google maps · Length: Body (3–4 words) · Seasonality: Evergreen",40,40,30,20,20,40,20,20,30,30,30,30,20,20,20,30,30,40,30,40,50,50,50,20,30,40,40,30,40,50,30,40,30,30,30,50,40,40,50,40,20,30,40,70,70,50,50,70
"map coordinates online",70,"stable -16%","-16%",30,"0.02","N/A",No,"Length: Body (3–4 words) · Seasonality: Evergreen",170,170,110,110,70,110,70,110,110,110,110,140,90,110,140,90,110,110,90,140,90,110,90,90,110,110,90,70,70,90,70,70,70,70,70,70,90,90,70,50,50,50,40,40,50,50,70,90
"coordinates of a place on google maps",20,"growing 20%","+20%",21,"0.04","N/A",No,"Contains: google maps · Contains: on google maps · Length: Long tail (5+ words) · Seasonality: Evergreen",20,10,20,20,20,30,20,30,20,20,40,20,20,30,20,20,20,30,30,20,20,20,20,20,30,20,10,20,10,20,30,30,30,20,20,20,20,20,10,10,10,10,10,20,10,20,20,20
"location to location map",170,"declining -25%","-25%",37,"0","N/A",No,"Contains: location map · Contains: location to location · Length: Body (3–4 words) · Seasonality: Evergreen",390,260,210,170,210,260,140,170,210,210,260,210,210,140,140,110,110,140,260,210,210,210,170,210,210,170,170,140,140,110,140,170,260,260,320,260,170,170,260,260,140,110,140,140,140,170,140,140
"google by map",1600,"stable 0%","0%",53,"0.01","$0.42",No,"Length: Body (3–4 words) · Seasonality: Evergreen",1600,1600,1600,1900,1300,1600,1600,1900,1900,1300,1300,1300,1300,1000,1000,1000,880,1000,1300,1600,1600,1600,1300,1300,1300,1000,1300,1300,1000,1000,1300,1300,1600,1600,1300,1300,1600,1600,1300,1300,1300,1600,1600,1600,1600,1600,1300,1600
"google in the map",10,"stable 0%","0%",17,"0","N/A",No,"Length: Body (3–4 words) · Seasonality: Evergreen",10,10,10,10,10,10,10,10,10,20,10,10,10,10,10,10,10,10,10,10,10,10,10,10,10,10,20,10,10,10,10,10,10,10,20,10,10,10,10,10,10,10,10,10,20,10,10,10
"google what is map",30,"stable 12%","+12%",25,"0","N/A",No,"Contains: google what is · Intent: Informational · Length: Body (3–4 words) · Seasonality: Evergreen",50,50,50,40,40,40,50,50,50,50,50,30,40,40,40,40,50,30,40,30,30,40,30,40,30,40,30,40,40,30,30,40,30,30,10,20,30,20,30,20,20,30,30,30,40,40,30,20
"google where is map",10,"stable 0%","0%",17,"0","N/A",No,"Length: Body (3–4 words) · Seasonality: Peaks in March",20,20,20,20,20,20,20,20,10,20,10,20,10,10,10,10,10,30,50,70,50,40,20,20,20,10,10,10,10,10,10,20,20,10,10,10,10,10,10,10,10,10,10,10,10,10,10,10
"maps for you",50,"declining -29%","-29%",28,"0.03","N/A",No,"Length: Body (3–4 words) · Seasonality: Evergreen",90,90,110,110,90,70,70,110,90,110,90,110,90,110,90,90,90,210,140,140,90,110,90,70,70,110,70,70,50,70,70,50,90,70,70,90,90,70,50,70,50,70,70,50,50,50,50,50
"google images location search",1000,"declining -37%","-37%",49,"0.02","$0.90",No,"Length: Body (3–4 words) · Seasonality: Evergreen",720,880,720,720,720,880,720,880,880,1300,1000,1300,1300,1300,1300,1000,1000,1000,1000,1900,1600,1600,1600,1900,1600,1300,1600,1600,1600,1600,1300,1600,1600,1600,1300,1300,1600,1300,1300,1300,1000,1000,880,880,880,880,880,880
"search from location",720,"declining -34%","-34%",47,"0.01","$0.23",No,"Length: Body (3–4 words) · Seasonality: Evergreen",320,320,320,320,320,390,320,480,390,390,480,480,480,480,590,590,590,720,720,880,720,880,590,720,1000,590,590,590,590,720,1000,1300,1000,880,880,720,880,1300,720,590,720,720,480,480,590,720,720,480
"search in location",10,"stable 0%","0%",15,"0.16","N/A",No,"Length: Body (3–4 words) · Seasonality: Evergreen",10,10,10,10,10,10,10,10,10,10,10,10,10,10,10,10,10,10,10,10,10,10,10,10,10,10,20,10,10,10,10,10,10,10,10,10,10,10,10,10,10,10,10,10,10,10,10,10
"google map on location",30,"growing 33%","+33%",24,"0.03","N/A",No,"Contains: google map · Length: Body (3–4 words) · Seasonality: Evergreen",10,10,10,10,10,10,40,20,20,10,10,10,20,10,20,10,10,10,20,10,10,20,20,20,20,30,30,40,30,20,30,20,30,20,30,30,30,10,20,30,50,20,30,20,30,20,30,30
"gps map image",590,"growing 40%","+40%",45,"0.02","$0.11",No,"Length: Body (3–4 words) · Seasonality: Evergreen",140,110,140,170,140,170,110,170,140,170,140,140,210,170,170,170,170,140,140,140,170,170,170,170,210,170,210,210,260,210,320,320,320,320,320,390,480,590,590,480,390,480,480,590,590,720,720,880
"google location on map",5400,"growing 30%","+30%",60,"0.04","$0.04",No,"Contains: google location · Length: Body (3–4 words) · Seasonality: Evergreen",6600,6600,6600,6600,8100,6600,6600,6600,5400,6600,6600,6600,6600,6600,5400,5400,4400,4400,4400,4400,4400,4400,4400,5400,4400,4400,5400,4400,3600,4400,4400,4400,4400,4400,5400,4400,4400,5400,5400,5400,5400,5400,5400,5400,5400,6600,6600,6600