Keyword,Volume,Trend,Growth %,SEO Score,Competition,Avg CPC,Branded,Topics,Aug 2022,Sep 2022,Oct 2022,Nov 2022,Dec 2022,Jan 2023,Feb 2023,Mar 2023,Apr 2023,May 2023,Jun 2023,Jul 2023,Aug 2023,Sep 2023,Oct 2023,Nov 2023,Dec 2023,Jan 2024,Feb 2024,Mar 2024,Apr 2024,May 2024,Jun 2024,Jul 2024,Aug 2024,Sep 2024,Oct 2024,Nov 2024,Dec 2024,Jan 2025,Feb 2025,Mar 2025,Apr 2025,May 2025,Jun 2025,Jul 2025,Aug 2025,Sep 2025,Oct 2025,Nov 2025,Dec 2025,Jan 2026,Feb 2026,Mar 2026,Apr 2026,May 2026,Jun 2026,Jul 2026
"photo images",22200,"stable -7%","-7%",70,"0.04","$2.18",No,"Length: Head (1–2 words) · Seasonality: Evergreen",27100,27100,27100,27100,27100,27100,22200,27100,27100,27100,22200,22200,22200,22200,22200,22200,22200,22200,22200,27100,22200,27100,27100,27100,22200,22200,22200,22200,22200,22200,22200,22200,22200,22200,22200,22200,22200,27100,22200,22200,22200,22200,22200,22200,22200,22200,22200,22200
"photo online",6600,"stable -12%","-12%",15,"0.77","$2.24",No,"Length: Head (1–2 words) · Seasonality: Evergreen",6600,6600,6600,6600,6600,6600,5400,6600,6600,6600,6600,6600,6600,6600,6600,8100,8100,6600,6600,6600,6600,8100,6600,6600,6600,6600,6600,6600,6600,5400,5400,8100,6600,6600,5400,5400,6600,6600,6600,6600,6600,6600,5400,6600,5400,6600,5400,5400
"photo upload",12100,"stable -18%","-18%",64,"0.06","$2.05",No,"Length: Head (1–2 words) · Seasonality: Evergreen",14800,14800,14800,12100,14800,14800,14800,18100,14800,14800,14800,14800,14800,18100,14800,14800,14800,14800,14800,14800,14800,14800,14800,14800,14800,12100,12100,12100,14800,12100,12100,12100,12100,14800,12100,14800,14800,14800,14800,12100,12100,12100,12100,12100,12100,12100,12100,12100
"photos download",60500,"stable -13%","-13%",79,"0.01","$2.17",No,"Length: Head (1–2 words) · Seasonality: Evergreen",165000,135000,135000,135000,135000,135000,110000,135000,110000,110000,110000,110000,110000,110000,110000,110000,110000,110000,110000,110000,90500,110000,90500,90500,90500,74000,74000,74000,74000,74000,60500,74000,74000,74000,74000,74000,74000,74000,60500,60500,74000,74000,60500,60500,60500,60500,60500,60500
"free online photos",480,"declining -38%","-38%",31,"0.3","$1.98",No,"Length: Body (3–4 words) · Seasonality: Evergreen",880,1000,1000,1000,880,1000,1000,1000,1000,1000,1000,880,880,880,880,1000,880,1000,1000,1000,880,1000,720,880,720,880,880,720,720,720,720,880,880,590,590,720,720,720,590,480,480,480,480,590,480,480,390,390
"adobe photos",18100,"declining -33%","-33%",53,"0.25","$4.94",No,"Length: Head (1–2 words) · Seasonality: Evergreen",18100,18100,18100,18100,18100,18100,18100,22200,18100,22200,22200,18100,22200,22200,22200,22200,22200,22200,22200,22200,22200,22200,22200,22200,22200,22200,22200,22200,22200,22200,22200,22200,22200,22200,18100,18100,18100,22200,22200,18100,18100,18100,18100,18100,18100,14800,14800,12100
"adobe lightroom",201000,"declining -29%","-29%",54,"0.39","$5.49",No,"Length: Head (1–2 words) · Seasonality: Evergreen",201000,165000,201000,201000,165000,201000,201000,201000,201000,201000,165000,165000,165000,201000,201000,201000,165000,201000,165000,201000,165000,201000,165000,165000,201000,201000,201000,201000,201000,201000,201000,201000,201000,201000,201000,201000,201000,246000,246000,201000,201000,201000,165000,201000,201000,165000,165000,165000
"photos online",6600,"stable -12%","-12%",15,"0.77","$2.24",No,"Length: Head (1–2 words) · Seasonality: Evergreen",6600,6600,6600,6600,6600,6600,5400,6600,6600,6600,6600,6600,6600,6600,6600,8100,8100,6600,6600,6600,6600,8100,6600,6600,6600,6600,6600,6600,6600,5400,5400,8100,6600,6600,5400,5400,6600,6600,6600,6600,6600,6600,5400,6600,5400,6600,5400,5400
"photo lightroom",4400,"stable 8%","+8%",55,"0.09","$3.60",No,"Length: Head (1–2 words) · Seasonality: Evergreen",8100,6600,6600,6600,6600,8100,6600,8100,8100,6600,6600,6600,5400,5400,5400,5400,6600,6600,5400,5400,4400,4400,4400,4400,4400,3600,3600,4400,4400,5400,4400,5400,5400,5400,5400,4400,4400,4400,4400,4400,4400,4400,4400,4400,6600,5400,4400,4400
"photo picture",22200,"growing 41%","+41%",62,"0.15","$2.14",No,"Length: Head (1–2 words) · Seasonality: Evergreen",33100,33100,27100,27100,27100,27100,27100,27100,27100,33100,33100,27100,33100,27100,33100,33100,33100,33100,33100,33100,33100,33100,33100,27100,22200,22200,27100,33100,27100,27100,18100,22200,22200,22200,18100,22200,22200,22200,22200,22200,22200,22200,18100,22200,22200,22200,22200,49500
"add photo to photo",14800,"declining -41%","-41%",60,"0.14","$1.04",No,"Contains: add photo to · Contains: photo to photo · Length: Body (3–4 words) · Seasonality: Evergreen",9900,9900,12100,9900,12100,12100,9900,12100,12100,12100,12100,12100,12100,12100,12100,12100,14800,14800,14800,14800,14800,14800,14800,14800,14800,14800,18100,14800,18100,18100,14800,18100,18100,18100,18100,18100,18100,18100,18100,18100,18100,14800,14800,14800,12100,12100,9900,9900
"photo location",14800,"stable 6%","+6%",59,"0.15","$0.07",No,"Length: Head (1–2 words) · Seasonality: Evergreen",14800,12100,12100,12100,12100,14800,12100,14800,14800,14800,14800,18100,18100,14800,14800,12100,12100,12100,12100,14800,14800,14800,14800,14800,14800,12100,12100,12100,12100,14800,12100,14800,14800,14800,14800,14800,14800,14800,12100,12100,14800,14800,12100,14800,14800,14800,14800,14800
"my images",49500,"growing 107%","+107%",77,"0.02","$1.12",No,"Length: Head (1–2 words) · Seasonality: Evergreen",27100,49500,49500,18100,40500,27100,14800,12100,18100,18100,12100,9900,12100,9900,9900,8100,8100,9900,9900,9900,8100,8100,8100,8100,8100,9900,8100,8100,8100,9900,8100,9900,9900,14800,14800,22200,27100,33100,40500,33100,33100,49500,49500,60500,60500,74000,74000,60500
"add image to photo",14800,"declining -41%","-41%",60,"0.14","$1.04",No,"Contains: add image to · Length: Body (3–4 words) · Seasonality: Evergreen",9900,9900,12100,9900,12100,12100,9900,12100,12100,12100,12100,12100,12100,12100,12100,12100,14800,14800,14800,14800,14800,14800,14800,14800,14800,14800,18100,14800,18100,18100,14800,18100,18100,18100,18100,18100,18100,18100,18100,18100,18100,14800,14800,14800,12100,12100,9900,9900
"adobe lightroom free",5400,"declining -23%","-23%",42,"0.33","$4.92",No,"Length: Body (3–4 words) · Seasonality: Evergreen",2900,2900,2900,2900,2900,2900,2900,4400,8100,9900,8100,8100,8100,9900,9900,8100,8100,8100,8100,8100,8100,8100,8100,6600,6600,6600,6600,6600,6600,6600,6600,6600,8100,8100,6600,6600,6600,6600,6600,5400,5400,5400,5400,5400,5400,5400,5400,4400
"multiple photos in one photo",480,"declining -24%","-24%",31,"0.3","$1.28",No,"Contains: in one photo · Contains: photos in one · Contains: multiple photos in · Length: Long tail (5+ words) · Seasonality: Evergreen",1600,1600,1600,1300,1600,1600,1300,1600,1600,1600,1300,1300,1300,1300,1300,1000,1300,1600,1000,1000,1000,880,1000,1000,1000,880,880,1000,880,880,880,720,720,590,590,590,590,590,590,590,590,480,480,480,390,480,480,390
"google my photos",6600,"stable -7%","-7%",63,"0.01","$0.44",No,"Length: Body (3–4 words) · Seasonality: Peaks in July",6600,8100,6600,6600,6600,6600,6600,6600,5400,6600,12100,27100,18100,12100,9900,9900,9900,9900,8100,8100,8100,8100,6600,8100,8100,6600,6600,6600,6600,9900,8100,8100,8100,6600,8100,8100,6600,8100,6600,5400,5400,5400,5400,6600,5400,6600,6600,6600
"image metadata",8100,"stable -18%","-18%",63,"0.03","$0.16",No,"Length: Head (1–2 words) · Seasonality: Evergreen",8100,6600,8100,8100,22200,18100,9900,9900,9900,9900,8100,9900,9900,9900,9900,8100,8100,9900,8100,9900,9900,9900,9900,9900,9900,9900,9900,8100,8100,9900,8100,9900,9900,8100,12100,12100,9900,9900,9900,9900,8100,8100,8100,9900,8100,8100,8100,8100
"create images",49500,"growing 107%","+107%",63,"0.19","$0.82",No,"Length: Head (1–2 words) · Seasonality: Evergreen",4400,4400,4400,5400,4400,5400,5400,6600,6600,6600,6600,6600,6600,6600,12100,18100,12100,27100,18100,14800,12100,12100,12100,12100,12100,12100,14800,14800,14800,18100,14800,22200,22200,22200,22200,22200,18100,49500,33100,33100,40500,40500,40500,49500,49500,60500,74000,74000
"images adobe",33100,"declining -33%","-33%",58,"0.23","$1.97",No,"Length: Head (1–2 words) · Seasonality: Evergreen",27100,27100,33100,33100,27100,33100,33100,40500,33100,33100,33100,33100,33100,33100,40500,33100,33100,40500,40500,40500,40500,40500,33100,40500,40500,40500,40500,40500,33100,40500,40500,40500,40500,40500,40500,40500,40500,40500,40500,40500,33100,33100,33100,33100,33100,27100,27100,27100
"upload photos to google photos",880,"declining -25%","-25%",48,"0.02","$2.20",No,"Contains: to google photos · Contains: photos to google · Length: Long tail (5+ words) · Seasonality: Evergreen",1300,1000,1000,1000,1000,1000,880,1000,1000,1300,1300,1300,1300,1300,1300,1000,1000,1300,1000,1000,1300,1300,480,390,390,720,720,720,880,1000,880,1000,1000,1000,1000,1000,1000,1000,880,880,880,880,880,880,880,720,720,720
"geotag photos",33100,"growing 24%","+24%",58,"0.23","$0.06",No,"Length: Head (1–2 words) · Seasonality: Evergreen",9900,9900,8100,9900,9900,14800,12100,12100,9900,9900,9900,9900,14800,14800,14800,12100,12100,18100,14800,14800,14800,14800,18100,22200,18100,22200,22200,18100,18100,22200,22200,27100,33100,27100,33100,33100,27100,33100,27100,27100,27100,33100,27100,27100,27100,27100,40500,40500
"add photo",9900,"growing 22%","+22%",65,"0.03","$0.66",No,"Length: Head (1–2 words) · Seasonality: Evergreen",5400,4400,5400,6600,6600,8100,6600,8100,8100,8100,6600,8100,8100,6600,6600,6600,6600,6600,6600,6600,5400,6600,6600,6600,8100,8100,8100,6600,8100,8100,6600,8100,6600,6600,6600,8100,8100,9900,8100,8100,8100,9900,8100,8100,8100,9900,9900,12100
"images online free",1000,"declining -29%","-29%",41,"0.18","$1.32",No,"Length: Body (3–4 words) · Seasonality: Evergreen",1900,1900,1900,1900,1600,1900,1900,2400,2400,2400,2400,2400,1900,1900,1900,1900,1900,1900,1900,1900,1900,1900,1300,1600,1600,1600,1600,1600,1600,1600,1600,1600,1600,1600,1300,1300,1300,1300,1300,1300,1000,1300,1000,1300,1000,1000,880,880
"multiple photos in one photo online",260,"declining -82%","-82%",35,"0.14","$0.23",No,"Contains: in one photo · Contains: photos in one · Contains: multiple photos in · Length: Long tail (5+ words) · Seasonality: Evergreen",320,260,880,1300,1000,1600,1000,1000,1600,1000,1600,1900,1600,1000,1300,1000,1300,1600,1300,1000,1300,1000,880,720,880,880,1000,590,590,1300,1300,1000,880,720,720,480,480,590,720,320,260,210,90,260,140,110,70,140
"metadata photo",1600,"stable -17%","-17%",52,"0.03","$0.12",No,"Length: Head (1–2 words) · Seasonality: Evergreen",2400,2400,2400,2400,2900,2900,2400,2900,2900,2400,1900,2400,2400,2400,2400,2400,2400,2400,2400,2900,2900,2400,2400,2400,2400,1900,2400,1900,1900,1900,1600,1900,1600,1600,1600,1900,1600,1900,1900,1600,1600,1600,1300,1600,1600,1600,1300,1600
"photo add",5400,"stable -13%","-13%",57,"0.09","$0.29",No,"Length: Head (1–2 words) · Seasonality: Evergreen",2400,2400,1900,2400,2400,2900,2400,3600,2900,2900,2900,3600,3600,2900,3600,2900,3600,4400,4400,4400,3600,4400,4400,4400,4400,4400,5400,4400,4400,5400,5400,5400,5400,4400,4400,5400,5400,6600,6600,5400,5400,5400,4400,4400,4400,5400,5400,5400
"download my photos",720,"stable -6%","-6%",44,"0.08","$0.82",No,"Length: Body (3–4 words) · Seasonality: Evergreen",590,590,590,590,480,590,480,590,590,590,590,590,590,480,590,590,590,1000,1000,590,590,590,590,590,480,390,480,480,480,480,390,480,590,480,590,590,720,880,880,720,720,880,720,720,720,720,880,720
"google photos upload",3600,"growing 31%","+31%",59,"0.01","$1.54",No,"Length: Body (3–4 words) · Seasonality: Evergreen",5400,5400,5400,5400,5400,6600,5400,5400,5400,5400,5400,5400,5400,5400,5400,4400,4400,5400,4400,4400,4400,4400,4400,4400,4400,3600,3600,3600,4400,4400,4400,4400,3600,3600,3600,3600,3600,3600,2900,2900,2900,3600,2900,3600,3600,4400,4400,4400
"your photos",5400,"stable 0%","0%",60,"0.04","$2.15",No,"Length: Head (1–2 words) · Seasonality: Evergreen",12100,14800,27100,27100,27100,22200,22200,22200,22200,22200,22200,22200,18100,18100,18100,14800,14800,14800,12100,14800,12100,12100,12100,9900,9900,8100,8100,6600,6600,6600,6600,6600,5400,5400,5400,5400,5400,5400,5400,5400,5400,6600,5400,5400,5400,5400,5400,5400
"photo file",8100,"stable 0%","0%",59,"0.09","$0.02",No,"Length: Head (1–2 words) · Seasonality: Evergreen",5400,5400,5400,5400,5400,5400,5400,5400,5400,6600,5400,6600,6600,6600,6600,5400,6600,6600,6600,6600,6600,6600,6600,6600,6600,6600,6600,6600,6600,6600,6600,6600,6600,6600,6600,8100,8100,8100,8100,8100,8100,8100,8100,8100,8100,8100,8100,8100
"photo s",7480000,"stable 14%","+14%",95,"0.05","$1.42",No,"Length: Head (1–2 words) · Seasonality: Evergreen",5000000,5000000,5000000,5000000,5000000,5000000,5000000,5000000,5000000,6120000,6120000,6120000,6120000,6120000,5000000,4090000,4090000,5000000,4090000,5000000,4090000,5000000,5000000,5000000,5000000,5000000,5000000,5000000,5000000,5000000,5000000,5000000,5000000,5000000,5000000,6120000,6120000,7480000,6120000,6120000,6120000,7480000,6120000,7480000,6120000,7480000,7480000,7480000
"photo photos",3600,"declining -37%","-37%",55,"0.08","$4.01",No,"Length: Head (1–2 words) · Seasonality: Evergreen",4400,4400,4400,4400,4400,4400,3600,4400,4400,3600,3600,3600,3600,4400,4400,4400,3600,4400,4400,4400,4400,4400,4400,4400,4400,4400,4400,3600,3600,4400,3600,3600,4400,4400,3600,3600,4400,5400,4400,3600,3600,4400,4400,3600,3600,3600,2900,2400
"apps like google photos",140,"declining -29%","-29%",29,"0.2","$2.26",No,"Length: Body (3–4 words) · Seasonality: Evergreen",320,260,260,260,260,260,210,260,260,260,320,320,260,210,210,210,260,260,210,260,260,260,260,260,260,210,210,170,210,260,210,210,170,170,210,210,210,170,170,140,140,140,140,140,140,140,140,110
"photo high quality free",6600,"stable 7%","+7%",54,"0.15","$1.26",No,"Length: Body (3–4 words) · Seasonality: Evergreen",5400,5400,6600,6600,5400,6600,6600,6600,6600,6600,5400,5400,6600,6600,6600,6600,6600,8100,6600,6600,6600,6600,6600,6600,6600,6600,6600,6600,6600,6600,6600,6600,6600,6600,5400,5400,5400,5400,6600,6600,6600,6600,6600,6600,6600,6600,6600,5400
"my account photos",1900,"growing 49%","+49%",55,"0","N/A",No,"Length: Body (3–4 words) · Seasonality: Evergreen",4400,3600,2900,2900,2900,3600,3600,3600,2400,2900,1900,1600,1300,1000,1000,1000,1000,1000,880,720,720,880,720,720,590,590,720,720,720,720,880,880,880,880,1000,1000,1300,1600,1600,1600,1900,1900,1600,1900,2400,2400,1900,2400
"photo tools",6600,"declining -64%","-64%",59,"0.07","$1.27",No,"Length: Head (1–2 words) · Seasonality: Peaks in October",2400,5400,135000,74000,3600,3600,2900,3600,2900,4400,3600,4400,5400,18100,301000,135000,8100,8100,5400,6600,5400,5400,4400,6600,5400,18100,246000,110000,8100,8100,6600,5400,5400,5400,4400,5400,6600,12100,18100,6600,5400,4400,5400,5400,4400,4400,4400,4400
"exif data",14800,"stable -18%","-18%",69,"0.01","$0.02",No,"Length: Head (1–2 words) · Seasonality: Evergreen",33100,22200,27100,22200,22200,40500,27100,27100,27100,22200,22200,22200,22200,27100,27100,22200,22200,22200,22200,22200,22200,22200,18100,18100,18100,18100,18100,18100,18100,18100,14800,18100,18100,18100,14800,18100,18100,18100,18100,14800,14800,18100,14800,18100,18100,14800,14800,14800
"photo to file",1600,"stable 14%","+14%",34,"0.37","$0.51",No,"Length: Body (3–4 words) · Seasonality: Evergreen",390,390,390,390,320,480,480,480,390,480,590,590,590,590,590,590,590,590,720,720,720,720,720,720,880,880,880,880,880,880,880,1000,880,1300,1300,1000,1300,1600,1300,1600,1300,1300,1300,1300,1300,1600,1600,1600
"upload your photos",880,"stable -14%","-14%",43,"0.12","$1.02",No,"Length: Body (3–4 words) · Seasonality: Peaks in October",480,480,480,480,480,480,390,480,390,480,390,390,480,480,2900,590,480,390,390,480,1600,720,590,480,390,390,390,390,390,480,390,590,480,590,720,590,720,1600,880,720,590,720,720,720,590,1000,880,880
"multiple photos in one photo online free",40,"declining -81%","-81%",24,"0.1","N/A",No,"Contains: in one photo · Contains: photos in one · Contains: photo online free · Contains: multiple photos in · Length: Long tail (5+ words) · Seasonality: Evergreen",140,170,170,170,210,320,210,210,320,390,390,260,260,260,260,170,260,210,140,140,170,140,110,90,110,90,140,110,110,90,70,70,70,70,50,50,50,40,70,50,50,50,30,30,20,10,10,10
"photo making",9900,"stable 19%","+19%",53,"0.21","$1.07",No,"Length: Head (1–2 words) · Seasonality: Evergreen",5400,5400,5400,5400,5400,5400,5400,6600,5400,6600,5400,5400,5400,5400,5400,5400,6600,6600,6600,6600,6600,6600,6600,6600,6600,6600,8100,6600,6600,6600,6600,8100,6600,6600,8100,6600,6600,12100,9900,8100,9900,9900,8100,9900,9900,9900,12100,12100
"photos software",720,"stable -13%","-13%",40,"0.16","$0.26",No,"Length: Head (1–2 words) · Seasonality: Evergreen",1000,1000,1000,1000,1000,1300,1000,1000,1000,1000,1000,1300,1000,1300,1000,1000,1300,1300,1000,1300,1000,1000,1000,1000,880,880,880,720,880,880,880,720,720,880,720,720,720,880,880,720,720,720,720,880,720,720,720,720
"photo on photo",1900,"stable 9%","+9%",53,"0.03","$1.12",No,"Length: Body (3–4 words) · Seasonality: Evergreen",1300,1300,1300,1300,1300,1300,1000,1300,1600,1600,1300,1300,1600,1600,1600,1600,1600,1600,1600,1300,1900,1900,1900,1600,1600,1600,1600,1600,1600,1300,1600,1900,1900,1900,1900,1600,1900,1900,1900,1900,1900,1900,1600,1900,1900,1900,1900,2400
"download photos from google photos",2900,"growing 96%","+96%",58,"0","$1.44",No,"Contains: from google photos · Contains: photos from google · Length: Long tail (5+ words) · Seasonality: Evergreen",3600,2900,2900,2900,2900,3600,2900,2900,2900,2900,2900,3600,2900,2900,2900,2900,3600,3600,2900,2900,2900,2900,2900,3600,3600,3600,2900,2900,2900,2900,2400,2400,1900,2400,2400,1900,1900,2400,2400,1900,2400,2900,2900,4400,1900,2900,6600,3600
"any photos",5400,"growing 399%","+399%",62,"0","$1.56",No,"Length: Head (1–2 words) · Seasonality: Peaks in July",1600,1600,1900,1600,1600,1600,1300,1600,1600,1600,1600,1600,1900,1600,1900,1600,1600,1600,1600,1600,1600,1900,1600,1900,1600,1900,1900,1600,1900,1900,1600,1900,1900,1900,1900,2400,1900,2400,2400,2400,2900,2900,3600,4400,5400,5400,9900,18100
"add photo to photo online",3600,"declining -34%","-34%",56,"0.06","$0.29",No,"Contains: add photo to · Contains: photo to photo · Contains: to photo online · Length: Long tail (5+ words) · Seasonality: Evergreen",5400,5400,5400,5400,5400,6600,5400,5400,5400,5400,5400,5400,5400,5400,5400,4400,5400,5400,5400,5400,5400,5400,4400,5400,5400,4400,5400,4400,4400,4400,3600,4400,4400,3600,3600,3600,4400,4400,3600,3600,3600,3600,3600,2900,2400,2900,2900,2400
"one photo",2900,"stable 0%","0%",57,"0.02","$1.96",No,"Length: Head (1–2 words) · Seasonality: Evergreen",2400,1900,2400,1900,1900,2400,1900,2400,1900,2400,1900,2400,2400,2400,2400,2400,2400,2400,2400,1900,2400,2400,2400,2400,2400,2400,2400,2400,2400,2400,2400,2400,2400,2400,2400,2900,2900,2900,2900,3600,2900,2900,2400,2900,2900,2900,2900,2900
"portfolio photos",5400,"stable -13%","-13%",49,"0.21","$3.30",No,"Length: Head (1–2 words) · Seasonality: Evergreen",6600,6600,6600,6600,6600,8100,6600,6600,6600,6600,6600,6600,6600,6600,6600,6600,6600,8100,6600,6600,6600,6600,6600,6600,6600,6600,6600,6600,6600,8100,6600,6600,6600,6600,6600,6600,5400,6600,5400,5400,5400,5400,5400,5400,5400,5400,5400,4400
"add gps to photos",70,"growing 35%","+35%",28,"0.1","$0.20",No,"Length: Body (3–4 words) · Seasonality: Evergreen",40,30,40,50,40,50,50,50,50,50,50,50,50,70,70,30,70,70,70,70,90,70,90,90,90,50,70,90,90,50,70,70,50,70,50,70,50,70,50,70,50,50,50,50,50,70,90,70
"using adobe lightroom",170,"declining -22%","-22%",35,"0.06","$3.49",No,"Length: Body (3–4 words) · Seasonality: Evergreen",320,260,210,320,210,260,210,260,260,260,260,260,260,210,260,210,260,260,210,260,210,260,260,260,260,210,260,170,170,210,170,210,170,210,210,210,210,210,210,170,140,170,170,170,140,140,140,210
"lightroom image",1000,"declining -22%","-22%",49,"0.02","$3.36",No,"Length: Head (1–2 words) · Seasonality: Evergreen",2400,2400,2400,2400,2400,2400,2400,2900,2400,2900,2400,2400,2400,2400,2400,1900,2400,2900,2400,1900,1900,1900,1600,1600,1600,1300,1300,1300,1300,1600,1000,1300,1600,1600,1600,1300,1300,1000,880,880,1000,1000,880,1000,1000,880,880,720
"google albums",22200,"stable 0%","0%",72,"0","$1.60",No,"Length: Head (1–2 words) · Seasonality: Evergreen",22200,18100,22200,18100,18100,18100,18100,18100,18100,18100,33100,33100,18100,18100,18100,18100,18100,18100,18100,18100,18100,18100,18100,18100,18100,18100,22200,18100,18100,18100,18100,18100,18100,22200,22200,22200,22200,22200,22200,22200,22200,22200,18100,22200,22200,22200,22200,22200
"adobe lightroom photography",30,"declining -29%","-29%",9,"0.63","N/A",No,"Length: Body (3–4 words) · Seasonality: Evergreen",10,10,10,10,10,10,10,20,20,20,20,30,30,10,10,30,10,20,20,20,20,20,20,20,10,10,10,20,20,20,20,20,10,10,20,10,10,20,40,30,30,40,20,40,20,20,20,10
"photo format",9900,"stable -6%","-6%",47,"0.29","$1.08",No,"Length: Head (1–2 words) · Seasonality: Evergreen",12100,12100,12100,12100,14800,12100,9900,9900,9900,12100,12100,9900,9900,12100,12100,12100,14800,12100,12100,12100,9900,12100,12100,9900,12100,12100,12100,12100,14800,12100,9900,9900,9900,12100,9900,9900,9900,12100,12100,12100,14800,9900,9900,9900,9900,9900,12100,9900
"private photos",6600,"stable 0%","0%",62,"0.02","$0.69",No,"Length: Head (1–2 words) · Seasonality: Evergreen",8100,8100,8100,6600,6600,8100,8100,8100,8100,6600,6600,6600,8100,6600,6600,6600,5400,8100,6600,8100,6600,8100,6600,6600,6600,5400,6600,6600,6600,6600,5400,6600,6600,6600,6600,6600,5400,6600,6600,6600,6600,6600,5400,6600,5400,6600,6600,5400
"add geotag",70,"growing 79%","+79%",30,"0.03","N/A",No,"Length: Head (1–2 words) · Seasonality: Evergreen",20,20,10,10,10,10,10,10,10,20,10,20,20,20,20,10,30,40,30,40,30,30,30,20,30,20,30,30,10,50,40,70,30,40,30,50,40,50,50,70,70,70,70,90,50,70,90,90
"add your photos",390,"growing 69%","+69%",43,"0","N/A",No,"Length: Body (3–4 words) · Seasonality: Evergreen",90,110,70,70,70,140,170,140,140,210,210,110,140,90,90,110,140,210,170,110,110,210,140,170,140,110,110,90,140,90,70,90,70,170,140,140,210,320,320,320,390,390,320,320,320,480,480,480
"add gps location to photo",590,"growing 87%","+87%",42,"0.09","$0.10",No,"Length: Long tail (5+ words) · Seasonality: Evergreen",170,140,170,170,170,210,210,260,210,210,320,210,320,390,320,320,260,210,170,260,320,260,320,260,320,260,260,320,390,390,390,390,390,390,480,480,390,390,390,480,590,590,590,590,390,590,720,880
"my photo's",368000,"stable 0%","0%",88,"0.05","$0.91",No,"Length: Head (1–2 words) · Seasonality: Evergreen",368000,368000,301000,301000,301000,368000,368000,368000,301000,301000,301000,301000,301000,301000,301000,301000,301000,301000,246000,301000,301000,301000,301000,301000,246000,246000,301000,246000,301000,301000,246000,246000,246000,301000,368000,368000,368000,368000,368000,301000,301000,368000,301000,368000,301000,368000,368000,368000
"photo to add photo",70,"stable -15%","-15%",28,"0.09","$0.26",No,"Length: Body (3–4 words) · Seasonality: Evergreen",20,20,20,20,40,30,30,30,30,20,50,30,50,30,50,40,30,70,30,70,50,70,50,40,50,70,50,70,70,90,70,90,70,90,90,70,110,70,90,70,70,90,70,70,70,70,70,90
"add to photos",9900,"growing 22%","+22%",65,"0.03","$0.66",No,"Length: Body (3–4 words) · Seasonality: Evergreen",5400,4400,5400,6600,6600,8100,6600,8100,8100,8100,6600,8100,8100,6600,6600,6600,6600,6600,6600,6600,5400,6600,6600,6600,8100,8100,8100,6600,8100,8100,6600,8100,6600,6600,6600,8100,8100,9900,8100,8100,8100,9900,8100,8100,8100,9900,9900,12100
"android photos",2900,"growing 24%","+24%",57,"0.01","$0.75",No,"Length: Head (1–2 words) · Seasonality: Evergreen",2400,2400,2900,2900,2900,2900,2400,2900,2400,2900,2900,2900,2900,2900,2900,2400,2900,2900,2400,2900,2900,2900,2900,2900,2900,2900,2900,2400,2900,2400,2400,2400,2400,2900,2900,2400,2900,2900,2900,2900,2900,2900,2900,2900,2900,3600,3600,3600
"images add",9900,"growing 38%","+38%",65,"0.02","$0.83",No,"Length: Head (1–2 words) · Seasonality: Evergreen",5400,5400,5400,6600,5400,5400,5400,6600,5400,5400,5400,5400,6600,5400,6600,5400,5400,6600,6600,6600,5400,6600,5400,5400,5400,5400,6600,5400,5400,5400,5400,5400,5400,5400,5400,5400,5400,8100,8100,9900,9900,9900,8100,9900,8100,9900,9900,9900
"add gps data to photos",30,"stable 0%","0%",24,"0.03","N/A",No,"Length: Long tail (5+ words) · Seasonality: Evergreen",40,40,40,40,30,70,40,30,50,40,50,70,70,50,50,40,30,50,50,40,40,40,40,50,50,50,40,40,50,50,50,40,40,50,30,40,30,20,20,20,30,20,20,30,40,10,20,40
"photo add in photo",480,"stable -18%","-18%",42,"0.07","$0.31",No,"Contains: add in photo · Length: Body (3–4 words) · Seasonality: Evergreen",70,70,90,70,90,90,90,110,90,90,140,110,170,140,110,170,210,260,480,590,480,590,590,590,480,390,590,480,590,590,390,480,590,590,720,880,880,720,320,480,720,480,480,260,390,390,590,590
"photo add on photo",480,"declining -39%","-39%",42,"0.06","$0.23",No,"Length: Body (3–4 words) · Seasonality: Evergreen",70,70,70,90,70,90,50,90,70,90,70,90,90,90,70,90,90,110,110,110,110,110,110,170,170,210,320,390,720,880,880,1000,880,720,480,480,480,720,590,590,390,590,480,480,390,390,320,390
"photo add to photo",140,"stable -7%","-7%",33,"0.08","$0.28",No,"Length: Body (3–4 words) · Seasonality: Evergreen",110,90,70,110,140,90,110,90,90,90,90,140,90,70,110,90,70,90,90,110,170,90,90,110,140,110,140,110,140,140,110,140,140,170,170,170,170,140,140,170,170,140,140,140,170,140,140,140
"upload my photos",480,"stable 0%","0%",40,"0.1","$1.79",No,"Length: Body (3–4 words) · Seasonality: Evergreen",720,590,590,590,720,720,720,590,590,590,720,480,590,590,590,480,590,590,480,480,480,720,480,480,480,480,390,390,480,390,480,590,390,390,390,480,480,590,480,480,590,390,390,480,480,480,480,590
"in your photos",40,"stable 9%","+9%",27,"0","N/A",No,"Length: Body (3–4 words) · Seasonality: Evergreen",40,50,70,40,90,50,40,50,70,30,40,30,50,40,30,50,50,40,40,50,40,30,30,40,50,30,40,30,40,40,30,30,50,50,30,20,30,40,40,30,30,40,30,30,30,40,40,40
"photo add image",1000,"stable 9%","+9%",46,"0.08","$0.38",No,"Length: Body (3–4 words) · Seasonality: Evergreen",590,480,590,480,720,720,590,720,590,720,590,720,720,720,590,590,720,720,590,590,590,590,590,720,720,590,720,590,720,720,720,720,720,720,720,720,880,880,1000,1000,1000,1000,880,1000,1000,1000,1000,1000
"geotag my photos",30,"growing 83%","+83%",22,"0.13","$0.06",No,"Length: Body (3–4 words) · Seasonality: Peaks in January",30,20,10,20,20,30,20,10,10,10,10,20,20,30,20,20,10,50,30,30,20,20,10,20,10,20,10,10,10,20,10,20,20,20,20,30,30,20,10,30,20,40,40,30,40,20,50,40
"photo into photo",40500,"stable -18%","-18%",74,"0.03","$1.39",No,"Length: Body (3–4 words) · Seasonality: Evergreen",110000,110000,110000,90500,90500,90500,90500,90500,90500,74000,74000,74000,74000,74000,74000,74000,74000,90500,74000,74000,74000,74000,74000,90500,49500,49500,49500,40500,40500,40500,40500,49500,40500,40500,40500,40500,49500,49500,40500,40500,40500,40500,33100,40500,33100,40500,40500,33100
"photos into",4400,"stable -7%","-7%",59,"0.03","$1.47",No,"Length: Head (1–2 words) · Seasonality: Evergreen",1900,1600,2400,1900,1900,1900,1900,1900,1900,1900,1900,1900,2400,2400,3600,2900,4400,3600,3600,3600,3600,3600,3600,3600,3600,3600,3600,2900,2900,2900,2900,3600,3600,2900,3600,3600,4400,5400,4400,3600,4400,4400,4400,4400,4400,4400,4400,4400
"making images",4400,"growing 99%","+99%",53,"0.12","$1.44",No,"Length: Head (1–2 words) · Seasonality: Evergreen",1900,1900,1600,1600,1600,1600,1600,1600,1600,1600,1600,1600,1600,1900,1900,1600,1900,1900,1900,2400,1900,1900,1900,1900,1900,2400,2400,2400,2400,2400,2400,2900,2900,2900,2900,2900,2900,3600,3600,2900,3600,3600,3600,4400,4400,5400,6600,8100
"photo to add",20,"growing 33%","+33%",21,"0.04","N/A",No,"Length: Body (3–4 words) · Seasonality: Evergreen",10,10,10,10,10,10,10,10,10,10,10,10,10,10,10,10,10,10,10,10,10,20,10,10,20,10,10,10,10,10,10,20,20,10,10,10,20,10,30,20,30,30,10,20,30,30,30,20
"into photos",6600,"growing 41%","+41%",62,"0.02","$2.22",No,"Length: Head (1–2 words) · Seasonality: Evergreen",2900,2900,2900,2900,2900,2900,2900,2900,2900,2900,2900,2900,2900,2900,2900,2900,2900,2900,2900,3600,3600,3600,3600,4400,4400,4400,5400,4400,4400,4400,3600,4400,4400,4400,4400,4400,5400,5400,5400,5400,5400,5400,4400,6600,6600,6600,8100,8100
"use photos",5400,"stable -13%","-13%",62,"0","$1.10",No,"Length: Head (1–2 words) · Seasonality: Evergreen",5400,5400,5400,5400,5400,5400,5400,5400,5400,6600,5400,5400,5400,5400,5400,6600,5400,6600,6600,6600,6600,6600,5400,6600,5400,6600,6600,6600,6600,6600,5400,6600,6600,6600,5400,5400,5400,6600,6600,5400,6600,5400,5400,5400,5400,5400,5400,5400
"to photo add",50,"declining -37%","-37%",26,"0.09","$0.24",No,"Length: Body (3–4 words) · Seasonality: Evergreen",10,10,10,10,10,10,10,10,10,10,10,10,20,10,20,10,10,20,10,20,10,10,10,20,30,30,20,30,40,50,40,70,70,50,50,50,50,70,70,40,70,70,50,50,30,40,50,30
"jpg photo iphone",20,"declining -57%","-57%",16,"0.29","N/A",No,"Length: Body (3–4 words) · Seasonality: Evergreen",40,50,50,40,20,40,40,30,30,20,30,40,30,30,30,30,30,20,10,30,20,20,20,20,30,40,20,10,20,30,30,30,20,20,10,10,30,20,20,20,20,20,10,20,10,10,10,10
"add photo over photo",90,"declining -39%","-39%",28,"0.15","$1.21",No,"Length: Body (3–4 words) · Seasonality: Evergreen",140,140,140,140,140,170,90,170,140,170,110,140,170,170,170,170,110,170,140,170,170,140,140,110,140,140,140,110,110,110,110,140,90,110,140,110,110,110,90,110,90,90,90,90,70,70,50,70
"exif photo",880,"declining -28%","-28%",48,"0.02","$0.22",No,"Length: Head (1–2 words) · Seasonality: Evergreen",1600,1300,1600,1600,1300,1900,1600,1300,1600,1600,1300,1300,3600,1900,1300,1600,1000,1300,1300,1300,1000,1300,1000,1000,1000,1300,1300,1300,1300,1300,1300,1300,1300,1300,1000,1000,1000,1000,1000,1000,1000,1000,880,880,880,720,720,720
"geotag iphone photos",390,"declining -29%","-29%",38,"0.11","$0.41",No,"Length: Body (3–4 words) · Seasonality: Evergreen",720,720,590,590,480,590,480,590,480,720,480,590,590,590,590,480,480,480,480,480,480,590,590,590,590,590,590,480,480,480,480,590,590,590,590,590,480,480,390,390,480,390,320,390,390,320,320,320
"to add photo",70,"stable 10%","+10%",29,"0.05","$0.81",No,"Length: Body (3–4 words) · Seasonality: Evergreen",70,70,50,50,90,90,50,50,70,70,70,50,50,70,70,70,70,90,70,50,90,90,70,50,70,70,70,70,50,90,70,90,50,70,70,90,70,70,70,70,50,70,40,70,50,70,70,90
"multiple photos",1600,"growing 76%","+76%",42,"0.21","$1.70",No,"Length: Head (1–2 words) · Seasonality: Evergreen",1600,1300,1300,1600,1300,1300,1000,1300,1300,1300,1300,1300,1300,1300,1300,1300,1600,1600,1600,1300,1300,1600,1300,1600,1300,1300,1300,1600,1600,1300,1300,1300,1300,1300,1300,1300,1600,1300,1300,1300,1300,1300,1300,1300,1300,1600,2900,2900
"add photo into photo",1300,"declining -43%","-43%",42,"0.2","$0.73",No,"Length: Body (3–4 words) · Seasonality: Evergreen",1300,1000,1300,1000,1300,1300,1000,1300,1300,1300,1300,1300,1600,1600,1600,1600,1600,1600,1600,1600,1600,1600,1600,1600,1900,1600,1900,1600,1900,1900,1600,1900,1600,1600,1600,1600,1600,1600,1600,1300,1600,1300,1000,1300,1000,1000,880,880
"my photos in",110,"stable -11%","-11%",34,"0","N/A",No,"Length: Body (3–4 words) · Seasonality: Evergreen",50,30,70,40,40,40,50,30,50,50,50,50,50,50,40,50,30,40,70,50,50,70,30,40,40,50,40,50,40,50,40,170,110,50,50,50,70,260,110,70,90,70,70,70,70,210,110,70
"image file format",22200,"declining -23%","-23%",72,"0.01","$1.11",No,"Length: Body (3–4 words) · Seasonality: Evergreen",27100,33100,33100,33100,27100,33100,27100,33100,27100,33100,27100,22200,27100,27100,27100,33100,27100,33100,27100,33100,27100,27100,27100,27100,27100,27100,27100,27100,27100,27100,27100,27100,22200,22200,22200,22200,22200,22200,22200,22200,22200,22200,22200,22200,18100,18100,18100,14800
"gps metadata in photos",50,"growing 110%","+110%",28,"0.02","N/A",No,"Length: Body (3–4 words) · Seasonality: Evergreen",50,40,30,40,50,40,40,50,70,50,50,50,40,50,50,50,30,40,40,50,40,50,50,70,70,50,40,30,40,50,30,40,30,40,50,40,40,30,30,40,30,50,50,40,50,70,70,70
"iphone photo jpg",480,"stable -7%","-7%",34,"0.23","$1.21",No,"Length: Body (3–4 words) · Seasonality: Evergreen",590,590,720,590,590,720,590,590,590,590,590,590,590,590,720,720,590,720,590,590,590,590,590,590,720,720,720,720,590,590,590,590,590,590,590,480,590,480,480,480,480,590,480,480,480,480,480,480
"photos processing",210,"declining -39%","-39%",37,"0.04","$3.66",No,"Length: Head (1–2 words) · Seasonality: Evergreen",390,320,320,320,320,390,390,390,260,320,260,390,320,320,320,320,320,320,320,390,320,390,320,320,260,320,320,320,320,320,260,320,320,320,260,260,260,260,320,260,170,210,210,320,210,170,170,170
"add gps coordinates to photos",50,"declining -35%","-35%",20,"0.29","$0.44",No,"Length: Long tail (5+ words) · Seasonality: Evergreen",70,50,50,40,40,50,50,50,70,70,50,110,70,70,90,70,70,140,140,110,90,90,70,90,70,90,90,70,90,70,70,70,90,90,110,90,70,70,90,70,50,40,50,40,50,70,30,50
"free ka photo",90,"declining -24%","-24%",33,"0","N/A",No,"Length: Body (3–4 words) · Seasonality: Peaks in August",390,390,210,170,170,170,170,170,210,210,210,170,260,170,210,110,140,140,140,140,170,140,140,170,140,110,110,90,110,110,90,110,90,110,140,110,110,110,110,110,110,110,90,110,70,110,70,70
"add photos to",70,"stable 10%","+10%",29,"0.05","$0.81",No,"Contains: add photos to · Length: Body (3–4 words) · Seasonality: Evergreen",70,70,50,50,90,90,50,50,70,70,70,50,50,70,70,70,70,90,70,50,90,90,70,50,70,70,70,70,50,90,70,90,50,70,70,90,70,70,70,70,50,70,40,70,50,70,70,90
"adobe lightroom photo",8100,"declining -53%","-53%",31,"0.52","$4.24",No,"Length: Body (3–4 words) · Seasonality: Evergreen",12100,12100,12100,12100,9900,12100,12100,12100,12100,9900,9900,9900,9900,9900,12100,9900,9900,12100,12100,9900,9900,12100,9900,9900,22200,9900,9900,12100,14800,14800,14800,14800,12100,12100,14800,12100,9900,9900,14800,14800,8100,8100,6600,5400,4400,6600,5400,4400
"photo location data",260,"declining -29%","-29%",39,"0.02","$0.85",No,"Length: Body (3–4 words) · Seasonality: Evergreen",590,480,480,480,390,480,320,480,390,480,390,390,390,390,390,320,320,320,390,320,390,390,390,390,390,390,320,320,320,320,320,320,390,480,320,390,320,320,320,260,260,260,260,260,260,260,210,210
"photo no",480,"stable -18%","-18%",42,"0.07","$0.85",No,"Length: Head (1–2 words) · Seasonality: Evergreen",480,480,390,390,480,320,390,390,390,480,480,480,480,390,480,390,390,480,320,390,390,480,480,590,480,480,390,480,480,480,390,480,390,480,480,390,480,390,880,480,480,390,320,390,480,480,480,480
"photo into jpeg",590,"stable 7%","+7%",41,"0.11","$1.01",No,"Length: Body (3–4 words) · Seasonality: Evergreen",260,320,260,260,260,260,320,390,260,320,320,320,390,390,390,390,320,320,390,390,320,390,390,480,390,320,260,320,390,390,480,480,480,480,590,590,590,590,480,590,480,590,590,480,390,590,590,590
"photo iphone to jpg",40,"stable 0%","0%",21,"0.23","$0.65",No,"Length: Body (3–4 words) · Seasonality: Evergreen",20,30,30,30,20,20,10,10,20,30,10,20,20,20,20,20,20,10,20,10,30,20,30,40,30,40,40,40,30,30,40,40,30,30,50,30,40,50,30,30,30,30,30,50,30,40,50,30
"location metadata photo",10,"declining -63%","-63%",16,"0.05","N/A",No,"Length: Body (3–4 words) · Seasonality: Peaks in August",20,10,20,10,20,10,10,10,10,10,10,10,10,50,30,10,20,20,20,20,20,30,20,30,1000,20,30,30,20,20,30,20,20,50,40,40,10,20,50,20,10,10,10,10,10,10,10,10
"exif gps data",110,"growing 24%","+24%",34,"0","N/A",No,"Length: Body (3–4 words) · Seasonality: Evergreen",170,170,170,140,140,210,110,110,90,90,90,90,110,90,110,90,110,110,110,110,90,90,90,90,70,90,90,70,70,70,70,70,90,90,110,90,90,90,110,70,110,110,90,140,110,110,110,140
"using apple photos",70,"growing 311%","+311%",31,"0","N/A",No,"Length: Body (3–4 words) · Seasonality: Evergreen",70,70,30,20,30,40,20,30,30,20,20,30,30,40,70,30,40,20,40,70,70,30,50,70,50,70,30,70,90,70,90,50,40,50,50,30,50,20,20,20,50,70,70,90,90,90,110,170
"metadata gps coordinates",20,"declining -63%","-63%",22,"0","N/A",No,"Length: Body (3–4 words) · Seasonality: Evergreen",20,20,20,30,30,30,30,20,10,20,10,10,10,10,10,10,10,10,10,10,10,10,10,10,10,10,20,10,20,20,20,10,30,20,20,30,30,20,30,30,20,10,10,10,10,10,10,10
"photo and photos",20,"growing 25%","+25%",22,"0","N/A",No,"Length: Body (3–4 words) · Seasonality: Evergreen",30,30,30,30,40,20,30,20,20,30,10,20,20,20,30,20,10,30,10,30,20,30,20,30,20,20,10,10,20,20,10,20,10,20,20,10,10,20,10,10,10,10,10,20,10,20,20,10
"photos download photos",320,"growing 61%","+61%",42,"0","N/A",No,"Length: Body (3–4 words) · Seasonality: Evergreen",880,880,720,720,720,720,590,720,720,590,480,590,480,480,480,480,480,480,480,480,390,390,390,390,320,260,260,210,260,260,210,320,210,260,260,260,260,260,320,320,320,320,320,320,260,390,480,480
"exif data location",590,"declining -32%","-32%",46,"0.01","$0.11",No,"Length: Body (3–4 words) · Seasonality: Evergreen",2900,2400,2400,2400,2400,3600,2400,2900,2400,1900,2400,2400,2400,2400,1900,1600,1600,1600,1600,1600,1600,1600,1300,1300,1300,1000,1300,1300,1000,1000,1000,1300,1000,1000,880,1000,1000,880,590,480,590,480,390,720,590,720,480,480
"photo of photos",320,"growing 240%","+240%",33,"0.2","$1.57",No,"Length: Body (3–4 words) · Seasonality: Peaks in June",320,260,260,260,320,260,260,260,260,320,260,260,210,260,260,260,320,390,260,260,260,320,260,260,320,260,260,260,170,170,210,260,170,170,210,140,170,210,170,170,210,170,260,590,210,390,1000,480
"batch photos",1000,"stable 0%","0%",49,"0.02","$4.80",No,"Length: Head (1–2 words) · Seasonality: Evergreen",880,880,880,880,720,880,880,880,880,720,880,720,1000,1000,1000,880,880,880,1000,1000,880,880,720,880,1000,1000,1000,880,880,1000,1000,1300,1300,1300,880,1000,1300,1000,1000,1000,1000,1000,1000,1000,1000,1000,1000,1300
"photo iphone photo",90,"declining -27%","-27%",30,"0.08","$1.08",No,"Length: Body (3–4 words) · Seasonality: Evergreen",170,210,260,210,210,210,170,170,170,170,170,140,170,210,170,140,110,110,110,140,90,110,140,90,110,90,140,110,110,70,90,110,110,90,110,110,90,140,140,110,110,110,70,70,70,110,90,70
"you photos",2400,"stable 16%","+16%",56,"0.01","$4.82",No,"Length: Head (1–2 words) · Seasonality: Evergreen",2400,2400,2900,2900,2900,2900,2400,2900,2900,2900,2400,2900,2400,2400,2400,1900,2400,2400,1900,2400,2400,2400,1900,1900,1900,1900,1900,1900,1900,1900,1600,1900,1900,1900,1900,1900,1900,1900,2400,1900,2900,2400,2400,2400,2900,2400,2400,2400
"photo with photos",320,"growing 240%","+240%",33,"0.2","$1.57",No,"Length: Body (3–4 words) · Seasonality: Peaks in June",320,260,260,260,320,260,260,260,260,320,260,260,210,260,260,260,320,390,260,260,260,320,260,260,320,260,260,260,170,170,210,260,170,170,210,140,170,210,170,170,210,170,260,590,210,390,1000,480
"apply photo",170,"stable -6%","-6%",37,"0","N/A",No,"Length: Head (1–2 words) · Seasonality: Evergreen",210,210,170,140,170,260,170,170,170,170,140,210,210,210,210,140,210,260,170,210,210,210,210,170,170,170,170,170,170,170,140,170,140,140,210,170,170,170,170,140,210,170,170,170,170,170,140,170
"photos install",1600,"stable 0%","0%",49,"0.09","$0.47",No,"Length: Head (1–2 words) · Seasonality: Evergreen",1000,1000,1000,1300,1000,1000,1000,1000,1000,1300,1300,1600,1600,1300,1600,1300,1600,1900,1900,1600,1600,1600,1600,1600,1600,1600,1600,1600,1600,1600,1300,1600,1300,1600,1300,1300,1600,1600,1600,1600,1600,1600,1300,1600,1600,1600,1600,1600
"geotag my photo",30,"growing 83%","+83%",22,"0.13","$0.06",No,"Length: Body (3–4 words) · Seasonality: Peaks in January",30,20,10,20,20,30,20,10,10,10,10,20,20,30,20,20,10,50,30,30,20,20,10,20,10,20,10,10,10,20,10,20,20,20,20,30,30,20,10,30,20,40,40,30,40,20,50,40
"for you photos",140,"declining -24%","-24%",36,"0","N/A",No,"Length: Body (3–4 words) · Seasonality: Peaks in April",170,170,110,170,140,110,140,140,390,210,210,210,210,210,140,140,170,170,140,110,170,170,140,170,170,110,140,110,110,140,110,210,390,260,210,210,170,170,170,170,170,170,140,140,140,140,140,110
"using google photos",170,"stable 0%","0%",36,"0.03","$1.26",No,"Length: Body (3–4 words) · Seasonality: Evergreen",260,320,260,260,320,320,260,320,320,320,260,260,260,210,210,210,210,210,210,260,210,210,210,170,170,170,140,140,170,140,140,170,170,260,210,210,170,210,210,170,170,170,110,170,140,170,210,210
"photos on photo",30,"stable -10%","-10%",15,"0.38","N/A",No,"Length: Body (3–4 words) · Seasonality: Evergreen",10,30,40,30,50,50,30,40,30,30,30,40,30,20,20,20,20,40,30,20,30,20,20,20,20,30,40,30,70,30,30,30,40,40,30,30,30,40,30,20,30,40,20,30,20,30,30,30
"photos use",5400,"stable -13%","-13%",62,"0","$1.10",No,"Length: Head (1–2 words) · Seasonality: Evergreen",5400,5400,5400,5400,5400,5400,5400,5400,5400,6600,5400,5400,5400,5400,5400,6600,5400,6600,6600,6600,6600,6600,5400,6600,5400,6600,6600,6600,6600,6600,5400,6600,6600,6600,5400,5400,5400,6600,6600,5400,6600,5400,5400,5400,5400,5400,5400,5400
"your images",2900,"growing 71%","+71%",58,"0","N/A",No,"Length: Head (1–2 words) · Seasonality: Evergreen",1300,1600,1300,1300,1300,1300,1300,1600,1600,1900,1600,1900,1900,1900,1900,1600,1600,1900,1600,1600,1600,1600,1600,1600,1900,1600,1600,1300,1300,1600,1300,1900,1600,1900,1900,1900,2400,2900,2400,1900,2400,2400,2900,3600,3600,4400,4400,4400
"geotag photography",480,"growing 26%","+26%",36,"0.19","$0.06",No,"Length: Head (1–2 words) · Seasonality: Evergreen",210,210,170,210,170,320,210,260,320,260,260,260,320,320,260,260,260,320,260,260,260,320,390,390,390,480,320,320,320,390,320,390,480,390,480,480,390,480,480,480,480,590,390,390,390,390,720,590
"photo from photos",320,"growing 240%","+240%",33,"0.2","$1.57",No,"Length: Body (3–4 words) · Seasonality: Peaks in June",320,260,260,260,320,260,260,260,260,320,260,260,210,260,260,260,320,390,260,260,260,320,260,260,320,260,260,260,170,170,210,260,170,170,210,140,170,210,170,170,210,170,260,590,210,390,1000,480
"photo location metadata",880,"stable 0%","0%",49,"0.01","$0.54",No,"Length: Body (3–4 words) · Seasonality: Evergreen",1000,880,880,720,1600,1900,880,1000,1600,1000,1000,1600,1300,2400,1900,1000,1000,880,880,1300,1000,1000,1000,1000,1300,880,1000,720,880,1000,880,1300,1000,1000,880,1000,880,1000,880,880,880,880,880,1000,1000,1000,880,880
"photos with photo",10,"stable 0%","0%",17,"0","N/A",No,"Length: Body (3–4 words) · Seasonality: Evergreen",10,0,10,10,10,10,10,10,10,10,0,10,10,20,20,10,10,10,10,10,10,10,10,10,10,20,10,10,10,10,10,10,10,10,10,10,10,10,10,10,10,10,10,10,10,10,10,10
"photo inside a photo",1900,"stable 9%","+9%",53,"0.03","$1.12",No,"Length: Body (3–4 words) · Seasonality: Evergreen",1300,1300,1300,1300,1300,1300,1000,1300,1600,1600,1300,1300,1600,1600,1600,1600,1600,1600,1600,1300,1900,1900,1900,1600,1600,1600,1600,1600,1600,1300,1600,1900,1900,1900,1900,1600,1900,1900,1900,1900,1900,1900,1600,1900,1900,1900,1900,2400
"embed photo",320,"stable 8%","+8%",41,"0.01","N/A",No,"Length: Head (1–2 words) · Seasonality: Evergreen",390,390,320,320,390,480,390,390,320,320,320,320,390,390,390,320,320,390,390,320,390,390,320,320,390,320,390,320,320,480,390,390,260,320,260,260,320,320,320,210,260,320,320,260,260,390,390,260
"gps data from photo",110,"stable -14%","-14%",34,"0.01","N/A",No,"Length: Body (3–4 words) · Seasonality: Evergreen",260,210,210,210,210,260,170,210,210,170,210,170,170,170,210,140,140,140,170,210,210,170,140,140,170,170,170,140,140,140,170,140,140,140,140,110,110,140,110,110,90,110,90,110,110,110,110,90
"phonto free",50,"growing 31%","+31%",27,"0.06","$2.09",No,"Length: Head (1–2 words) · Seasonality: Evergreen",40,70,50,70,50,70,50,50,50,40,40,50,40,30,40,20,40,30,40,40,20,20,40,40,30,40,30,20,30,30,30,50,30,40,70,40,40,50,40,50,50,30,50,70,50,50,50,70
"image add image",9900,"growing 38%","+38%",65,"0.02","$0.83",No,"Length: Body (3–4 words) · Seasonality: Evergreen",5400,5400,5400,6600,5400,5400,5400,6600,5400,5400,5400,5400,6600,5400,6600,5400,5400,6600,6600,6600,5400,6600,5400,5400,5400,5400,6600,5400,5400,5400,5400,5400,5400,5400,5400,5400,5400,8100,8100,9900,9900,9900,8100,9900,8100,9900,9900,9900
"images file",6600,"stable -19%","-19%",63,"0.01","$1.70",No,"Length: Head (1–2 words) · Seasonality: Evergreen",9900,9900,9900,9900,12100,12100,9900,9900,9900,9900,9900,9900,9900,9900,9900,9900,9900,9900,9900,9900,9900,9900,9900,9900,8100,9900,9900,9900,8100,9900,8100,9900,8100,8100,8100,8100,8100,8100,8100,8100,6600,6600,6600,6600,6600,6600,6600,6600
"free photo tools",40,"declining -33%","-33%",21,"0.22","$2.87",No,"Length: Body (3–4 words) · Seasonality: Evergreen",50,70,50,70,50,70,40,40,50,50,50,70,50,50,110,70,70,50,50,40,50,40,50,30,40,40,50,50,40,40,40,50,40,30,40,30,30,50,40,50,50,40,30,70,40,20,30,30
"add in photo",40,"declining -33%","-33%",25,"0.07","N/A",No,"Contains: add in photo · Length: Body (3–4 words) · Seasonality: Evergreen",10,10,20,10,10,10,10,10,30,50,20,20,10,30,20,20,20,20,10,30,20,10,20,10,30,40,40,30,40,30,30,30,20,30,30,40,30,70,50,50,40,30,40,40,20,40,30,30
"add on photo",1300,"growing 123%","+123%",51,"0.02","$1.61",No,"Length: Body (3–4 words) · Seasonality: Evergreen",480,590,590,590,480,480,480,480,590,1000,880,880,720,880,480,480,590,480,390,480,480,480,480,590,590,720,2900,2900,2400,2400,1300,1600,1600,1300,1300,1600,1000,1000,1000,880,1000,1000,1000,1300,1600,1900,2400,2400
"geotagged photo iphone",20,"growing 33%","+33%",20,"0.11","$0.12",No,"Length: Body (3–4 words) · Seasonality: Evergreen",30,20,20,20,10,10,10,10,10,10,10,10,10,10,10,10,10,10,20,10,20,10,10,20,10,20,10,30,30,30,30,30,20,20,30,30,30,20,10,20,10,10,20,20,20,30,30,20
"add the photo",9900,"growing 22%","+22%",65,"0.03","$0.66",No,"Length: Body (3–4 words) · Seasonality: Evergreen",5400,4400,5400,6600,6600,8100,6600,8100,8100,8100,6600,8100,8100,6600,6600,6600,6600,6600,6600,6600,5400,6600,6600,6600,8100,8100,8100,6600,8100,8100,6600,8100,6600,6600,6600,8100,8100,9900,8100,8100,8100,9900,8100,8100,8100,9900,9900,12100
"apple photos to google photos",170,"declining -29%","-29%",37,"0","N/A",No,"Contains: to google photos · Contains: photos to google · Length: Long tail (5+ words) · Seasonality: Evergreen",210,210,210,210,260,260,210,210,170,170,170,210,210,210,210,210,260,210,210,170,170,210,170,260,260,260,170,170,210,170,140,170,140,170,170,210,210,210,170,170,170,170,110,140,110,140,140,140
"photos so",1000,"growing 63%","+63%",49,"0.03","$1.03",No,"Length: Head (1–2 words) · Seasonality: Evergreen",720,720,590,720,590,720,590,720,590,590,590,590,590,590,590,480,590,590,590,590,480,590,590,480,480,480,590,590,590,590,590,590,590,720,720,720,880,1000,880,880,1000,1000,880,1000,1000,1300,1600,1600
"add image on photo",40,"declining -36%","-36%",25,"0.07","N/A",No,"Length: Body (3–4 words) · Seasonality: Evergreen",40,40,50,30,40,50,30,40,30,30,40,30,50,50,40,40,40,50,40,70,50,50,40,40,40,50,50,40,30,50,40,30,40,50,50,40,70,30,40,50,50,40,30,30,30,30,30,30
"photos to photo",30,"stable 17%","+17%",24,"0.02","N/A",No,"Length: Body (3–4 words) · Seasonality: Evergreen",20,10,20,30,10,30,30,30,10,10,20,10,20,20,10,10,10,20,10,20,10,20,20,30,30,20,20,10,40,50,30,50,40,40,30,20,10,30,20,20,40,30,40,30,20,30,20,20
"add image in photo",70,"declining -22%","-22%",28,"0.1","$0.42",No,"Length: Body (3–4 words) · Seasonality: Evergreen",70,50,70,40,50,40,30,40,50,50,70,50,70,50,50,50,70,90,90,70,170,110,90,70,90,70,90,70,70,70,70,70,70,50,110,50,90,70,70,70,90,70,50,70,50,40,70,70
"image exif",1000,"declining -27%","-27%",50,"0.01","$0.05",No,"Length: Head (1–2 words) · Seasonality: Evergreen",1300,1300,1300,1300,1000,1300,1300,1300,1300,1300,1000,1000,1000,1300,1300,1300,1000,1000,1300,1300,1300,1300,1300,1000,1300,1000,1300,1300,1000,1300,1300,1300,1300,1300,1000,1000,1000,1300,1300,1000,1000,1000,1000,1000,1000,880,880,880
"account photos",2400,"declining -21%","-21%",56,"0.01","$1.03",No,"Length: Head (1–2 words) · Seasonality: Evergreen",1900,1900,1600,1900,1900,1900,1600,1900,1600,1900,1900,1900,1900,1900,1900,1900,1900,1900,1600,1600,1600,1600,1900,1900,1900,1600,1600,1900,1900,2400,1600,1900,1600,1900,1900,1900,2400,2400,2400,2400,2400,2900,1900,1900,1900,1900,1900,1900
"google photos to apple photos",260,"stable -7%","-7%",40,"0","N/A",No,"Contains: google photos to · Length: Long tail (5+ words) · Seasonality: Evergreen",320,390,320,260,320,260,210,260,210,260,320,320,320,390,320,320,390,260,260,260,260,320,390,720,390,480,390,320,390,390,210,320,260,320,260,260,260,320,260,260,320,320,260,320,260,260,260,260
"google photos and apple photos",30,"stable -11%","-11%",25,"0","N/A",No,"Length: Long tail (5+ words) · Seasonality: Evergreen",70,70,70,50,70,70,50,90,50,70,70,50,50,70,50,70,70,50,20,20,20,40,50,40,50,40,40,40,50,40,30,40,30,30,40,40,30,40,20,20,30,20,30,20,30,20,30,30
"location metadata",480,"declining -27%","-27%",45,"0","N/A",No,"Length: Head (1–2 words) · Seasonality: Peaks in August",390,260,260,210,260,320,210,260,260,260,260,320,260,2900,260,320,210,210,320,320,1300,720,320,320,2900,320,320,260,260,1000,260,260,320,320,260,320,320,320,590,2400,390,320,320,320,320,320,260,320
"camera location",2400,"stable -7%","-7%",42,"0.25","$0.30",No,"Length: Head (1–2 words) · Seasonality: Evergreen",1600,1600,1600,1300,1600,1600,1600,1600,1900,1900,1900,1900,1900,1900,1900,1600,1600,1900,1900,1900,1900,1900,1900,2400,2900,2900,2900,2400,2400,2400,2400,2900,2400,2900,2900,2900,2400,2400,2400,1900,1900,2400,1900,2400,1900,1900,2400,2400
"photos jpeg",90500,"stable 13%","+13%",76,"0.08","$0.43",No,"Length: Head (1–2 words) · Seasonality: Evergreen",33100,40500,33100,33100,33100,40500,40500,40500,33100,40500,49500,49500,60500,49500,49500,49500,60500,60500,60500,74000,60500,60500,60500,74000,60500,74000,74000,60500,60500,74000,90500,74000,74000,74000,74000,90500,90500,110000,74000,90500,90500,90500,135000,90500,74000,90500,110000,110000
"photo exif data location",10,"declining -40%","-40%",17,"0.04","N/A",No,"Length: Body (3–4 words) · Seasonality: Evergreen",50,50,70,50,30,70,70,50,50,40,30,50,20,20,10,10,30,30,20,30,20,20,20,30,30,20,20,20,20,20,10,10,30,40,40,30,20,20,10,20,30,10,20,10,20,10,10,10
"embed image",3600,"declining -38%","-38%",59,"0.01","$6.70",No,"Length: Head (1–2 words) · Seasonality: Evergreen",3600,3600,3600,3600,2900,3600,3600,4400,4400,4400,4400,4400,4400,4400,5400,4400,4400,5400,5400,5400,5400,5400,5400,4400,4400,5400,5400,4400,3600,4400,4400,5400,4400,4400,4400,4400,3600,4400,4400,3600,2900,3600,3600,3600,2900,2900,2400,2400
"photos in google photos",20400000,"stable 0%","0%",100,"0","$0.45",No,"Contains: in google photos · Contains: photos in google · Length: Body (3–4 words) · Seasonality: Evergreen",7480000,7480000,7480000,9140000,7480000,9140000,7480000,9140000,11100000,9140000,9140000,9140000,9140000,9140000,9140000,7480000,7480000,9140000,7480000,9140000,9140000,9140000,9140000,9140000,9140000,9140000,9140000,9140000,9140000,11100000,9140000,9140000,9140000,9140000,20400000,20400000,20400000,16600000,16600000,20400000,16600000,20400000,16600000,20400000,20400000,20400000,16600000,16600000
"gps coordinates in photos",320,"growing 22%","+22%",37,"0.12","$0.13",No,"Length: Body (3–4 words) · Seasonality: Evergreen",260,210,260,210,260,260,210,260,210,260,210,260,320,260,260,260,210,260,260,210,210,210,260,260,260,260,260,210,210,210,210,210,210,260,260,260,260,320,320,260,320,320,260,390,390,390,320,390
"data photo",1000,"declining -33%","-33%",49,"0.03","$3.74",No,"Length: Head (1–2 words) · Seasonality: Evergreen",1000,1300,1300,1300,1300,1300,1300,1000,1000,1300,1000,1000,1000,1300,1300,1300,1300,1300,1300,1300,1300,1300,1000,1300,1300,1300,1300,1300,1300,1300,1000,1300,1300,1300,1000,1000,1300,1300,1300,1300,1300,1000,1000,1000,1000,1000,880,720
"use your photo",20,"growing 75%","+75%",22,"0","N/A",No,"Length: Body (3–4 words) · Seasonality: Evergreen",10,20,20,20,30,20,30,40,40,50,20,30,40,50,50,50,110,110,70,40,70,50,50,40,30,40,20,20,20,20,10,20,10,10,20,10,10,20,10,20,10,20,10,20,20,30,20,20
"photo ins",4400,"stable -7%","-7%",59,"0.03","$1.47",No,"Length: Head (1–2 words) · Seasonality: Evergreen",1900,1600,2400,1900,1900,1900,1900,1900,1900,1900,1900,1900,2400,2400,3600,2900,4400,3600,3600,3600,3600,3600,3600,3600,3600,3600,3600,2900,2900,2900,2900,3600,3600,2900,3600,3600,4400,5400,4400,3600,4400,4400,4400,4400,4400,4400,4400,4400
"photo then",260,"growing 24%","+24%",40,"0.01","N/A",No,"Length: Head (1–2 words) · Seasonality: Evergreen",320,260,260,210,260,260,170,210,260,210,260,260,320,210,260,260,210,260,260,260,260,260,260,260,320,260,260,260,260,260,260,260,210,260,260,260,210,260,210,260,210,260,210,260,210,260,260,320
"apps like google photos free",10,"declining -25%","-25%",14,"0.18","N/A",No,"Length: Long tail (5+ words) · Seasonality: Evergreen",20,10,20,30,50,40,30,50,30,30,40,30,40,30,40,40,10,30,30,10,10,20,10,20,10,10,10,10,10,20,10,10,10,20,10,10,10,20,10,10,20,10,10,20,10,10,10,10
"exif data photos",1900,"stable 0%","0%",54,"0.01","$0.02",No,"Length: Body (3–4 words) · Seasonality: Evergreen",1900,1600,1600,1600,1600,1900,1900,1900,1900,1600,1600,1900,1600,2400,1900,1900,1900,1900,2400,1900,1900,1900,1900,1900,1900,1900,2400,1900,1900,2400,1900,1900,1900,1900,1900,1900,1900,1900,1900,1900,1900,1900,1900,2400,1900,1900,1900,1900
"photo insert photo",10,"stable 0%","0%",14,"0.18","N/A",No,"Length: Body (3–4 words) · Seasonality: Peaks in April",20,10,20,10,10,10,10,20,30,20,20,20,20,10,20,10,20,20,20,10,20,10,10,20,20,10,10,10,10,10,10,20,30,20,10,20,10,10,10,20,20,20,10,10,20,10,10,10
"image gps metadata",40,"growing 44%","+44%",27,"0","N/A",No,"Length: Body (3–4 words) · Seasonality: Evergreen",20,30,40,20,10,30,10,30,20,30,30,20,30,30,20,20,20,10,10,20,20,20,20,10,30,10,30,20,20,20,10,30,30,20,30,20,30,30,30,30,30,30,20,70,40,50,40,40
"add photo on image",1000,"stable 9%","+9%",46,"0.08","$0.38",No,"Length: Body (3–4 words) · Seasonality: Evergreen",590,480,590,480,720,720,590,720,590,720,590,720,720,720,590,590,720,720,590,590,590,590,590,720,720,590,720,590,720,720,720,720,720,720,720,720,880,880,1000,1000,1000,1000,880,1000,1000,1000,1000,1000
"download your photos",70,"stable 0%","0%",31,"0.01","N/A",No,"Length: Body (3–4 words) · Seasonality: Evergreen",90,90,90,90,110,110,70,40,90,70,90,70,70,50,70,70,90,110,50,70,70,70,70,50,90,50,70,50,70,70,50,30,50,50,50,70,50,70,70,70,70,40,40,90,110,70,70,50
"gps tagging photos",33100,"growing 24%","+24%",58,"0.23","$0.06",No,"Length: Body (3–4 words) · Seasonality: Evergreen",9900,9900,8100,9900,9900,14800,12100,12100,9900,9900,9900,9900,14800,14800,14800,12100,12100,18100,14800,14800,14800,14800,18100,22200,18100,22200,22200,18100,18100,22200,22200,27100,33100,27100,33100,33100,27100,33100,27100,27100,27100,33100,27100,27100,27100,27100,40500,40500
"photos all photos",70,"stable 0%","0%",30,"0.02","N/A",No,"Length: Body (3–4 words) · Seasonality: Evergreen",260,260,210,170,140,140,140,140,140,140,110,110,110,110,110,110,110,110,70,90,110,110,90,70,90,90,70,70,70,50,50,50,70,70,50,70,70,70,70,70,50,90,70,90,70,90,70,50
"free tool images",170,"declining -29%","-29%",36,"0.03","$1.91",No,"Length: Body (3–4 words) · Seasonality: Evergreen",260,210,210,210,210,320,260,320,320,260,320,260,320,320,390,390,320,390,390,320,320,320,320,260,260,260,260,210,210,260,210,260,210,170,210,210,210,260,210,170,170,210,170,170,140,140,170,170
"add photo image",1000,"stable 9%","+9%",46,"0.08","$0.38",No,"Length: Body (3–4 words) · Seasonality: Evergreen",590,480,590,480,720,720,590,720,590,720,590,720,720,720,590,590,720,720,590,590,590,590,590,720,720,590,720,590,720,720,720,720,720,720,720,720,880,880,1000,1000,1000,1000,880,1000,1000,1000,1000,1000
"download all my photos",30,"declining -27%","-27%",21,"0.16","$2.63",No,"Length: Body (3–4 words) · Seasonality: Evergreen",30,50,30,50,90,70,70,50,20,30,30,30,30,30,50,40,20,30,50,50,30,50,30,20,50,20,30,20,30,40,30,30,50,20,20,30,40,40,30,20,30,30,20,20,20,30,30,20
"add your image",30,"stable -11%","-11%",25,"0","N/A",No,"Length: Body (3–4 words) · Seasonality: Evergreen",40,20,30,30,20,30,40,20,30,30,40,40,40,20,40,70,30,30,30,40,40,50,40,50,40,30,10,30,50,30,30,40,50,20,30,30,30,20,40,30,30,40,20,30,30,40,20,20
"photo with multiple photos",720,"growing 49%","+49%",40,"0.15","$1.42",No,"Contains: photo with multiple · Length: Body (3–4 words) · Seasonality: Evergreen",260,390,390,480,480,480,390,590,480,390,480,480,480,480,480,480,590,590,480,480,480,480,390,480,590,590,480,480,480,480,390,480,480,480,390,390,590,480,590,590,590,720,720,720,720,720,880,880
"photo add online free",70,"declining -48%","-48%",29,"0.07","$0.20",No,"Contains: photo add online · Length: Body (3–4 words) · Seasonality: Evergreen",10,10,10,10,10,10,10,10,20,10,20,10,30,40,30,30,40,70,50,70,40,70,40,70,70,50,70,50,50,50,50,50,70,90,70,90,90,90,90,70,90,50,50,70,50,50,50,40
"photos all",1300,"stable 0%","0%",50,"0.04","$2.42",No,"Length: Head (1–2 words) · Seasonality: Evergreen",3600,2900,2900,2400,2400,2400,2400,2400,2400,2400,2400,2400,2400,1900,2400,1900,2400,2400,1900,1900,1900,1900,1900,1600,1600,1300,1600,1300,1300,1300,1000,1300,1300,1300,1300,1300,1300,1300,1300,1300,1000,1300,1300,1300,1000,1300,1300,1300
"exif photo location",30,"declining -47%","-47%",25,"0","N/A",No,"Length: Body (3–4 words) · Seasonality: Evergreen",90,40,50,70,70,110,90,70,90,50,110,90,90,70,50,40,40,50,50,50,50,40,50,40,40,30,50,40,50,40,40,50,50,40,40,50,40,40,70,20,30,40,30,30,20,30,20,30
"no google photos",20,"growing 200%","+200%",22,"0","N/A",No,"Length: Body (3–4 words) · Seasonality: Evergreen",10,10,10,10,10,10,20,10,10,10,10,10,10,10,10,10,10,10,10,10,20,10,10,10,10,10,10,10,10,10,10,10,10,10,10,20,10,10,10,10,10,10,20,10,30,20,40,30
"all iphone photos",1300,"stable 17%","+17%",50,"0.03","N/A",No,"Length: Body (3–4 words) · Seasonality: Evergreen",590,720,720,480,590,590,480,480,480,590,720,590,720,720,720,590,720,720,590,720,590,720,590,720,590,880,880,720,720,720,480,720,590,720,590,720,720,1300,1300,1000,1300,1300,1000,1300,1300,1300,1300,1300
"browser photo",480,"stable -13%","-13%",45,"0","N/A",No,"Length: Head (1–2 words) · Seasonality: Evergreen",390,480,390,390,390,480,480,390,390,390,390,480,390,480,480,390,480,590,590,590,590,590,480,590,480,480,480,480,480,480,480,480,390,390,480,390,480,590,590,480,480,590,480,480,480,480,480,480
"image add to image",90,"declining -32%","-32%",31,"0.04","$0.29",No,"Length: Body (3–4 words) · Seasonality: Evergreen",40,40,50,50,70,50,30,40,40,50,50,70,90,70,50,90,70,90,70,90,70,90,50,90,90,90,110,90,140,110,110,90,90,90,110,110,90,110,110,110,90,70,90,110,50,50,70,90
"add photo to photos",10,"declining -25%","-25%",14,"0.19","N/A",No,"Contains: add photo to · Length: Body (3–4 words) · Seasonality: Evergreen",10,10,20,10,10,10,10,10,10,20,20,10,10,20,30,10,10,10,10,10,10,20,10,10,10,10,10,10,10,20,10,10,10,10,10,10,10,20,10,10,10,10,10,10,10,10,10,10
"photo location exif",10,"stable 0%","0%",17,"0.02","N/A",No,"Length: Body (3–4 words) · Seasonality: Evergreen",10,10,10,10,20,20,10,10,10,20,10,10,10,10,10,20,10,10,10,10,10,20,10,10,10,10,10,10,10,10,10,10,10,10,10,10,10,10,10,10,10,10,20,10,20,10,10,10
"one photo in multiple photos",70,"growing 120%","+120%",29,"0.07","N/A",No,"Length: Long tail (5+ words) · Seasonality: Evergreen",90,50,50,70,70,50,50,50,50,50,90,70,40,30,70,110,110,50,20,30,50,40,50,70,40,50,50,50,30,30,40,50,50,30,50,50,50,50,50,50,90,110,70,70,70,110,110,110
"photo for all",20,"growing 120%","+120%",22,"0","N/A",No,"Length: Body (3–4 words) · Seasonality: Evergreen",10,10,10,30,20,20,10,20,20,20,10,10,20,20,30,10,10,10,10,20,10,10,10,10,10,20,10,10,10,20,10,20,10,10,10,10,20,20,10,20,10,20,20,20,10,10,50,50
"photo exif location",10,"growing 33%","+33%",17,"0","N/A",No,"Length: Body (3–4 words) · Seasonality: Evergreen",20,10,10,20,10,20,10,10,10,10,10,10,10,20,10,10,20,20,20,10,10,20,10,20,20,10,20,10,10,10,10,20,10,10,10,10,10,10,10,10,10,10,10,10,10,10,20,10
"photo add photo online",50,"stable -17%","-17%",24,"0.14","$0.21",No,"Length: Body (3–4 words) · Seasonality: Evergreen",70,70,90,90,90,40,70,50,70,90,90,70,90,70,70,50,50,70,70,50,70,90,50,50,70,40,40,10,30,30,40,50,40,40,70,90,70,70,40,50,50,40,40,50,70,70,40,40
"add geotag to photos",1000,"stable 4%","+4%",48,"0.05","$0.10",No,"Length: Body (3–4 words) · Seasonality: Evergreen",320,320,260,390,320,480,390,390,320,480,390,390,480,590,480,480,590,880,880,880,590,880,880,880,880,880,880,880,880,1000,880,880,1000,880,1000,1000,880,1000,880,880,880,1300,1000,1000,880,880,1000,1000
"photo in photo add",170,"declining -35%","-35%",32,"0.14","$1.75",No,"Length: Body (3–4 words) · Seasonality: Evergreen",40,30,50,50,50,70,50,90,50,70,70,50,70,70,40,70,110,90,90,70,110,110,110,70,90,70,90,90,90,110,110,110,90,110,140,110,170,170,170,170,210,260,170,110,70,110,110,110
"photo to photo add",720,"stable -15%","-15%",45,"0.05","$0.28",No,"Contains: photo to photo · Length: Body (3–4 words) · Seasonality: Evergreen",170,210,260,170,170,210,210,260,260,210,260,260,320,260,320,260,390,480,390,480,390,480,390,480,590,480,590,480,720,720,590,720,720,720,720,720,1000,1000,720,720,720,880,720,720,720,720,880,720
"geotagged photos in iphone",10,"declining -40%","-40%",16,"0.09","N/A",No,"Length: Body (3–4 words) · Seasonality: Evergreen",20,30,20,20,10,20,20,10,10,20,20,20,40,40,30,30,40,50,40,30,30,30,40,90,40,50,20,40,30,20,10,10,20,10,10,20,20,20,10,20,10,10,20,10,10,10,10,10
"photos download all",40,"growing 20%","+20%",27,"0","N/A",No,"Contains: photos download all · Length: Body (3–4 words) · Seasonality: Evergreen",50,40,70,40,50,40,30,50,70,70,30,40,40,50,50,30,40,50,20,30,40,50,50,20,20,30,30,20,30,50,30,30,20,30,30,30,20,40,40,20,40,40,40,40,40,40,40,40
"photo file format",22200,"declining -23%","-23%",72,"0.01","$1.11",No,"Contains: photo file format · Length: Body (3–4 words) · Seasonality: Evergreen",27100,33100,33100,33100,27100,33100,27100,33100,27100,33100,27100,22200,27100,27100,27100,33100,27100,33100,27100,33100,27100,27100,27100,27100,27100,27100,27100,27100,27100,27100,27100,27100,22200,22200,22200,22200,22200,22200,22200,22200,22200,22200,22200,22200,18100,18100,18100,14800
"photo photo add",20,"growing 20%","+20%",22,"0.02","N/A",No,"Length: Body (3–4 words) · Seasonality: Evergreen",10,10,10,10,10,10,10,10,20,10,10,20,10,10,10,10,10,10,10,30,20,20,10,20,30,20,20,20,10,20,20,20,20,30,30,30,10,20,20,10,20,20,20,20,20,20,20,20
"add iphone photos to google photos",40,"declining -23%","-23%",27,"0","N/A",No,"Contains: to google photos · Contains: photos to google · Length: Long tail (5+ words) · Seasonality: Evergreen",50,50,40,40,70,70,30,30,50,50,70,140,90,70,50,90,90,70,50,70,70,70,70,70,90,70,50,70,70,50,40,40,50,50,50,50,40,40,50,30,50,40,20,40,40,30,40,30
"my photos my photos",90,"stable -6%","-6%",31,"0.05","$0.27",No,"Length: Body (3–4 words) · Seasonality: Evergreen",140,140,110,70,170,140,110,110,110,110,110,110,110,110,110,110,140,140,140,90,90,110,90,140,90,90,90,70,90,90,90,110,90,90,70,90,110,110,110,70,90,90,110,110,90,90,110,110
"any photos download",320,"stable -13%","-13%",42,"0","N/A",No,"Length: Body (3–4 words) · Seasonality: Evergreen",110,140,170,140,170,210,210,260,210,170,210,260,260,210,260,210,210,320,260,260,260,320,320,260,320,260,320,320,320,320,320,390,320,320,390,320,390,320,320,320,320,260,260,390,320,320,260,320
"file images",6600,"stable -7%","-7%",63,"0.01","$1.00",No,"Length: Head (1–2 words) · Seasonality: Peaks in December",8100,9900,8100,8100,8100,8100,8100,8100,6600,8100,8100,9900,8100,8100,8100,8100,74000,14800,14800,8100,8100,8100,8100,8100,8100,8100,8100,6600,6600,8100,6600,6600,6600,6600,8100,8100,6600,8100,6600,6600,6600,6600,6600,9900,6600,6600,6600,6600
"photos capture",1600,"stable -18%","-18%",53,"0.01","$2.37",No,"Length: Head (1–2 words) · Seasonality: Evergreen",1600,1600,1300,1300,1600,1600,1300,1600,1300,1600,1600,1600,1300,1600,1300,1300,1600,1300,1600,1600,1600,1600,1600,1600,1600,1600,1600,1600,1600,1600,1600,1600,1600,1600,1600,1900,1900,2400,1900,1600,1600,1900,1600,1600,1600,1900,1600,1600
"file ke photo",50,"stable 17%","+17%",28,"0","N/A",No,"Length: Body (3–4 words) · Seasonality: Evergreen",30,40,50,30,50,40,30,30,30,30,40,70,50,40,40,30,70,50,70,40,30,50,40,50,50,40,50,40,40,40,30,30,30,30,50,50,40,40,40,40,30,50,70,50,40,50,50,40
"one photo to multiple photos",390,"declining -63%","-63%",41,"0.05","$0.50",No,"Length: Long tail (5+ words) · Seasonality: Evergreen",90,70,90,110,170,170,140,210,210,140,170,210,260,260,170,90,110,210,260,320,320,320,140,140,320,480,590,480,320,260,210,260,170,140,320,480,720,590,590,590,320,260,260,170,140,210,170,320
"file ki photo",170,"growing 51%","+51%",37,"0","N/A",No,"Length: Body (3–4 words) · Seasonality: Evergreen",110,170,170,140,210,260,140,90,110,170,170,140,110,140,140,110,170,170,170,70,90,170,210,140,110,140,110,140,140,210,140,70,110,210,210,170,140,170,140,170,170,210,210,140,140,210,260,210
"google location photo",1600,"stable 15%","+15%",35,"0.35","$0.06",No,"Length: Body (3–4 words) · Seasonality: Evergreen",720,590,720,720,720,1000,1000,880,720,720,880,880,880,880,880,720,880,1000,880,1000,1000,1000,1000,1000,1300,1300,1000,1000,1000,1000,1000,1300,1300,1300,1300,1600,1300,1300,1300,1300,1600,1600,1300,1600,1300,1300,1600,1600
"your photo image",40,"declining -28%","-28%",27,"0","N/A",No,"Length: Body (3–4 words) · Seasonality: Evergreen",110,70,90,90,140,140,140,110,170,260,210,210,210,170,210,210,170,170,140,170,170,140,140,140,90,70,110,70,70,50,50,70,50,50,50,40,90,50,40,20,30,40,50,30,30,40,40,50
"photo add online",3600,"declining -34%","-34%",56,"0.06","$0.29",No,"Contains: photo add online · Length: Body (3–4 words) · Seasonality: Evergreen",5400,5400,5400,5400,5400,6600,5400,5400,5400,5400,5400,5400,5400,5400,5400,4400,5400,5400,5400,5400,5400,5400,4400,5400,5400,4400,5400,4400,4400,4400,3600,4400,4400,3600,3600,3600,4400,4400,3600,3600,3600,3600,3600,2900,2400,2900,2900,2400
"image exif location",20,"declining -57%","-57%",22,"0","N/A",No,"Length: Body (3–4 words) · Seasonality: Evergreen",40,30,30,20,30,20,20,30,30,20,20,20,20,20,10,20,10,20,30,30,30,30,20,10,20,20,30,10,10,30,40,20,20,30,40,30,30,20,20,20,10,10,10,10,20,10,10,10
"photos file location",30,"declining -36%","-36%",25,"0","N/A",No,"Length: Body (3–4 words) · Seasonality: Evergreen",30,40,30,20,20,30,50,30,40,40,50,50,50,40,40,40,50,50,30,30,30,30,30,70,50,50,40,20,40,40,40,50,50,40,50,50,50,30,30,20,30,20,20,30,50,30,20,20
"location from a photo",40,"stable 18%","+18%",26,"0.02","N/A",No,"Length: Body (3–4 words) · Seasonality: Evergreen",20,20,10,10,20,30,20,30,50,40,20,30,30,30,50,30,30,20,40,40,30,30,30,30,30,30,30,20,30,30,30,30,40,30,40,30,40,30,40,40,20,30,40,50,50,50,40,40
"add photos to photo",170,"declining -35%","-35%",32,"0.14","$1.75",No,"Contains: add photos to · Length: Body (3–4 words) · Seasonality: Evergreen",40,30,50,50,50,70,50,90,50,70,70,50,70,70,40,70,110,90,90,70,110,110,110,70,90,70,90,90,90,110,110,110,90,110,140,110,170,170,170,170,210,260,170,110,70,110,110,110
"add photo online free",30,"stable 14%","+14%",23,"0.07","$0.42",No,"Contains: photo online free · Length: Body (3–4 words) · Seasonality: Evergreen",10,10,10,10,10,10,10,10,10,10,10,20,20,20,10,20,20,20,20,20,20,10,20,30,30,50,40,30,30,30,30,30,30,20,30,20,30,20,20,20,40,40,30,30,20,20,30,30
"location of the photo",40,"growing 217%","+217%",27,"0","N/A",No,"Length: Body (3–4 words) · Seasonality: Evergreen",10,10,10,10,10,20,10,20,10,10,10,10,20,10,40,20,30,10,10,20,20,20,20,20,10,10,30,10,10,10,30,30,20,40,20,20,30,20,10,10,20,40,40,30,40,50,70,70
"metadata photo location",880,"stable 0%","0%",49,"0.01","$0.54",No,"Length: Body (3–4 words) · Seasonality: Evergreen",1000,880,880,720,1600,1900,880,1000,1600,1000,1000,1600,1300,2400,1900,1000,1000,880,880,1300,1000,1000,1000,1000,1300,880,1000,720,880,1000,880,1300,1000,1000,880,1000,880,1000,880,880,880,880,880,1000,1000,1000,880,880
"google photos add photos",90,"stable 10%","+10%",33,"0","N/A",No,"Length: Body (3–4 words) · Seasonality: Evergreen",70,40,70,50,70,50,50,50,70,70,70,70,70,70,70,70,90,70,90,90,110,110,70,70,70,90,90,90,110,90,90,90,90,110,70,70,90,90,110,70,110,90,70,70,70,90,140,90
"photo metadata location",880,"stable 0%","0%",49,"0.01","$0.54",No,"Length: Body (3–4 words) · Seasonality: Evergreen",1000,880,880,720,1600,1900,880,1000,1600,1000,1000,1600,1300,2400,1900,1000,1000,880,880,1300,1000,1000,1000,1000,1300,880,1000,720,880,1000,880,1300,1000,1000,880,1000,880,1000,880,880,880,880,880,1000,1000,1000,880,880
"photo add on",70,"stable -7%","-7%",28,"0.09","$1.44",No,"Length: Body (3–4 words) · Seasonality: Peaks in December",110,110,90,90,320,90,90,90,110,90,90,90,70,90,70,70,90,50,50,70,70,70,70,50,40,50,70,70,140,50,480,70,30,320,70,70,50,50,50,50,170,50,90,50,50,50,50,40
"google photos add",170,"declining -24%","-24%",36,"0.02","$1.37",No,"Length: Body (3–4 words) · Seasonality: Evergreen",210,170,210,210,170,210,170,210,210,210,210,260,260,260,260,260,260,260,210,210,170,170,210,260,170,210,210,170,210,210,140,170,170,170,210,210,210,260,210,170,210,170,140,140,170,170,210,140
"add location data to photos",30,"declining -33%","-33%",22,"0.13","N/A",No,"Length: Long tail (5+ words) · Seasonality: Evergreen",20,20,20,20,30,30,20,40,40,40,30,30,40,50,30,20,20,30,20,30,30,30,30,30,30,30,10,20,20,30,20,30,20,30,30,40,40,40,40,30,40,30,40,20,30,30,30,20
"location for photo",140,"stable -13%","-13%",34,"0.06","$0.79",No,"Length: Body (3–4 words) · Seasonality: Evergreen",140,170,170,140,140,170,140,170,210,170,210,170,140,110,140,140,140,170,140,170,170,210,210,170,210,260,210,170,140,170,170,210,210,170,140,140,140,170,140,110,110,110,110,140,110,170,110,110
"location in photo",14800,"stable 6%","+6%",59,"0.15","$0.07",No,"Length: Body (3–4 words) · Seasonality: Evergreen",14800,12100,12100,12100,12100,14800,12100,14800,14800,14800,14800,18100,18100,14800,14800,12100,12100,12100,12100,14800,14800,14800,14800,14800,14800,12100,12100,12100,12100,14800,12100,14800,14800,14800,14800,14800,14800,14800,12100,12100,14800,14800,12100,14800,14800,14800,14800,14800
"add metadata to photos",140,"declining -25%","-25%",35,"0.01","N/A",No,"Length: Body (3–4 words) · Seasonality: Evergreen",170,170,210,210,210,210,210,260,210,170,170,170,170,210,170,170,140,210,170,170,170,170,170,210,210,140,170,170,170,210,170,210,170,170,170,170,170,140,170,170,140,140,110,110,90,140,110,110
"google photos to google photos",10,"stable 0%","0%",17,"0","N/A",No,"Contains: to google photos · Contains: photos to google · Contains: google photos to · Length: Long tail (5+ words) · Seasonality: Evergreen",20,10,10,10,20,10,10,10,20,20,10,10,10,10,10,10,10,20,20,20,10,10,10,10,10,10,10,10,10,10,10,10,10,10,10,10,10,10,10,20,20,10,10,10,10,10,10,10
"your photo photo",10,"stable 0%","0%",17,"0","N/A",No,"Length: Body (3–4 words) · Seasonality: Evergreen",10,30,10,30,30,40,20,20,20,40,30,30,40,20,10,10,20,20,20,30,30,20,20,20,20,10,10,10,20,10,10,20,10,10,10,10,10,10,10,10,10,10,10,10,10,10,10,10
"tag photos",8100,"growing 33%","+33%",59,"0.1","$0.23",No,"Length: Head (1–2 words) · Seasonality: Evergreen",5400,4400,4400,5400,5400,6600,5400,5400,5400,5400,6600,6600,5400,5400,5400,4400,5400,5400,4400,4400,4400,4400,4400,4400,4400,4400,4400,4400,4400,4400,4400,4400,4400,4400,3600,3600,4400,5400,4400,14800,14800,9900,8100,6600,8100,8100,5400,5400
"google photos uses",40,"declining -21%","-21%",27,"0","N/A",No,"Length: Body (3–4 words) · Seasonality: Evergreen",50,90,90,70,90,90,90,110,50,70,90,110,90,90,70,90,110,90,50,70,50,70,50,70,50,70,70,70,50,70,70,50,50,50,70,50,50,50,40,40,30,30,30,40,40,40,30,40
"free photographs online",4400,"declining -49%","-49%",41,"0.32","$1.41",No,"Length: Body (3–4 words) · Seasonality: Evergreen",6600,6600,8100,8100,6600,8100,6600,8100,6600,8100,6600,5400,5400,5400,5400,5400,5400,6600,5400,5400,5400,5400,4400,4400,4400,4400,5400,6600,5400,6600,6600,8100,6600,6600,5400,5400,5400,5400,5400,4400,3600,3600,3600,3600,3600,2900,2900,2400
"exif location",140,"declining -27%","-27%",36,"0","N/A",No,"Length: Head (1–2 words) · Seasonality: Peaks in January",390,320,320,320,320,880,390,320,320,260,260,260,210,210,210,170,260,210,260,210,210,210,170,140,170,140,170,140,140,140,140,140,210,110,110,140,140,210,140,140,170,170,110,140,140,140,110,110
"add multiple photos to one photo",70,"declining -70%","-70%",23,"0.24","$1.43",No,"Contains: add multiple photos · Length: Long tail (5+ words) · Seasonality: Evergreen",70,90,90,70,90,110,110,70,70,70,90,170,210,140,140,140,90,70,90,140,170,140,140,110,140,110,140,110,110,170,110,70,90,70,70,70,70,90,70,110,110,90,70,70,70,20,20,30
"upload photos on google photos",3600,"growing 31%","+31%",59,"0.01","$1.54",No,"Length: Long tail (5+ words) · Seasonality: Evergreen",5400,5400,5400,5400,5400,6600,5400,5400,5400,5400,5400,5400,5400,5400,5400,4400,4400,5400,4400,4400,4400,4400,4400,4400,4400,3600,3600,3600,4400,4400,4400,4400,3600,3600,3600,3600,3600,3600,2900,2900,2900,3600,2900,3600,3600,4400,4400,4400
"add image to iphone photo",10,"declining -40%","-40%",15,"0.11","N/A",No,"Contains: add image to · Length: Long tail (5+ words) · Seasonality: Evergreen",20,20,20,20,20,10,10,10,10,10,10,10,20,20,10,20,20,10,20,20,20,10,40,70,50,70,70,50,40,30,30,20,10,10,20,20,20,10,20,20,20,10,10,10,10,10,10,10
"photo with google location",140,"stable 7%","+7%",17,"0.52","$0.08",No,"Length: Body (3–4 words) · Seasonality: Evergreen",70,50,50,50,50,50,50,70,50,50,70,50,90,90,50,70,50,90,90,110,70,110,90,110,110,110,110,110,90,110,70,140,140,140,170,170,170,110,140,110,170,110,110,140,140,140,170,140
"image lightroom",4400,"stable 8%","+8%",55,"0.09","$3.60",No,"Length: Head (1–2 words) · Seasonality: Evergreen",8100,6600,6600,6600,6600,8100,6600,8100,8100,6600,6600,6600,5400,5400,5400,5400,6600,6600,5400,5400,4400,4400,4400,4400,4400,3600,3600,4400,4400,5400,4400,5400,5400,5400,5400,4400,4400,4400,4400,4400,4400,4400,4400,4400,6600,5400,4400,4400
"photos pic",22200,"growing 41%","+41%",62,"0.15","$2.14",No,"Length: Head (1–2 words) · Seasonality: Evergreen",33100,33100,27100,27100,27100,27100,27100,27100,27100,33100,33100,27100,33100,27100,33100,33100,33100,33100,33100,33100,33100,33100,33100,27100,22200,22200,27100,33100,27100,27100,18100,22200,22200,22200,18100,22200,22200,22200,22200,22200,22200,22200,18100,22200,22200,22200,22200,49500
"add location on photo",720,"stable -13%","-13%",42,"0.11","$0.08",No,"Length: Body (3–4 words) · Seasonality: Evergreen",390,390,390,390,390,480,390,390,480,590,480,590,590,720,590,590,590,590,590,590,590,720,720,720,880,720,720,720,720,880,720,720,720,720,720,720,720,880,880,720,880,720,590,720,590,720,720,720
"get gps coordinates from iphone photo",10,"growing 67%","+67%",17,"0.01","N/A",No,"Length: Long tail (5+ words) · Seasonality: Evergreen",30,20,20,10,10,20,10,20,10,10,30,20,20,20,20,20,10,10,10,20,10,10,10,20,20,10,20,10,20,20,10,10,10,20,20,10,10,10,10,10,10,10,10,10,20,20,10,20
"image ka photo",170,"stable -5%","-5%",37,"0.01","N/A",No,"Length: Body (3–4 words) · Seasonality: Evergreen",170,110,110,140,140,110,140,110,70,90,110,110,90,70,70,70,90,110,90,90,110,90,70,90,140,170,110,170,140,140,140,170,140,140,170,170,170,170,210,170,140,170,170,210,140,170,140,210
"add photo to google photos",90,"stable 10%","+10%",33,"0","N/A",No,"Contains: to google photos · Contains: add photo to · Length: Long tail (5+ words) · Seasonality: Evergreen",70,40,70,50,70,50,50,50,70,70,70,70,70,70,70,70,90,70,90,90,110,110,70,70,70,90,90,90,110,90,90,90,90,110,70,70,90,90,110,70,110,90,70,70,70,90,140,90
"exif data photo location",10,"growing 300%","+300%",17,"0","N/A",No,"Length: Body (3–4 words) · Seasonality: Peaks in July",20,10,10,10,10,20,10,20,10,10,20,10,20,10,10,10,20,10,10,10,10,10,10,10,10,10,10,10,10,10,10,10,10,10,20,10,10,10,10,10,10,10,10,10,10,10,20,90
"geotag photo in iphone",70,"growing 21%","+21%",26,"0.15","$0.14",No,"Length: Body (3–4 words) · Seasonality: Evergreen",10,10,20,10,10,10,10,10,10,10,20,10,30,30,30,40,30,70,50,50,40,40,70,50,50,50,40,40,50,50,40,40,10,10,20,50,50,70,70,70,70,90,90,70,70,70,90,70
"image of a photo",390,"growing 30%","+30%",41,"0.05","N/A",No,"Contains: of a photo · Length: Body (3–4 words) · Seasonality: Evergreen",140,140,140,210,210,210,210,170,170,170,170,170,170,170,170,210,140,260,210,170,170,170,170,210,170,170,210,320,260,210,170,210,260,210,260,260,260,390,390,320,390,390,390,390,390,480,390,480
"google photos google photos google photos",20400000,"stable 0%","0%",100,"0","$0.45",No,"Contains: photos google photos · Length: Long tail (5+ words) · Seasonality: Evergreen",7480000,7480000,7480000,9140000,7480000,9140000,7480000,9140000,11100000,9140000,9140000,9140000,9140000,9140000,9140000,7480000,7480000,9140000,7480000,9140000,9140000,9140000,9140000,9140000,9140000,9140000,9140000,9140000,9140000,11100000,9140000,9140000,9140000,9140000,20400000,20400000,20400000,16600000,16600000,20400000,16600000,20400000,16600000,20400000,20400000,20400000,16600000,16600000
"image on photo",20,"growing 20%","+20%",22,"0.02","N/A",No,"Length: Body (3–4 words) · Seasonality: Evergreen",20,20,20,20,30,20,20,20,20,30,10,20,20,20,20,20,20,30,30,10,20,20,20,10,20,10,20,20,20,30,20,20,10,20,20,20,20,10,20,20,20,20,30,10,20,20,10,30
"processing photos",720,"stable -12%","-12%",46,"0.04","$2.55",No,"Length: Head (1–2 words) · Seasonality: Evergreen",590,720,590,590,590,590,590,720,590,590,590,590,720,720,720,720,880,720,720,720,720,720,590,720,720,720,880,720,720,720,720,720,720,720,720,720,720,720,720,720,590,720,590,590,590,720,590,590
"image from photo",74000,"stable -13%","-13%",74,"0.09","$1.75",No,"Length: Body (3–4 words) · Seasonality: Evergreen",246000,201000,165000,135000,110000,165000,165000,201000,110000,110000,74000,74000,74000,74000,74000,74000,90500,90500,90500,90500,110000,135000,110000,90500,90500,90500,110000,90500,90500,90500,74000,90500,90500,90500,74000,90500,74000,90500,90500,90500,74000,90500,74000,74000,74000,74000,74000,74000
"image with photo",20,"stable -17%","-17%",17,"0.22","N/A",No,"Length: Body (3–4 words) · Seasonality: Peaks in August",50,30,50,40,30,10,10,10,30,10,20,20,50,20,20,30,30,30,30,20,30,20,30,30,30,30,40,40,40,30,20,20,30,20,20,20,20,20,20,10,10,20,10,20,10,10,20,20
"image in photo",74000,"stable -13%","-13%",74,"0.09","$1.75",No,"Length: Body (3–4 words) · Seasonality: Evergreen",246000,201000,165000,135000,110000,165000,165000,201000,110000,110000,74000,74000,74000,74000,74000,74000,90500,90500,90500,90500,110000,135000,110000,90500,90500,90500,110000,90500,90500,90500,74000,90500,90500,90500,74000,90500,74000,90500,90500,90500,74000,90500,74000,74000,74000,74000,74000,74000
"exif data of a photo",10,"stable 0%","0%",17,"0","N/A",No,"Contains: of a photo · Length: Long tail (5+ words) · Seasonality: Evergreen",20,10,20,10,10,20,10,10,10,20,10,20,10,50,30,20,30,30,30,20,20,10,10,10,10,10,20,10,10,10,10,10,10,10,10,20,10,10,10,10,10,10,10,10,10,10,10,10
"google photos to iphone photos",30,"growing 25%","+25%",25,"0","N/A",No,"Contains: google photos to · Length: Long tail (5+ words) · Seasonality: Evergreen",20,20,20,20,30,20,10,20,30,10,20,30,30,20,20,30,40,30,40,30,30,20,20,30,20,40,30,20,30,20,10,20,30,20,20,30,30,20,30,20,40,40,30,20,30,30,30,40
"photo photo image",40,"growing 33%","+33%",26,"0.02","N/A",No,"Length: Body (3–4 words) · Seasonality: Evergreen",50,50,40,70,50,70,50,50,40,50,70,50,40,50,40,40,40,50,50,70,70,50,50,50,40,40,50,40,40,30,30,50,50,40,40,30,30,40,50,30,30,40,40,30,40,40,70,50
"photo of a photo",40500,"stable -18%","-18%",74,"0.03","$1.39",No,"Contains: of a photo · Contains: photo of a · Length: Body (3–4 words) · Seasonality: Evergreen",110000,110000,110000,90500,90500,90500,90500,90500,90500,74000,74000,74000,74000,74000,74000,74000,74000,90500,74000,74000,74000,74000,74000,90500,49500,49500,49500,40500,40500,40500,40500,49500,40500,40500,40500,40500,49500,49500,40500,40500,40500,40500,33100,40500,33100,40500,40500,33100
"image format jpeg",90,"declining -28%","-28%",25,"0.22","$0.89",No,"Length: Body (3–4 words) · Seasonality: Evergreen",140,170,170,170,140,170,140,170,140,140,110,170,140,170,170,140,110,110,110,110,90,90,90,110,110,140,110,110,110,110,90,110,90,90,70,90,70,110,110,110,70,90,70,110,110,90,70,50
"image all photo",320,"stable -19%","-19%",41,"0.02","N/A",No,"Length: Body (3–4 words) · Seasonality: Evergreen",720,880,880,720,720,480,590,720,590,720,590,720,590,480,590,590,590,590,480,720,480,480,590,590,590,480,480,390,480,390,320,390,320,320,320,320,390,480,320,320,320,320,320,260,260,320,320,320
"photos quality",9900,"stable -1%","-1%",62,"0.07","$0.47",No,"Length: Head (1–2 words) · Seasonality: Evergreen",1900,2400,2400,2900,2900,3600,3600,4400,4400,5400,5400,5400,6600,6600,6600,6600,6600,6600,6600,6600,6600,6600,6600,8100,6600,8100,22200,12100,9900,9900,9900,8100,8100,8100,8100,8100,8100,9900,12100,9900,9900,9900,8100,9900,9900,9900,9900,9900
"free photos google",1300,"stable 15%","+15%",51,"0.01","$1.65",No,"Length: Body (3–4 words) · Seasonality: Evergreen",1600,1300,1300,1300,1600,1600,1300,1600,1600,1600,1600,1300,1300,1300,1000,1000,1300,1300,1000,1000,1300,1300,1000,1300,1000,1000,1000,1000,1000,1000,880,1000,1000,1000,1000,1000,1300,1300,1300,1300,1300,1300,1000,1000,1300,1600,1300,1600
"pic add",9900,"growing 38%","+38%",65,"0.02","$0.83",No,"Length: Head (1–2 words) · Seasonality: Evergreen",5400,5400,5400,6600,5400,5400,5400,6600,5400,5400,5400,5400,6600,5400,6600,5400,5400,6600,6600,6600,5400,6600,5400,5400,5400,5400,6600,5400,5400,5400,5400,5400,5400,5400,5400,5400,5400,8100,8100,9900,9900,9900,8100,9900,8100,9900,9900,9900
"photo and image",74000,"stable -13%","-13%",74,"0.09","$1.75",No,"Length: Body (3–4 words) · Seasonality: Evergreen",246000,201000,165000,135000,110000,165000,165000,201000,110000,110000,74000,74000,74000,74000,74000,74000,90500,90500,90500,90500,110000,135000,110000,90500,90500,90500,110000,90500,90500,90500,74000,90500,90500,90500,74000,90500,74000,90500,90500,90500,74000,90500,74000,74000,74000,74000,74000,74000
"photo on image",20,"declining -58%","-58%",22,"0.01","N/A",No,"Length: Body (3–4 words) · Seasonality: Evergreen",20,10,20,10,20,30,20,20,30,30,10,10,30,10,40,20,30,20,20,30,20,20,10,20,20,20,20,20,20,30,10,30,20,10,50,70,50,30,40,20,30,20,10,20,20,20,20,10
"photo with image",20,"stable 14%","+14%",14,"0.35","N/A",No,"Length: Body (3–4 words) · Seasonality: Evergreen",30,40,30,20,30,20,30,20,20,20,30,30,20,30,10,30,20,30,20,20,30,30,20,30,40,20,30,20,20,30,30,40,20,20,20,20,30,20,20,20,30,10,20,20,20,30,30,20
"photos of your",5400,"stable 0%","0%",60,"0.04","$2.15",No,"Length: Body (3–4 words) · Seasonality: Evergreen",12100,14800,27100,27100,27100,22200,22200,22200,22200,22200,22200,22200,18100,18100,18100,14800,14800,14800,12100,14800,12100,12100,12100,9900,9900,8100,8100,6600,6600,6600,6600,6600,5400,5400,5400,5400,5400,5400,5400,5400,5400,6600,5400,5400,5400,5400,5400,5400
"geotagging device",170,"declining -34%","-34%",12,"0.67","$0.90",No,"Length: Head (1–2 words) · Seasonality: Evergreen",210,170,140,140,140,170,140,170,110,170,170,210,170,260,170,110,170,210,170,210,110,170,140,170,170,260,320,140,140,110,140,210,210,170,140,210,170,210,260,210,170,140,170,140,170,140,140,140
"google maps geotagged photos",20,"stable 0%","0%",19,"0.15","$0.06",No,"Length: Body (3–4 words) · Seasonality: Peaks in October",70,50,50,40,30,50,50,40,40,40,40,30,40,40,140,20,30,20,20,30,20,30,30,30,30,20,20,20,10,20,30,30,20,20,10,20,20,20,20,30,30,20,20,20,30,10,20,30
"get your photos",210,"growing 102%","+102%",31,"0.2","$2.12",No,"Length: Body (3–4 words) · Seasonality: Evergreen",170,170,170,140,110,90,110,140,260,260,260,260,210,170,170,110,110,140,170,140,170,140,110,140,140,110,140,110,140,90,110,140,140,140,140,140,140,140,140,170,170,140,210,210,260,320,320,210
"my images photos",3600,"stable -13%","-13%",54,"0.09","$2.76",No,"Length: Body (3–4 words) · Seasonality: Evergreen",5400,5400,5400,5400,5400,5400,4400,5400,5400,5400,5400,4400,4400,4400,4400,4400,4400,4400,4400,4400,4400,5400,4400,4400,4400,4400,4400,3600,4400,4400,3600,4400,4400,3600,3600,4400,4400,4400,3600,3600,3600,3600,3600,3600,3600,3600,3600,3600
"add a photo over a photo",20,"declining -50%","-50%",14,"0.38","$2.46",No,"Length: Long tail (5+ words) · Seasonality: Evergreen",20,20,30,20,20,20,20,20,20,30,50,40,30,30,30,40,30,20,20,20,30,30,20,30,40,20,50,40,30,20,20,20,20,20,20,30,20,20,20,40,20,20,30,20,10,10,10,10
"any photographs",5400,"growing 399%","+399%",62,"0","$1.56",No,"Length: Head (1–2 words) · Seasonality: Peaks in July",1600,1600,1900,1600,1600,1600,1300,1600,1600,1600,1600,1600,1900,1600,1900,1600,1600,1600,1600,1600,1600,1900,1600,1900,1600,1900,1900,1600,1900,1900,1600,1900,1900,1900,1900,2400,1900,2400,2400,2400,2900,2900,3600,4400,5400,5400,9900,18100
"google photos for",20,"declining -22%","-22%",22,"0","N/A",No,"Contains: google photos for · Length: Body (3–4 words) · Seasonality: Evergreen",10,10,10,20,20,10,20,20,20,20,10,20,10,20,10,20,10,30,30,30,20,10,10,30,20,20,30,20,20,20,20,40,20,20,20,30,40,30,20,20,10,20,20,10,20,20,30,20
"add image to photo online",390,"declining -33%","-33%",41,"0.05","$0.70",No,"Contains: to photo online · Contains: add image to · Length: Long tail (5+ words) · Seasonality: Evergreen",480,390,480,480,480,480,390,590,590,590,590,480,590,480,480,480,590,480,480,480,480,480,390,480,480,390,480,390,480,480,390,590,390,390,320,320,390,390,480,320,390,480,390,320,480,320,260,260
"photos without",480,"stable -3%","-3%",45,"0","N/A",No,"Length: Head (1–2 words) · Seasonality: Evergreen",320,320,390,390,320,390,320,390,320,390,390,390,320,320,320,320,320,390,390,390,390,480,320,390,390,390,390,390,390,390,390,390,390,390,480,390,390,720,480,390,480,480,480,390,480,480,480,590
"add to image",320,"growing 22%","+22%",39,"0.07","$1.29",No,"Length: Body (3–4 words) · Seasonality: Evergreen",110,140,140,170,140,140,390,320,210,320,260,260,320,210,170,210,210,170,170,170,170,170,170,210,210,170,210,210,210,210,210,260,210,320,210,260,320,260,320,260,260,260,210,260,260,320,390,390
"photo image upload",1900,"stable 6%","+6%",54,"0.02","$1.77",No,"Length: Body (3–4 words) · Seasonality: Evergreen",1900,1900,1900,1600,1900,1900,1900,1900,1900,1900,1900,1900,1900,1900,1900,1600,1600,1600,1600,1900,1600,1600,1600,1600,1900,1600,1600,1300,1600,1600,1600,1600,1600,1600,1600,1600,1600,1900,1900,1600,1600,1600,1600,1900,1900,1900,1900,1900
"pictures add",9900,"growing 38%","+38%",65,"0.02","$0.83",No,"Length: Head (1–2 words) · Seasonality: Evergreen",5400,5400,5400,6600,5400,5400,5400,6600,5400,5400,5400,5400,6600,5400,6600,5400,5400,6600,6600,6600,5400,6600,5400,5400,5400,5400,6600,5400,5400,5400,5400,5400,5400,5400,5400,5400,5400,8100,8100,9900,9900,9900,8100,9900,8100,9900,9900,9900
"photo ka image",90,"declining -21%","-21%",33,"0","N/A",No,"Length: Body (3–4 words) · Seasonality: Peaks in August",170,90,90,70,70,70,50,50,70,40,70,70,90,90,50,70,50,40,70,50,70,70,50,110,140,70,90,70,50,70,70,70,70,70,70,50,70,110,110,50,90,70,70,90,40,70,70,90
"google photos data",110,"stable 8%","+8%",33,"0.02","N/A",No,"Length: Body (3–4 words) · Seasonality: Evergreen",90,90,110,90,90,90,90,90,90,90,90,210,90,90,90,90,110,110,90,110,90,90,90,90,90,90,90,70,110,110,90,70,90,70,70,70,110,70,70,260,170,140,110,70,90,90,90,90
"photo upload photo",12100,"stable -18%","-18%",64,"0.06","$2.05",No,"Length: Body (3–4 words) · Seasonality: Evergreen",14800,14800,14800,12100,14800,14800,14800,18100,14800,14800,14800,14800,14800,18100,14800,14800,14800,14800,14800,14800,14800,14800,14800,14800,14800,12100,12100,12100,14800,12100,12100,12100,12100,14800,12100,14800,14800,14800,14800,12100,12100,12100,12100,12100,12100,12100,12100,12100
"tag photos in google photos",320,"declining -38%","-38%",42,"0","N/A",No,"Contains: in google photos · Contains: photos in google · Length: Long tail (5+ words) · Seasonality: Evergreen",880,720,720,720,720,880,720,720,720,720,720,720,880,720,720,720,720,880,720,720,720,720,590,590,590,590,590,590,590,590,390,590,480,480,480,390,480,480,390,320,390,390,320,320,320,320,260,260
"photo i photo",50,"stable -14%","-14%",28,"0.03","N/A",No,"Length: Body (3–4 words) · Seasonality: Evergreen",140,140,140,140,110,140,110,110,140,110,110,110,110,110,110,90,90,110,90,90,110,70,90,90,90,70,90,90,90,70,50,70,50,50,50,50,40,50,50,50,50,70,50,70,50,40,50,30
"exif metadata",3600,"stable -7%","-7%",57,"0.03","$0.14",No,"Length: Head (1–2 words) · Seasonality: Evergreen",2900,2900,2900,2400,2400,2900,2400,2900,2400,2400,6600,2900,3600,2400,2400,3600,2400,6600,2400,2400,2400,2900,2400,2400,2400,2400,2900,2400,2900,2900,2900,2400,2900,2900,2900,2900,2900,3600,3600,2900,2900,3600,2900,3600,3600,3600,2900,2900
"photo by photo",70,"stable 11%","+11%",31,"0.01","N/A",No,"Length: Body (3–4 words) · Seasonality: Peaks in December",40,50,40,50,50,30,40,40,40,40,20,70,40,30,30,20,30,50,50,40,40,50,30,30,50,40,30,30,50,30,30,40,50,40,40,40,40,30,20,40,320,30,30,40,50,40,20,40
"photo a photo",70,"growing 38%","+38%",30,"0.02","N/A",No,"Length: Body (3–4 words) · Seasonality: Evergreen",90,70,70,50,70,70,50,90,70,70,70,70,90,70,90,90,70,90,90,90,90,90,70,90,90,90,110,90,90,90,70,90,110,90,90,70,70,70,70,50,70,70,70,70,70,110,90,90
"photo ka photo",590,"stable -13%","-13%",46,"0","$0.65",No,"Length: Body (3–4 words) · Seasonality: Peaks in August",2900,1600,1000,1000,1000,1000,880,880,880,880,880,1000,1600,1000,1000,1000,1000,1300,1000,1000,1000,1000,1000,1000,1000,590,720,720,720,720,590,590,590,720,720,880,880,590,720,590,720,720,590,590,590,590,590,720
"photo mein photo",140,"stable -7%","-7%",35,"0.01","N/A",No,"Length: Body (3–4 words) · Seasonality: Evergreen",260,170,210,170,170,210,210,210,210,210,480,480,320,210,210,170,170,210,170,210,210,210,170,140,140,140,110,110,170,170,210,210,210,320,210,210,140,140,170,110,140,170,140,110,140,140,140,140
"photo se photo",70,"declining -26%","-26%",31,"0.01","N/A",No,"Length: Body (3–4 words) · Seasonality: Evergreen",70,70,70,70,90,90,70,70,70,90,70,70,70,50,50,50,90,70,90,50,50,70,50,40,70,50,70,70,70,90,50,70,70,70,50,90,70,90,70,50,90,90,70,70,40,70,50,50
"data exif photo",10,"stable 0%","0%",17,"0","N/A",No,"Length: Body (3–4 words) · Seasonality: Evergreen",20,10,10,10,10,20,20,10,10,10,40,40,10,20,10,10,10,10,0,10,10,10,10,10,10,10,10,10,10,10,10,10,10,10,10,10,10,10,10,10,10,10,10,10,10,10,10,10
"my photos photos",368000,"stable 0%","0%",88,"0.05","$0.91",No,"Length: Body (3–4 words) · Seasonality: Evergreen",368000,368000,301000,301000,301000,368000,368000,368000,301000,301000,301000,301000,301000,301000,301000,301000,301000,301000,246000,301000,301000,301000,301000,301000,246000,246000,301000,246000,301000,301000,246000,246000,246000,301000,368000,368000,368000,368000,368000,301000,301000,368000,301000,368000,301000,368000,368000,368000
"image exif metadata",20,"declining -38%","-38%",22,"0.01","N/A",No,"Length: Body (3–4 words) · Seasonality: Evergreen",20,20,20,30,10,20,20,30,10,10,20,30,30,20,10,30,10,20,30,10,20,20,10,20,20,20,20,30,20,30,10,20,40,20,20,30,20,40,20,20,10,30,20,20,20,10,20,20
"photo and photo",2900,"stable -19%","-19%",56,"0.03","$2.38",No,"Length: Body (3–4 words) · Seasonality: Peaks in August",33100,27100,18100,14800,18100,18100,14800,14800,14800,6600,6600,6600,4400,3600,3600,3600,3600,3600,3600,3600,3600,3600,3600,3600,3600,3600,3600,3600,3600,3600,2900,3600,3600,3600,3600,3600,3600,3600,3600,2900,2900,3600,2900,2900,2900,2900,2900,2900
"photo the photo",880,"stable 5%","+5%",48,"0.02","N/A",No,"Length: Body (3–4 words) · Seasonality: Evergreen",480,480,480,480,480,390,390,480,590,480,880,1300,1300,1900,1000,1000,1300,1000,1300,1300,1300,1000,880,1000,1000,880,880,880,1000,1000,880,1000,1000,1000,880,880,880,880,880,880,1000,1000,880,1000,880,1000,880,880
"tool photos",1900,"stable -6%","-6%",54,"0.01","$0.69",No,"Length: Head (1–2 words) · Seasonality: Peaks in October",1000,1600,2400,1900,1300,1300,1300,1300,1300,1300,1300,1300,1600,1600,3600,2400,1300,1600,1600,1300,1300,1600,1600,1600,1300,1600,3600,2400,1600,1600,1600,1600,1600,1600,1600,1900,1600,1600,1900,1900,1900,1900,1900,1900,1600,1600,1600,1600
"photo in the photo",170,"growing 102%","+102%",37,"0","N/A",No,"Length: Body (3–4 words) · Seasonality: Peaks in July",10,10,20,50,70,70,30,40,40,50,50,70,40,40,70,40,50,40,50,10,10,10,10,20,20,10,30,40,40,30,20,40,30,50,40,70,140,140,140,170,140,140,110,170,170,210,320,320
"photo ki image",70,"stable -9%","-9%",31,"0","N/A",No,"Length: Body (3–4 words) · Seasonality: Evergreen",70,90,70,50,50,70,40,50,70,70,50,50,50,90,30,50,50,50,40,50,50,70,70,50,70,40,50,50,50,50,50,70,70,50,50,70,70,90,70,70,70,70,70,70,50,70,70,70
"image google photos",260,"declining -24%","-24%",40,"0","N/A",No,"Length: Body (3–4 words) · Seasonality: Evergreen",880,880,720,880,880,1000,880,720,880,880,880,1000,1000,1000,880,720,720,880,720,720,480,590,590,590,590,390,390,390,480,390,390,390,260,480,390,590,320,320,260,320,210,260,260,260,210,210,260,210
"upload apple photos to google photos",20,"stable -17%","-17%",22,"0","N/A",No,"Contains: to google photos · Contains: photos to google · Length: Long tail (5+ words) · Seasonality: Evergreen",50,50,50,50,40,70,30,40,50,40,40,40,50,40,40,40,40,50,40,40,50,70,40,40,30,30,30,30,40,40,20,30,20,30,30,30,20,20,20,30,20,30,20,20,20,20,20,10
"add photo with photo",10,"declining -40%","-40%",17,"0.04","N/A",No,"Length: Body (3–4 words) · Seasonality: Evergreen",10,10,20,10,20,20,10,10,20,20,20,20,20,20,10,20,20,20,30,30,10,20,10,20,10,30,40,20,30,40,20,10,20,20,20,20,20,10,20,10,10,10,10,10,10,10,10,10
"all photo all photo",12100,"stable 0%","0%",67,"0.02","$0.19",No,"Length: Body (3–4 words) · Seasonality: Evergreen",18100,18100,18100,18100,18100,18100,14800,18100,18100,18100,18100,18100,18100,18100,18100,18100,18100,18100,14800,18100,14800,14800,14800,14800,14800,12100,14800,12100,12100,12100,12100,12100,12100,12100,12100,12100,12100,14800,12100,12100,12100,12100,12100,14800,12100,12100,12100,14800
"create photo free",260,"growing 23%","+23%",18,"0.55","$1.72",No,"Length: Body (3–4 words) · Seasonality: Evergreen",90,90,90,90,90,110,110,110,110,140,110,140,140,170,140,170,210,210,210,210,210,170,170,140,210,170,210,210,210,210,210,210,210,260,210,260,210,260,260,260,260,260,320,260,320,320,320,260
"photo ki photo",480,"stable 0%","0%",45,"0","N/A",No,"Length: Body (3–4 words) · Seasonality: Evergreen",1300,1300,880,720,880,880,720,880,720,590,590,590,590,720,720,720,720,880,720,720,720,720,880,720,480,480,480,480,480,480,480,480,480,480,590,480,480,480,480,480,390,390,320,390,390,480,480,480
"image add on image",170,"growing 329%","+329%",36,"0.04","$0.42",No,"Length: Body (3–4 words) · Seasonality: Peaks in April",20,30,30,20,20,30,20,30,30,50,40,30,40,40,30,20,30,20,50,30,30,50,40,50,50,50,50,50,70,70,50,90,90,90,90,70,70,50,50,90,140,140,170,210,320,260,260,210
"image add in image",590,"declining -43%","-43%",43,"0.07","$0.31",No,"Length: Body (3–4 words) · Seasonality: Evergreen",40,40,50,70,50,40,50,90,70,70,90,90,140,140,140,170,260,320,260,390,320,140,320,720,390,170,320,480,590,390,390,320,390,590,720,590,1000,1000,880,210,320,590,720,480,480,590,720,320
"add image onto image",9900,"stable -18%","-18%",63,"0.06","$0.96",No,"Length: Body (3–4 words) · Seasonality: Evergreen",4400,4400,4400,4400,5400,5400,4400,5400,5400,5400,5400,6600,6600,5400,6600,6600,8100,8100,6600,8100,8100,8100,8100,8100,8100,8100,9900,8100,9900,9900,9900,9900,9900,9900,9900,9900,9900,9900,9900,9900,9900,9900,9900,9900,8100,8100,8100,8100
"create a photo with multiple photos",70,"declining -26%","-26%",11,"0.63","$1.40",No,"Contains: photo with multiple · Length: Long tail (5+ words) · Seasonality: Evergreen",140,70,70,90,110,110,90,70,70,90,90,70,70,50,90,140,110,140,90,110,90,110,90,110,110,110,110,110,140,90,90,90,90,90,90,70,70,90,70,90,110,90,70,70,70,50,50,70
"image location data",260,"declining -29%","-29%",39,"0.02","$0.85",No,"Length: Body (3–4 words) · Seasonality: Evergreen",590,480,480,480,390,480,320,480,390,480,390,390,390,390,390,320,320,320,390,320,390,390,390,390,390,390,320,320,320,320,320,320,390,480,320,390,320,320,320,260,260,260,260,260,260,260,210,210
"image location metadata",90,"declining -26%","-26%",32,"0.01","N/A",No,"Length: Body (3–4 words) · Seasonality: Evergreen",90,90,90,90,110,90,50,90,90,70,70,90,90,140,90,90,50,90,90,90,90,90,70,90,140,70,90,140,140,140,110,140,110,140,110,140,110,110,90,110,70,110,90,90,70,90,70,70
"add multiple photos",40,"stable -8%","-8%",26,"0.03","N/A",No,"Contains: add multiple photos · Length: Body (3–4 words) · Seasonality: Evergreen",70,50,40,30,40,30,30,40,40,50,40,50,40,50,40,40,40,40,40,40,50,50,50,50,40,40,40,30,40,30,30,30,30,40,40,30,40,40,40,40,40,50,30,30,30,30,30,50
"google photos images",9900,"stable -12%","-12%",67,"0","$0.85",No,"Length: Body (3–4 words) · Seasonality: Peaks in December",4400,4400,3600,4400,4400,4400,3600,4400,4400,5400,4400,5400,5400,5400,6600,5400,5400,5400,5400,5400,6600,6600,5400,6600,8100,6600,8100,12100,33100,12100,8100,9900,9900,8100,8100,9900,9900,9900,9900,12100,12100,9900,9900,8100,8100,9900,8100,8100
"add exif data to photo",90,"stable 7%","+7%",32,"0.01","N/A",No,"Length: Long tail (5+ words) · Seasonality: Evergreen",110,110,70,110,110,90,110,140,110,110,90,110,110,110,110,170,140,140,140,110,140,140,140,110,110,110,110,50,90,70,90,110,90,90,90,110,70,90,110,90,110,90,70,70,50,70,110,110
"upload photos to",50,"declining -43%","-43%",27,"0.04","N/A",No,"Length: Body (3–4 words) · Seasonality: Evergreen",70,40,70,40,50,40,50,50,50,50,50,40,40,40,40,50,70,50,50,40,50,50,50,50,50,50,70,70,70,70,70,90,70,70,50,50,70,90,70,50,50,50,50,70,50,40,50,40
"free exif",10,"growing 67%","+67%",17,"0.04","N/A",No,"Length: Head (1–2 words) · Seasonality: Evergreen",10,10,10,10,10,20,20,10,10,10,10,10,10,10,10,10,10,20,10,20,10,20,10,20,20,10,20,20,20,20,20,10,10,20,10,10,10,10,10,10,10,10,10,10,20,10,20,20
"iphone ka photo iphone ka photo",10,"growing 33%","+33%",17,"0","N/A",No,"Length: Long tail (5+ words) · Seasonality: Evergreen",10,20,10,20,20,10,10,20,20,20,10,10,10,20,20,30,20,10,10,10,30,30,20,20,30,20,30,10,30,10,10,20,20,10,20,10,10,10,10,10,10,20,10,20,10,10,10,20
"your google photos",260,"growing 37%","+37%",40,"0","N/A",No,"Length: Body (3–4 words) · Seasonality: Evergreen",170,210,170,140,170,140,170,170,170,140,170,140,110,170,170,170,140,140,110,170,110,140,110,140,140,90,140,110,140,140,140,170,140,140,140,140,170,320,210,210,210,210,210,260,260,320,320,320
"google photos use",70,"declining -58%","-58%",31,"0","N/A",No,"Length: Body (3–4 words) · Seasonality: Peaks in August",90,90,90,70,70,50,70,70,70,50,70,90,90,110,70,90,50,70,70,70,50,70,90,50,70,50,70,70,70,50,50,90,40,50,70,90,170,90,50,50,70,50,50,50,40,50,40,40
"map google photos",90,"stable -14%","-14%",32,"0.01","N/A",No,"Length: Body (3–4 words) · Seasonality: Evergreen",90,70,70,70,110,90,90,90,110,90,110,110,110,70,110,90,90,110,90,110,90,110,90,110,140,110,110,90,110,110,90,90,110,90,90,90,110,90,90,90,50,90,70,90,90,90,70,90
"photo standard",480,"stable -7%","-7%",31,"0.3","$1.73",No,"Length: Head (1–2 words) · Seasonality: Evergreen",390,480,480,480,390,390,390,390,480,590,590,720,480,720,720,480,720,590,590,590,720,880,590,480,480,480,480,480,720,720,480,480,390,390,390,480,390,480,480,480,480,480,480,480,390,480,390,390
"adding free",40,"growing 80%","+80%",26,"0.03","N/A",No,"Length: Head (1–2 words) · Seasonality: Evergreen",70,30,50,40,40,40,30,40,40,40,40,50,40,50,50,40,50,30,40,40,40,50,30,50,50,40,30,20,30,40,40,40,30,40,30,30,40,30,30,30,30,40,40,40,30,90,50,40
"photos keep",590,"stable 0%","0%",45,"0.02","$4.71",No,"Length: Head (1–2 words) · Seasonality: Evergreen",320,320,320,320,320,320,320,260,320,320,320,320,320,390,390,260,320,320,320,320,320,390,320,320,320,260,260,320,260,260,320,320,260,260,260,320,320,720,880,720,480,480,480,590,480,720,720,480
"image add photo",170,"growing 90%","+90%",36,"0.04","$0.36",No,"Length: Body (3–4 words) · Seasonality: Evergreen",30,20,70,40,50,50,50,50,40,40,30,40,30,20,20,50,40,50,50,50,50,50,70,110,140,140,210,90,90,90,90,90,70,50,90,70,90,90,110,140,210,170,170,170,140,170,170,210
"google photo free",1300,"stable 15%","+15%",51,"0.01","$1.65",No,"Length: Body (3–4 words) · Seasonality: Evergreen",1600,1300,1300,1300,1600,1600,1300,1600,1600,1600,1600,1300,1300,1300,1000,1000,1300,1300,1000,1000,1300,1300,1000,1300,1000,1000,1000,1000,1000,1000,880,1000,1000,1000,1000,1000,1300,1300,1300,1300,1300,1300,1000,1000,1300,1600,1300,1600
"google location image",140,"declining -31%","-31%",35,"0.02","$0.05",No,"Length: Body (3–4 words) · Seasonality: Evergreen",110,140,110,140,140,140,110,140,110,170,90,140,140,170,170,140,140,170,170,170,140,170,110,170,140,170,140,170,170,210,170,170,210,210,210,210,170,140,140,170,140,140,140,90,110,110,110,90
"your photo download",70,"stable 0%","0%",31,"0.01","N/A",No,"Length: Body (3–4 words) · Seasonality: Evergreen",90,90,90,90,110,110,70,40,90,70,90,70,70,50,70,70,90,110,50,70,70,70,70,50,90,50,70,50,70,70,50,30,50,50,50,70,50,70,70,70,70,40,40,90,110,70,70,50
"photo all photos",10,"growing 50%","+50%",17,"0","N/A",No,"Length: Body (3–4 words) · Seasonality: Peaks in July",20,10,10,20,10,10,10,20,10,10,30,70,40,30,30,20,50,40,30,30,10,20,20,20,20,30,20,20,20,20,10,20,20,10,10,10,10,10,20,10,10,10,10,10,10,20,20,20
"google your photo",260,"growing 37%","+37%",40,"0","N/A",No,"Length: Body (3–4 words) · Seasonality: Evergreen",170,210,170,140,170,140,170,170,170,140,170,140,110,170,170,170,140,140,110,170,110,140,110,140,140,90,140,110,140,140,140,170,140,140,140,140,170,320,210,210,210,210,210,260,260,320,320,320
"exif data on photo",110,"declining -21%","-21%",33,"0.02","N/A",No,"Length: Body (3–4 words) · Seasonality: Evergreen",140,110,110,140,140,110,90,140,140,110,110,110,110,110,140,170,140,140,110,140,110,110,90,110,110,110,140,110,110,110,110,140,110,110,90,90,90,110,140,140,90,110,90,110,110,110,90,70
"photo mobile ka photo",30,"declining -20%","-20%",25,"0","N/A",No,"Length: Body (3–4 words) · Seasonality: Evergreen",50,50,50,70,70,70,50,70,70,90,90,70,70,40,50,40,50,40,50,70,40,40,30,30,30,40,50,30,40,50,50,50,70,50,50,40,30,40,30,20,20,30,30,20,30,20,30,30
"download all my photos from google photos",210,"stable -19%","-19%",38,"0.01","$0.76",No,"Contains: from google photos · Contains: photos from google · Length: Long tail (5+ words) · Seasonality: Evergreen",210,210,210,210,210,260,210,210,170,260,260,260,210,170,260,260,260,260,260,260,260,260,260,260,260,260,260,260,210,260,210,210,210,210,210,210,210,210,210,210,210,210,210,170,170,170,170,170
"photo and location",20,"growing 175%","+175%",21,"0.06","$0.06",No,"Length: Body (3–4 words) · Seasonality: Evergreen",10,10,10,10,10,10,10,20,30,10,10,10,10,10,10,10,10,10,10,10,10,20,30,20,20,10,10,20,10,30,10,10,20,20,20,10,10,20,10,20,20,20,30,30,20,30,30,50
"photo on location",30,"declining -50%","-50%",22,"0.1","$0.07",No,"Length: Body (3–4 words) · Seasonality: Peaks in September",40,40,40,20,30,20,30,30,20,30,30,30,50,30,40,30,50,30,40,20,30,30,30,30,20,20,20,10,10,20,30,30,30,30,30,20,30,110,20,20,20,30,20,30,20,20,20,40
"photo to location",14800,"stable 6%","+6%",59,"0.15","$0.07",No,"Length: Body (3–4 words) · Seasonality: Evergreen",14800,12100,12100,12100,12100,14800,12100,14800,14800,14800,14800,18100,18100,14800,14800,12100,12100,12100,12100,14800,14800,14800,14800,14800,14800,12100,12100,12100,12100,14800,12100,14800,14800,14800,14800,14800,14800,14800,12100,12100,14800,14800,12100,14800,14800,14800,14800,14800
"ins photos",6600,"growing 41%","+41%",62,"0.02","$2.22",No,"Length: Head (1–2 words) · Seasonality: Evergreen",2900,2900,2900,2900,2900,2900,2900,2900,2900,2900,2900,2900,2900,2900,2900,2900,2900,2900,2900,3600,3600,3600,3600,4400,4400,4400,5400,4400,4400,4400,3600,4400,4400,4400,4400,4400,5400,5400,5400,5400,5400,5400,4400,6600,6600,6600,8100,8100
"location google photos",10,"declining -25%","-25%",17,"0","N/A",No,"Length: Body (3–4 words) · Seasonality: Evergreen",10,10,10,20,20,20,10,20,10,20,20,30,20,30,20,20,20,20,30,10,10,10,30,30,20,20,10,10,20,20,20,10,10,20,20,10,10,20,10,20,10,10,10,10,20,10,10,10
"photo of location",140,"growing 203%","+203%",36,"0","N/A",No,"Length: Body (3–4 words) · Seasonality: Peaks in July",50,50,70,50,70,70,50,70,50,70,90,50,50,50,70,50,50,70,70,50,50,70,70,70,70,70,70,50,70,70,70,70,70,90,70,70,90,140,70,50,70,90,90,140,110,170,260,480
"iphone photo file",70,"declining -30%","-30%",31,"0","N/A",No,"Length: Body (3–4 words) · Seasonality: Evergreen",110,90,90,90,110,110,70,90,90,90,90,90,70,90,70,70,90,110,90,110,90,110,70,90,70,70,70,140,90,70,90,70,70,90,70,70,70,90,70,50,50,50,50,70,50,40,70,50
"format jpg png",50,"stable -11%","-11%",22,"0.21","$0.24",No,"Length: Body (3–4 words) · Seasonality: Evergreen",30,40,20,30,30,50,20,40,50,40,30,40,40,20,40,40,50,50,30,40,30,50,70,30,40,50,50,20,40,40,40,40,50,50,70,50,50,70,70,50,30,50,50,40,50,70,70,30
"google photos location",1600,"stable 15%","+15%",35,"0.35","$0.06",No,"Length: Body (3–4 words) · Seasonality: Evergreen",720,590,720,720,720,1000,1000,880,720,720,880,880,880,880,880,720,880,1000,880,1000,1000,1000,1000,1000,1300,1300,1000,1000,1000,1000,1000,1300,1300,1300,1300,1600,1300,1300,1300,1300,1600,1600,1300,1600,1300,1300,1600,1600
"google photos to",50,"stable 12%","+12%",28,"0.01","N/A",No,"Contains: google photos to · Length: Body (3–4 words) · Seasonality: Evergreen",10,30,10,20,40,20,10,20,20,20,20,20,20,10,20,10,20,30,20,10,10,20,20,30,50,40,50,40,40,50,30,40,40,30,70,70,50,50,70,50,50,70,40,70,70,70,70,50
"add coordinates to image",30,"declining -62%","-62%",24,"0.05","N/A",No,"Length: Body (3–4 words) · Seasonality: Evergreen",30,30,10,10,20,20,20,20,10,20,10,20,20,20,10,10,20,30,30,30,30,20,30,30,30,50,50,70,70,40,50,50,20,20,30,30,30,50,50,20,20,20,30,20,20,20,20,10
"photo add google",10,"declining -40%","-40%",17,"0.01","N/A",No,"Length: Body (3–4 words) · Seasonality: Evergreen",30,10,10,20,20,10,10,10,20,20,20,30,30,20,20,20,20,20,30,20,10,10,10,10,10,10,10,20,20,10,10,10,10,10,10,10,10,20,20,10,20,10,10,10,10,10,10,10
"add on image",170,"stable -7%","-7%",36,"0.02","$1.03",No,"Length: Body (3–4 words) · Seasonality: Evergreen",90,70,110,70,90,90,90,140,110,90,140,110,110,110,90,90,140,110,140,140,110,140,110,110,110,140,170,140,110,140,170,140,140,170,170,170,170,210,170,170,210,170,170,170,170,170,170,170
"multiple images",2400,"declining -33%","-33%",56,"0.01","$2.46",No,"Length: Head (1–2 words) · Seasonality: Peaks in January",1900,1900,2400,3600,3600,4400,3600,2900,1900,1900,1900,1600,1900,1900,2400,3600,3600,5400,3600,2900,1900,2400,1900,1900,1900,2400,2900,3600,2900,3600,3600,2900,1900,1900,1900,1900,1900,2400,2900,2400,2400,2900,2400,1900,1600,1600,1600,1600
"no my photo",40,"stable 7%","+7%",27,"0","N/A",No,"Length: Body (3–4 words) · Seasonality: Peaks in September",20,20,20,10,10,10,10,10,10,10,10,10,10,10,10,10,10,10,10,10,10,10,10,10,10,10,10,10,10,10,10,10,10,10,10,10,20,70,50,30,20,20,20,30,20,30,50,70
"photo add software",10,"stable 0%","0%",17,"0.04","N/A",No,"Length: Body (3–4 words) · Seasonality: Evergreen",10,10,10,10,10,10,10,10,10,10,10,10,10,10,10,10,10,10,10,10,10,10,10,10,10,10,10,10,10,10,10,10,10,10,10,10,10,10,10,10,10,10,10,10,10,10,10,10
"using a photo",70,"growing 289%","+289%",31,"0","N/A",No,"Length: Body (3–4 words) · Seasonality: Peaks in July",10,10,10,10,10,10,10,10,10,10,10,10,10,10,10,10,10,10,10,10,10,10,10,10,10,10,10,10,30,30,20,20,20,30,20,20,20,30,40,40,30,50,50,40,70,70,110,170
"data from photo",30,"declining -25%","-25%",25,"0.01","N/A",No,"Length: Body (3–4 words) · Seasonality: Evergreen",50,50,30,30,50,50,50,50,50,70,40,40,40,40,40,40,30,40,30,50,50,40,40,40,40,30,30,40,30,40,40,30,40,40,30,40,20,30,30,20,30,30,20,40,30,20,20,20
"image address",1000,"declining -23%","-23%",50,"0","$0.72",No,"Length: Head (1–2 words) · Seasonality: Evergreen",880,1000,880,880,720,1000,880,1000,1000,1000,880,1000,1000,1000,1000,1000,1000,1300,1300,1000,1000,1000,1000,1000,1300,1000,1300,1000,1000,1000,1000,1000,1300,1000,1000,1300,1300,1300,1000,1000,1000,1000,1000,1000,1000,880,1000,880
"image exif data",1900,"stable 0%","0%",54,"0.01","$0.02",No,"Length: Body (3–4 words) · Seasonality: Evergreen",1900,1600,1600,1600,1600,1900,1900,1900,1900,1600,1600,1900,1600,2400,1900,1900,1900,1900,2400,1900,1900,1900,1900,1900,1900,1900,2400,1900,1900,2400,1900,1900,1900,1900,1900,1900,1900,1900,1900,1900,1900,1900,1900,2400,1900,1900,1900,1900
"images without",140,"growing 186%","+186%",36,"0","N/A",No,"Length: Head (1–2 words) · Seasonality: Peaks in December",30,30,30,30,40,30,30,40,30,50,40,40,30,30,20,30,40,30,30,40,30,50,40,30,40,30,30,40,30,30,30,30,50,40,30,30,20,70,50,50,590,320,210,70,70,210,140,50
"lite photo",720,"growing 49%","+49%",46,"0.03","$0.71",No,"Length: Head (1–2 words) · Seasonality: Evergreen",1300,1300,1300,1300,1300,1600,1900,1900,1900,1900,1600,1600,1300,1300,1000,1300,1000,880,880,880,720,720,590,590,590,590,590,480,480,480,480,480,480,480,590,480,480,590,590,720,590,590,720,590,590,880,720,880
"google photos upload photos",390,"stable -4%","-4%",43,"0","N/A",No,"Length: Body (3–4 words) · Seasonality: Peaks in February",10,10,10,10,10,20,20,10,10,20,10,10,10,20,10,10,10,20,10,10,10,20,10,10,20,20,30,30,40,20,30,110,50,90,260,320,590,70,110,110,480,320,1000,880,210,210,320,210
"watermarks free",2400,"stable 18%","+18%",50,"0.11","$0.59",No,"Length: Head (1–2 words) · Seasonality: Evergreen",2400,1900,1900,1900,1600,1900,1900,2400,1900,2400,2400,2400,2400,2400,2900,2900,2400,2900,2900,2900,2900,2900,2900,2400,2400,3600,2900,2400,1900,2400,2400,2400,1900,2400,1900,2400,1900,1900,1900,2400,2400,2400,1900,2400,2400,2400,1900,2400
"download photos to google photos",4400,"stable 0%","0%",61,"0","$1.11",No,"Contains: to google photos · Contains: photos to google · Length: Long tail (5+ words) · Seasonality: Evergreen",2900,2900,2900,2900,2900,2400,2400,2900,2400,2900,2900,2900,2900,3600,3600,3600,3600,3600,2900,3600,3600,3600,3600,3600,4400,4400,4400,3600,3600,4400,3600,4400,3600,3600,3600,4400,4400,4400,4400,3600,3600,4400,3600,4400,3600,4400,4400,4400
"google photos lightroom",110,"declining -50%","-50%",33,"0.02","N/A",No,"Length: Body (3–4 words) · Seasonality: Evergreen",320,390,320,320,390,320,260,320,320,320,260,320,320,320,320,390,390,320,260,260,260,320,390,480,320,260,260,260,260,210,170,210,170,210,170,170,170,140,110,140,140,140,90,70,110,70,70,70
"for your photo",20,"stable 17%","+17%",22,"0.02","N/A",No,"Length: Body (3–4 words) · Seasonality: Evergreen",30,30,30,10,30,20,20,30,30,20,20,30,10,30,30,20,20,30,30,30,20,10,20,10,30,10,10,20,20,20,20,20,10,10,20,20,20,10,30,10,20,20,20,20,20,20,20,30
"iphone photo file format",3600,"declining -25%","-25%",59,"0.01","$1.29",No,"Contains: photo file format · Length: Body (3–4 words) · Seasonality: Evergreen",4400,4400,4400,4400,4400,4400,4400,4400,4400,4400,4400,4400,4400,4400,5400,4400,5400,5400,4400,5400,5400,5400,4400,4400,4400,5400,5400,4400,4400,4400,4400,4400,4400,4400,4400,4400,3600,4400,3600,3600,3600,3600,3600,3600,3600,2900,2900,2900
"iphone photo gps coordinates",40,"declining -41%","-41%",26,"0.04","N/A",No,"Length: Body (3–4 words) · Seasonality: Evergreen",110,110,110,70,70,110,90,110,90,90,110,110,110,110,110,90,70,70,70,70,70,90,70,110,70,90,70,70,50,50,50,70,70,70,70,70,70,50,50,30,30,40,30,30,40,30,30,40
"photo image photo image",74000,"stable -13%","-13%",74,"0.09","$1.75",No,"Length: Body (3–4 words) · Seasonality: Evergreen",246000,201000,165000,135000,110000,165000,165000,201000,110000,110000,74000,74000,74000,74000,74000,74000,90500,90500,90500,90500,110000,135000,110000,90500,90500,90500,110000,90500,90500,90500,74000,90500,90500,90500,74000,90500,74000,90500,90500,90500,74000,90500,74000,74000,74000,74000,74000,74000
"photos works",590,"declining -38%","-38%",44,"0.04","$4.09",No,"Length: Head (1–2 words) · Seasonality: Evergreen",1000,880,880,880,880,720,880,720,880,720,720,720,720,720,720,720,720,880,720,720,590,720,590,590,720,720,880,720,720,720,720,720,720,720,590,590,590,720,720,590,590,590,590,590,480,480,390,390
"a photo image",140,"growing 25%","+25%",36,"0","N/A",No,"Length: Body (3–4 words) · Seasonality: Evergreen",210,170,170,170,170,170,170,210,170,170,210,260,210,140,170,140,110,140,140,110,110,110,70,210,170,170,110,170,140,170,110,50,140,110,260,260,110,140,110,140,140,210,140,70,90,110,170,170
"photos on file",10,"growing 33%","+33%",16,"0.06","N/A",No,"Length: Body (3–4 words) · Seasonality: Evergreen",10,10,10,10,10,10,10,10,10,10,10,20,10,10,10,10,10,10,10,10,10,10,10,20,10,10,10,20,10,10,10,10,10,10,10,10,10,10,10,10,10,10,20,10,10,10,20,10
"keep images",480,"stable -15%","-15%",45,"0","N/A",No,"Length: Head (1–2 words) · Seasonality: Evergreen",260,320,390,390,260,320,390,390,390,390,320,390,390,390,390,390,320,390,390,390,320,390,320,320,320,390,390,320,320,390,320,390,320,320,390,390,390,720,720,590,480,480,480,390,480,590,480,480
"download all photos",1900,"stable 0%","0%",55,"0","$0.80",No,"Contains: download all photos · Length: Body (3–4 words) · Seasonality: Evergreen",1900,2400,2400,1900,1900,1900,1900,2400,2400,1900,2400,1900,2400,1900,1900,1900,2400,1900,1900,1900,1600,1900,1900,1900,1900,1600,1600,1600,1600,1600,1300,1600,1300,1600,1600,1900,1900,1900,1900,1600,1600,1600,1600,1600,1600,1900,1900,1900
"files images",6600,"stable -7%","-7%",63,"0.01","$1.00",No,"Length: Head (1–2 words) · Seasonality: Peaks in December",8100,9900,8100,8100,8100,8100,8100,8100,6600,8100,8100,9900,8100,8100,8100,8100,74000,14800,14800,8100,8100,8100,8100,8100,8100,8100,8100,6600,6600,8100,6600,6600,6600,6600,8100,8100,6600,8100,6600,6600,6600,6600,6600,9900,6600,6600,6600,6600
"photos i can use",50,"stable -7%","-7%",26,"0.09","$3.67",No,"Length: Body (3–4 words) · Seasonality: Evergreen",70,50,50,50,50,70,70,50,50,50,30,40,50,50,50,50,50,70,50,50,50,50,50,50,40,40,50,50,50,40,30,50,40,40,50,30,50,50,50,50,70,40,40,40,50,50,50,40
"google photos metadata",90,"declining -34%","-34%",33,"0","N/A",No,"Length: Body (3–4 words) · Seasonality: Evergreen",170,170,140,140,260,210,140,110,140,110,110,140,140,140,140,140,170,210,140,140,140,110,170,140,110,140,110,110,140,140,110,140,140,110,140,140,110,90,90,110,140,110,90,110,90,70,50,70
"add to photo online",3600,"declining -34%","-34%",56,"0.06","$0.29",No,"Contains: to photo online · Length: Body (3–4 words) · Seasonality: Evergreen",5400,5400,5400,5400,5400,6600,5400,5400,5400,5400,5400,5400,5400,5400,5400,4400,5400,5400,5400,5400,5400,5400,4400,5400,5400,4400,5400,4400,4400,4400,3600,4400,4400,3600,3600,3600,4400,4400,3600,3600,3600,3600,3600,2900,2400,2900,2900,2400
"to save photos",390,"growing 99%","+99%",42,"0.02","$1.99",No,"Length: Body (3–4 words) · Seasonality: Evergreen",170,110,110,110,260,140,140,170,170,170,170,210,170,170,170,170,210,260,210,210,170,260,210,210,260,260,260,260,260,260,260,320,260,320,320,320,320,320,260,320,390,390,390,480,480,480,590,720
"format images",22200,"declining -23%","-23%",72,"0.01","$1.11",No,"Length: Head (1–2 words) · Seasonality: Evergreen",27100,33100,33100,33100,27100,33100,27100,33100,27100,33100,27100,22200,27100,27100,27100,33100,27100,33100,27100,33100,27100,27100,27100,27100,27100,27100,27100,27100,27100,27100,27100,27100,22200,22200,22200,22200,22200,22200,22200,22200,22200,22200,22200,22200,18100,18100,18100,14800
"photos in one photo",110,"stable 6%","+6%",33,"0.04","N/A",No,"Contains: in one photo · Contains: photos in one · Length: Body (3–4 words) · Seasonality: Evergreen",110,70,70,90,110,70,70,90,90,50,90,90,110,70,70,70,70,90,70,70,50,90,70,70,50,70,70,70,50,70,70,70,90,50,70,70,110,140,90,110,110,110,90,90,110,140,110,110
"with your photo",50,"declining -25%","-25%",28,"0.02","N/A",No,"Length: Body (3–4 words) · Seasonality: Evergreen",20,10,20,20,20,10,10,20,10,20,30,20,20,20,20,10,20,20,20,10,30,10,10,20,20,20,20,20,20,20,20,30,50,70,30,40,40,50,70,70,50,40,40,50,40,50,30,40
"one photo with multiple photos",40,"growing 25%","+25%",10,"0.62","N/A",No,"Contains: photo with multiple · Length: Long tail (5+ words) · Seasonality: Evergreen",20,20,30,30,40,90,110,90,40,70,70,110,90,30,50,30,40,30,30,20,20,30,40,50,50,40,40,50,50,70,110,110,140,50,70,30,40,30,50,30,30,40,30,30,40,70,50,30
"photo information location",10,"stable 0%","0%",17,"0","N/A",No,"Length: Body (3–4 words) · Seasonality: Peaks in April",20,30,30,30,20,10,10,10,20,10,10,20,20,10,20,20,20,30,40,30,70,40,40,20,10,10,10,10,20,20,10,10,20,10,10,10,10,10,10,10,10,10,10,10,10,10,10,10
"photo of a photo of a photo",2900,"stable -19%","-19%",56,"0.03","$2.38",No,"Contains: of a photo · Contains: photo of a · Length: Long tail (5+ words) · Seasonality: Peaks in August",33100,27100,18100,14800,18100,18100,14800,14800,14800,6600,6600,6600,4400,3600,3600,3600,3600,3600,3600,3600,3600,3600,3600,3600,3600,3600,3600,3600,3600,3600,2900,3600,3600,3600,3600,3600,3600,3600,3600,2900,2900,3600,2900,2900,2900,2900,2900,2900
"create a photo from multiple photos",70,"declining -26%","-26%",11,"0.63","$1.40",No,"Length: Long tail (5+ words) · Seasonality: Evergreen",140,70,70,90,110,110,90,70,70,90,90,70,70,50,90,140,110,140,90,110,90,110,90,110,110,110,110,110,140,90,90,90,90,90,90,70,70,90,70,90,110,90,70,70,70,50,50,70
"photo in a photo in a photo",110,"stable 3%","+3%",32,"0.05","N/A",No,"Contains: in a photo · Contains: photo in a · Length: Long tail (5+ words) · Seasonality: Evergreen",70,40,50,50,90,70,70,70,50,70,50,50,50,50,50,90,50,50,50,50,50,50,50,50,50,40,40,50,50,50,40,50,30,50,50,50,70,170,140,110,110,110,110,110,90,140,140,110
"file to photo",320,"growing 23%","+23%",37,"0.12","$0.58",No,"Length: Body (3–4 words) · Seasonality: Evergreen",90,90,110,110,90,90,90,110,140,110,110,110,170,110,140,140,140,170,170,170,210,260,210,210,210,260,260,210,210,260,260,320,320,320,260,320,260,320,260,260,260,320,260,320,320,320,320,390
"photo windows download",720,"stable -13%","-13%",47,"0.01","$1.27",No,"Length: Body (3–4 words) · Seasonality: Evergreen",880,880,880,880,880,880,720,880,880,880,720,880,720,880,880,880,880,1300,1000,880,880,880,1000,1000,880,880,880,1000,880,880,880,880,720,720,720,720,720,880,880,720,720,880,720,880,720,720,720,720
"add image photo",40,"declining -42%","-42%",26,"0.04","N/A",No,"Length: Body (3–4 words) · Seasonality: Peaks in November",30,50,40,30,30,40,40,50,50,40,40,40,50,50,70,90,70,70,90,90,90,90,90,90,110,140,260,590,390,390,390,170,70,70,70,50,70,50,70,50,40,50,30,30,30,30,30,50
"google photos is free",1300,"stable 15%","+15%",51,"0.01","$1.65",No,"Length: Body (3–4 words) · Seasonality: Evergreen",1600,1300,1300,1300,1600,1600,1300,1600,1600,1600,1600,1300,1300,1300,1000,1000,1300,1300,1000,1000,1300,1300,1000,1300,1000,1000,1000,1000,1000,1000,880,1000,1000,1000,1000,1000,1300,1300,1300,1300,1300,1300,1000,1000,1300,1600,1300,1600
"google photos for free",1300,"stable 15%","+15%",51,"0.01","$1.65",No,"Contains: google photos for · Length: Body (3–4 words) · Seasonality: Evergreen",1600,1300,1300,1300,1600,1600,1300,1600,1600,1600,1600,1300,1300,1300,1000,1000,1300,1300,1000,1000,1300,1300,1000,1300,1000,1000,1000,1000,1000,1000,880,1000,1000,1000,1000,1000,1300,1300,1300,1300,1300,1300,1000,1000,1300,1600,1300,1600
"download my photos from google photos",390,"stable 6%","+6%",41,"0.05","$1.03",No,"Contains: from google photos · Contains: photos from google · Length: Long tail (5+ words) · Seasonality: Evergreen",390,320,320,320,320,390,320,390,320,320,390,390,390,320,390,390,480,480,390,390,320,390,390,390,390,390,390,320,320,390,320,320,320,320,320,320,320,390,390,320,390,390,260,390,320,390,390,390
"images software",2400,"stable -14%","-14%",50,"0.12","$10.80",No,"Length: Head (1–2 words) · Seasonality: Evergreen",4400,4400,4400,4400,4400,5400,4400,5400,4400,5400,4400,4400,4400,4400,4400,4400,4400,5400,4400,4400,4400,4400,3600,6600,5400,4400,3600,3600,3600,3600,2900,3600,3600,2900,2400,2900,2400,3600,2400,2400,2400,2400,2400,2900,2400,2400,2400,2400
"image all image",10,"stable 0%","0%",17,"0","N/A",No,"Length: Body (3–4 words) · Seasonality: Evergreen",30,20,50,20,40,20,10,20,20,40,20,20,10,10,10,20,10,10,10,10,10,10,20,10,30,10,10,10,10,20,20,10,20,10,10,10,10,10,10,10,10,10,10,10,10,10,10,10
"photo by google",20400000,"stable 0%","0%",100,"0","$0.45",No,"Length: Body (3–4 words) · Seasonality: Evergreen",7480000,7480000,7480000,9140000,7480000,9140000,7480000,9140000,11100000,9140000,9140000,9140000,9140000,9140000,9140000,7480000,7480000,9140000,7480000,9140000,9140000,9140000,9140000,9140000,9140000,9140000,9140000,9140000,9140000,11100000,9140000,9140000,9140000,9140000,20400000,20400000,20400000,16600000,16600000,20400000,16600000,20400000,16600000,20400000,20400000,20400000,16600000,16600000
"photo with google",30,"stable 10%","+10%",25,"0.01","N/A",No,"Length: Body (3–4 words) · Seasonality: Evergreen",30,20,20,20,30,40,20,40,30,20,20,20,30,20,30,20,20,20,20,30,40,20,30,30,10,30,30,30,30,40,20,40,40,30,20,30,30,40,30,40,30,30,20,30,30,30,50,30
"iphone photo location",1600,"declining -32%","-32%",53,"0","$0.37",No,"Length: Body (3–4 words) · Seasonality: Evergreen",2400,2400,2400,1900,2400,1900,1900,1900,2400,2400,2400,2900,2400,2400,2400,1900,2400,1900,1900,2400,2400,2400,2400,2900,2400,2900,2400,1900,2400,2400,1600,1900,1900,2400,1900,1900,1900,1900,1900,1600,1600,1600,1300,1300,1300,1300,1300,1300
"online photo add photo",10,"declining -33%","-33%",15,"0.14","N/A",No,"Length: Body (3–4 words) · Seasonality: Evergreen",10,10,10,10,10,10,20,10,30,20,30,30,20,10,10,10,10,10,20,20,20,10,20,10,10,10,10,10,10,10,10,10,10,10,10,10,10,10,10,10,10,10,10,10,10,10,0,10
"my photos all photos",74000,"stable 0%","0%",76,"0.06","$0.62",No,"Length: Body (3–4 words) · Seasonality: Evergreen",74000,90500,60500,74000,74000,90500,90500,90500,90500,90500,74000,74000,74000,90500,90500,74000,74000,74000,74000,60500,74000,74000,74000,74000,74000,74000,90500,60500,60500,60500,49500,60500,49500,49500,60500,74000,74000,74000,74000,74000,74000,74000,60500,74000,74000,74000,74000,74000
"exif image location",10,"declining -25%","-25%",17,"0.02","N/A",No,"Length: Body (3–4 words) · Seasonality: Evergreen",40,40,30,40,50,40,40,30,20,20,30,20,30,70,40,30,40,20,20,30,20,10,20,10,10,10,20,20,10,20,10,20,20,10,10,20,20,10,10,10,10,20,10,10,10,10,10,10
"online photo add in photo",10,"declining -71%","-71%",9,"N/A","N/A",No,"Contains: add in photo · Length: Long tail (5+ words) · Seasonality: Peaks in November",30,30,70,90,50,70,10,30,20,10,10,10,10,10,20,30,20,30,20,40,20,30,20,30,20,20,20,20,40,40,20,10,30,10,20,10,30,20,20,20,40,10,10,10,10,10,10,0
"images with exif data",140,"declining -27%","-27%",36,"0","N/A",No,"Length: Body (3–4 words) · Seasonality: Evergreen",170,210,210,170,170,140,210,210,210,210,170,170,170,170,210,210,210,170,210,210,210,170,210,170,140,140,170,210,170,170,140,210,170,140,170,170,140,170,140,140,140,140,140,110,90,110,110,110
"file exif",50,"stable -6%","-6%",28,"0.01","N/A",No,"Length: Head (1–2 words) · Seasonality: Evergreen",50,40,70,70,70,50,50,70,70,50,110,50,70,70,90,50,70,110,70,50,70,90,90,70,70,70,90,110,110,70,90,70,70,50,50,70,50,70,50,50,50,40,40,70,70,70,50,40
"no exif",170,"stable 14%","+14%",37,"0","N/A",No,"Length: Head (1–2 words) · Seasonality: Evergreen",210,210,260,260,260,210,170,210,210,210,210,320,260,260,210,210,260,210,210,210,210,210,260,320,170,210,170,210,260,260,210,170,170,170,170,170,170,140,110,170,170,210,110,170,140,140,170,170
"works photos",4400,"stable -18%","-18%",60,"0.02","$12.20",No,"Length: Head (1–2 words) · Seasonality: Evergreen",3600,4400,3600,4400,3600,4400,3600,4400,3600,4400,3600,4400,4400,4400,4400,4400,3600,4400,4400,4400,4400,4400,4400,4400,4400,4400,4400,4400,3600,4400,3600,4400,4400,3600,3600,4400,4400,4400,4400,4400,3600,4400,3600,3600,3600,3600,3600,3600
"photo batch",140,"stable -14%","-14%",35,"0.03","N/A",No,"Length: Head (1–2 words) · Seasonality: Peaks in November",110,140,110,90,140,140,90,140,110,320,140,90,110,480,110,1000,110,140,140,110,140,110,90,110,110,90,110,140,110,110,110,110,140,110,110,110,140,140,140,140,140,140,110,110,140,140,110,110
"photo google photo google",70,"growing 21%","+21%",31,"0","N/A",No,"Length: Body (3–4 words) · Seasonality: Evergreen",10,10,10,20,10,10,10,20,10,10,10,20,20,20,10,40,30,40,40,30,20,40,20,40,30,30,40,20,50,40,30,40,40,40,50,70,50,70,70,70,70,90,70,70,70,90,70,70
"google photos private photos",110,"stable -17%","-17%",34,"0","N/A",No,"Length: Body (3–4 words) · Seasonality: Peaks in January",20,20,20,20,10,20,20,40,10,30,20,20,20,30,20,50,30,20,20,20,10,20,10,10,10,10,10,20,50,50,50,210,50,70,40,70,40,50,90,90,260,320,90,90,70,70,50,30
"iphone photos to google photos",170,"declining -39%","-39%",37,"0","N/A",No,"Contains: to google photos · Contains: photos to google · Length: Long tail (5+ words) · Seasonality: Evergreen",320,390,390,390,390,390,320,320,320,320,260,320,320,320,320,320,320,320,260,260,260,260,320,320,320,320,320,260,320,320,210,260,260,260,210,210,210,210,170,170,210,170,140,140,140,140,110,110
"exif metadata location",20,"declining -29%","-29%",20,"0.07","N/A",No,"Length: Body (3–4 words) · Seasonality: Peaks in September",50,90,70,70,70,70,30,30,20,30,40,30,40,50,30,40,20,20,30,20,20,20,30,50,40,40,30,30,30,40,20,20,40,20,50,20,20,30,20,20,20,30,20,10,20,20,20,10
"google photos search your photos",390,"growing 30%","+30%",43,"0","N/A",No,"Length: Long tail (5+ words) · Seasonality: Evergreen",70,50,40,50,40,50,70,70,50,90,40,40,30,40,30,30,40,50,50,50,30,40,70,70,140,90,90,50,40,50,50,170,170,170,170,170,170,480,320,390,480,480,390,390,320,390,390,480
"listing photo",720,"stable 14%","+14%",42,"0.12","$9.86",No,"Length: Head (1–2 words) · Seasonality: Evergreen",720,720,720,590,590,720,590,720,590,720,590,590,590,590,720,590,590,720,590,720,720,720,880,590,720,720,590,590,480,590,590,880,880,1000,880,720,720,880,720,590,590,720,590,880,1000,880,880,880
"private photos in google photos",390,"growing 244%","+244%",43,"0","N/A",No,"Contains: in google photos · Contains: photos in google · Length: Long tail (5+ words) · Seasonality: Evergreen",590,590,480,590,480,590,480,590,480,590,590,590,590,480,590,590,590,720,590,590,590,590,390,320,320,260,320,260,320,320,210,260,260,260,210,260,210,210,210,210,210,320,260,320,260,390,1300,480
"iphone photo image",110,"declining -36%","-36%",34,"0","N/A",No,"Length: Body (3–4 words) · Seasonality: Evergreen",260,320,210,170,260,140,140,170,170,170,210,260,210,140,170,140,210,170,170,140,170,210,140,170,140,170,110,170,110,110,110,110,110,110,140,140,110,170,110,90,110,110,90,110,110,110,70,70
"photo to data",30,"declining -33%","-33%",24,"0.05","N/A",No,"Length: Body (3–4 words) · Seasonality: Evergreen",20,20,30,30,30,30,30,30,30,20,20,30,20,20,30,30,30,50,50,50,50,50,30,40,40,40,50,50,40,50,50,50,40,50,30,40,40,30,50,30,40,30,30,30,30,30,30,20
"photo of data",70,"declining -24%","-24%",31,"0","N/A",No,"Length: Body (3–4 words) · Seasonality: Evergreen",40,40,40,50,40,50,50,40,70,50,70,50,70,50,50,40,50,50,70,70,40,70,30,50,70,70,70,70,50,70,70,70,90,90,70,50,90,90,70,70,50,70,70,40,40,90,50,50
"google file photo",390,"growing 107%","+107%",42,"0.02","$0.25",No,"Length: Body (3–4 words) · Seasonality: Peaks in June",40,30,30,50,30,30,30,40,30,30,30,40,40,70,50,50,40,40,50,50,50,50,50,40,50,30,50,40,40,40,50,70,90,70,170,140,170,320,260,390,320,260,210,320,480,480,590,480
"lightroom apple photos",50,"declining -47%","-47%",28,"0","N/A",No,"Length: Body (3–4 words) · Seasonality: Evergreen",90,110,110,110,110,140,90,90,90,90,110,90,110,90,110,110,140,110,70,90,90,110,110,110,110,90,90,110,110,70,50,70,50,70,70,50,70,50,50,70,70,40,30,30,30,30,30,30
"add multiple photos in one photo",70,"declining -70%","-70%",23,"0.24","$1.43",No,"Contains: in one photo · Contains: photos in one · Contains: multiple photos in · Contains: add multiple photos · Length: Long tail (5+ words) · Seasonality: Evergreen",70,90,90,70,90,110,110,70,70,70,90,170,210,140,140,140,90,70,90,140,170,140,140,110,140,110,140,110,110,170,110,70,90,70,70,70,70,90,70,110,110,90,70,70,70,20,20,30
"free software for photos",480,"declining -38%","-38%",19,"0.57","$2.29",No,"Length: Body (3–4 words) · Seasonality: Evergreen",720,720,720,720,720,720,720,880,720,720,720,590,720,880,720,1000,720,880,720,720,720,880,880,880,590,720,590,720,720,720,720,880,720,720,590,720,480,590,590,390,480,480,390,480,390,390,320,320
"photo data",1300,"declining -26%","-26%",48,"0.08","$3.74",No,"Length: Head (1–2 words) · Seasonality: Evergreen",1600,1900,1900,1900,1600,1900,1600,1900,1600,1600,1600,1600,1600,1600,1900,1900,1600,1600,1600,1900,1900,1600,1600,1600,1600,1600,1600,1600,1600,1600,1600,1600,1600,1600,1000,1300,1300,1300,1300,1300,1300,1300,1000,1000,1300,1000,1000,880
"apple photos software",60500,"declining -90%","-90%",80,"0","$2.01",No,"Length: Body (3–4 words) · Seasonality: Evergreen",4400,4400,4400,4400,4400,4400,6600,8100,9900,12100,12100,14800,9900,6600,8100,8100,8100,9900,8100,8100,6600,6600,6600,9900,12100,22200,18100,18100,22200,40500,60500,60500,74000,74000,90500,90500,90500,135000,110000,90500,49500,110000,110000,40500,12100,12100,12100,9900
"exif data of image",40,"declining -38%","-38%",27,"0.01","N/A",No,"Length: Body (3–4 words) · Seasonality: Evergreen",50,40,40,50,50,50,50,50,50,70,40,30,30,110,40,40,30,40,50,40,50,50,50,50,50,50,50,30,40,70,50,90,50,50,50,50,40,50,70,30,40,40,40,40,40,40,30,30
"photos at google",201000,"stable 0%","0%",88,"0","$0.97",No,"Length: Body (3–4 words) · Seasonality: Evergreen",201000,201000,201000,201000,201000,201000,201000,201000,201000,201000,201000,201000,201000,201000,201000,201000,201000,201000,201000,201000,201000,201000,201000,201000,201000,201000,201000,201000,201000,201000,201000,201000,201000,201000,201000,201000,201000,201000,246000,201000,201000,201000,201000,201000,201000,246000,201000,201000
"photos get",170,"declining -56%","-56%",35,"0.05","N/A",No,"Length: Head (1–2 words) · Seasonality: Evergreen",170,210,170,210,170,140,170,210,210,210,210,210,170,210,170,170,170,170,170,260,210,210,140,170,140,140,210,170,170,170,170,210,210,170,170,320,320,170,210,170,170,170,170,140,140,110,110,90
"pictures my photos",49500,"growing 107%","+107%",77,"0.02","$1.12",No,"Length: Body (3–4 words) · Seasonality: Evergreen",27100,49500,49500,18100,40500,27100,14800,12100,18100,18100,12100,9900,12100,9900,9900,8100,8100,9900,9900,9900,8100,8100,8100,8100,8100,9900,8100,8100,8100,9900,8100,9900,9900,14800,14800,22200,27100,33100,40500,33100,33100,49500,49500,60500,60500,74000,74000,60500
"geotag photos android",390,"growing 23%","+23%",41,"0.06","$0.16",No,"Length: Body (3–4 words) · Seasonality: Evergreen",260,210,210,210,210,210,210,140,170,260,260,390,260,320,210,170,210,260,260,170,170,210,260,260,260,260,260,260,210,260,260,260,260,260,320,260,320,390,390,390,390,320,260,320,320,390,480,480
"photo taken",14800,"declining -54%","-54%",67,"0.03","$1.20",No,"Length: Head (1–2 words) · Seasonality: Peaks in September",14800,14800,14800,14800,14800,14800,12100,14800,14800,14800,14800,14800,12100,12100,14800,14800,12100,12100,12100,12100,12100,12100,12100,12100,12100,12100,12100,12100,12100,12100,12100,12100,12100,14800,12100,12100,12100,49500,18100,14800,14800,14800,12100,12100,12100,14800,12100,9900
"apple photo file format",390,"declining -29%","-29%",43,"0.01","N/A",No,"Contains: photo file format · Length: Body (3–4 words) · Seasonality: Evergreen",590,590,480,480,480,590,390,480,390,480,480,480,590,480,590,590,590,590,590,590,590,590,480,480,480,590,590,480,480,480,390,480,390,480,480,480,480,390,390,390,320,390,390,320,320,320,260,320
"give me your photos",480,"stable 7%","+7%",45,"0","N/A",No,"Length: Body (3–4 words) · Seasonality: Evergreen",390,480,390,390,320,390,320,390,320,390,320,390,320,390,390,390,320,390,320,390,390,390,480,390,390,320,320,320,390,390,320,390,390,390,480,480,480,480,390,390,390,480,390,480,390,480,480,480
"your photo on",40,"stable 18%","+18%",24,"0.11","N/A",No,"Length: Body (3–4 words) · Seasonality: Evergreen",70,40,50,50,50,70,30,40,40,50,50,40,40,50,40,40,40,50,40,40,20,30,40,30,40,50,40,40,40,40,30,40,20,40,30,30,30,40,40,50,50,50,30,30,40,40,40,50
"google photos tools",170,"declining -24%","-24%",36,"0.04","$1.94",No,"Length: Body (3–4 words) · Seasonality: Peaks in October",170,140,260,210,210,170,210,260,210,320,260,260,320,260,390,320,260,210,210,210,210,260,210,210,210,210,590,260,260,210,170,140,170,140,170,170,170,210,170,170,140,140,140,140,140,140,140,140
"all image",6600,"stable 8%","+8%",64,"0","$0.85",No,"Length: Head (1–2 words) · Seasonality: Evergreen",9900,9900,12100,9900,9900,9900,8100,8100,8100,8100,8100,8100,8100,8100,6600,5400,6600,9900,6600,8100,6600,6600,5400,5400,5400,5400,5400,5400,5400,5400,5400,5400,5400,5400,5400,6600,6600,6600,6600,6600,6600,6600,6600,6600,6600,6600,6600,8100
"photo of files",1600,"stable 14%","+14%",34,"0.37","$0.51",No,"Length: Body (3–4 words) · Seasonality: Evergreen",390,390,390,390,320,480,480,480,390,480,590,590,590,590,590,590,590,590,720,720,720,720,720,720,880,880,880,880,880,880,880,1000,880,1300,1300,1000,1300,1600,1300,1600,1300,1300,1300,1300,1300,1600,1600,1600
"this is your photo",40,"declining -53%","-53%",27,"0","N/A",No,"Length: Body (3–4 words) · Seasonality: Evergreen",50,50,30,20,20,30,40,50,70,40,40,40,30,50,50,50,30,40,30,40,40,30,50,30,50,30,20,40,40,40,50,50,40,40,30,40,50,70,50,40,30,40,30,20,20,30,20,30
"using image",12100,"declining -28%","-28%",68,"0","$0.99",No,"Length: Head (1–2 words) · Seasonality: Evergreen",18100,18100,18100,18100,18100,18100,18100,22200,18100,22200,18100,18100,18100,18100,22200,22200,18100,22200,22200,22200,22200,22200,18100,22200,18100,22200,18100,18100,18100,18100,18100,22200,18100,18100,18100,18100,14800,14800,14800,14800,12100,12100,12100,12100,12100,12100,9900,9900
"add photo in image",1000,"stable 9%","+9%",46,"0.08","$0.38",No,"Length: Body (3–4 words) · Seasonality: Evergreen",590,480,590,480,720,720,590,720,590,720,590,720,720,720,590,590,720,720,590,590,590,590,590,720,720,590,720,590,720,720,720,720,720,720,720,720,880,880,1000,1000,1000,1000,880,1000,1000,1000,1000,1000
"any pics",1600,"growing 1333%","+1333%",53,"0","N/A",No,"Length: Head (1–2 words) · Seasonality: Peaks in July",320,260,260,260,260,320,260,260,260,260,260,260,320,260,210,210,260,260,140,260,210,260,260,260,320,260,260,260,210,210,260,260,260,260,260,320,260,320,320,320,480,590,880,1300,1600,1900,4400,6600
"add photo to photo online free",90,"stable 0%","0%",30,"0.08","$0.40",No,"Contains: add photo to · Contains: photo online free · Contains: photo to photo · Contains: to photo online · Length: Long tail (5+ words) · Seasonality: Evergreen",30,40,20,50,40,20,20,40,20,30,40,50,50,70,70,70,90,70,90,110,170,70,210,170,210,210,260,260,170,210,170,110,70,70,50,40,70,110,90,70,90,70,70,90,110,90,90,90
"add photo on photo online free",30,"stable -13%","-13%",23,"0.08","N/A",No,"Contains: photo online free · Length: Long tail (5+ words) · Seasonality: Peaks in December",70,10,10,30,70,20,20,20,20,10,20,10,10,10,10,10,10,10,10,20,20,10,10,10,20,20,20,20,10,10,10,10,10,10,20,10,20,40,20,20,40,10,20,40,20,30,20,20
"processing images",3600,"declining -56%","-56%",59,"0","N/A",No,"Length: Head (1–2 words) · Seasonality: Peaks in May",4400,4400,5400,5400,4400,4400,4400,5400,4400,5400,4400,4400,4400,4400,5400,5400,4400,4400,4400,4400,4400,4400,3600,3600,3600,4400,4400,3600,2900,3600,3600,4400,22200,40500,5400,4400,4400,6600,4400,3600,2900,2900,3600,4400,3600,2400,2400,1900
"my photo photos",110,"growing 133%","+133%",32,"0.05","$2.05",No,"Length: Body (3–4 words) · Seasonality: Evergreen",70,50,50,70,110,70,40,50,50,70,90,70,70,50,50,90,90,70,50,50,70,50,70,70,70,50,70,90,70,70,90,90,50,90,90,90,70,70,70,110,140,110,110,50,110,140,140,210
"photo by image",40,"declining -54%","-54%",26,"0.05","N/A",No,"Length: Body (3–4 words) · Seasonality: Evergreen",20,20,10,20,20,20,30,30,20,20,20,20,20,10,20,20,30,20,30,20,20,20,40,20,40,30,20,20,50,50,50,50,40,30,50,30,50,40,40,30,50,40,40,40,20,30,10,20
"photo ki quality",90,"growing 94%","+94%",30,"0.07","$0.17",No,"Length: Body (3–4 words) · Seasonality: Evergreen",10,10,20,10,30,40,30,20,30,50,30,50,40,70,30,40,30,40,50,30,30,30,30,30,30,20,40,30,40,40,40,30,20,30,50,50,50,70,40,50,50,90,110,90,90,90,110,110
"photo to image",22200,"stable -7%","-7%",70,"0.04","$2.18",No,"Length: Body (3–4 words) · Seasonality: Evergreen",27100,27100,27100,27100,27100,27100,22200,27100,27100,27100,22200,22200,22200,22200,22200,22200,22200,22200,22200,27100,22200,27100,27100,27100,22200,22200,22200,22200,22200,22200,22200,22200,22200,22200,22200,22200,22200,27100,22200,22200,22200,22200,22200,22200,22200,22200,22200,22200
"google photos download photos",2900,"growing 96%","+96%",58,"0","$1.44",No,"Contains: google photos download · Length: Body (3–4 words) · Seasonality: Evergreen",3600,2900,2900,2900,2900,3600,2900,2900,2900,2900,2900,3600,2900,2900,2900,2900,3600,3600,2900,2900,2900,2900,2900,3600,3600,3600,2900,2900,2900,2900,2400,2400,1900,2400,2400,1900,1900,2400,2400,1900,2400,2900,2900,4400,1900,2900,6600,3600
"my photo with",90,"growing 81%","+81%",32,"0.01","N/A",No,"Length: Body (3–4 words) · Seasonality: Peaks in July",40,30,20,10,20,10,20,20,10,30,20,20,30,10,10,20,20,20,30,30,30,40,30,30,20,20,20,10,30,20,20,40,50,20,30,70,70,140,50,50,70,50,50,50,70,90,170,210
"photo in high quality",170,"stable -6%","-6%",33,"0.12","$0.72",No,"Length: Body (3–4 words) · Seasonality: Evergreen",20,20,30,40,50,50,40,40,50,50,40,90,110,110,140,170,140,110,140,140,110,140,110,140,170,170,140,140,140,170,170,210,170,210,210,260,170,170,170,170,170,210,170,170,170,170,140,170
"apple photo map",110,"stable -8%","-8%",34,"0","N/A",No,"Length: Body (3–4 words) · Seasonality: Evergreen",90,70,90,70,70,70,50,70,70,90,70,90,90,90,90,90,90,70,110,110,90,110,110,140,110,140,170,170,210,170,140,170,170,170,140,170,140,110,110,90,90,90,90,110,90,110,110,110
"multiple photos into one photo",480,"declining -24%","-24%",31,"0.3","$1.28",No,"Length: Long tail (5+ words) · Seasonality: Evergreen",1600,1600,1600,1300,1600,1600,1300,1600,1600,1600,1300,1300,1300,1300,1300,1000,1300,1600,1000,1000,1000,880,1000,1000,1000,880,880,1000,880,880,880,720,720,590,590,590,590,590,590,590,590,480,480,480,390,480,480,390
"apple google photos",170,"stable -18%","-18%",37,"0","N/A",No,"Length: Body (3–4 words) · Seasonality: Evergreen",260,320,210,260,260,210,210,260,210,260,260,320,260,260,260,260,260,210,170,210,260,210,210,320,260,260,260,210,210,210,170,170,140,170,140,170,170,170,170,170,170,210,140,140,140,140,140,140
"google photos maps",1600,"stable -16%","-16%",53,"0.01","$0.08",No,"Length: Body (3–4 words) · Seasonality: Evergreen",2400,1900,1900,1900,1900,2400,1900,2400,2400,2400,2400,2400,2900,2400,2400,2400,2400,2900,2400,2400,2900,2900,2400,2900,3600,2900,2900,2900,2400,2400,2400,2400,2400,2400,1900,1900,1900,1900,1900,1600,1900,1600,1300,1600,1600,1600,1600,1600
"photo gallery ka photo",10,"stable 0%","0%",17,"0","N/A",No,"Length: Body (3–4 words) · Seasonality: Evergreen",10,10,10,10,10,10,10,10,10,10,10,10,10,10,10,10,10,10,10,10,10,10,10,10,10,10,10,10,10,10,10,10,10,10,10,10,10,10,10,10,10,10,10,10,10,10,10,10
"add metadata to image",260,"stable 7%","+7%",40,"0.01","N/A",No,"Length: Body (3–4 words) · Seasonality: Evergreen",210,170,170,140,140,140,140,170,140,140,170,170,170,170,210,210,140,210,170,170,170,210,170,170,170,210,210,260,170,170,140,210,140,170,210,210,170,260,260,260,260,320,260,320,320,320,210,210
"upload multiple photos",50,"stable -12%","-12%",23,"0.19","$1.49",No,"Length: Body (3–4 words) · Seasonality: Evergreen",50,70,50,90,70,70,50,50,70,70,50,50,50,70,70,50,50,70,50,50,70,70,40,50,70,40,70,40,90,50,50,90,90,70,90,70,50,70,50,40,40,30,40,40,50,50,50,50
"download photos in google photos",60500,"stable -18%","-18%",79,"0.01","$0.24",No,"Contains: in google photos · Contains: photos in google · Length: Long tail (5+ words) · Seasonality: Evergreen",60500,49500,49500,49500,49500,49500,49500,49500,49500,49500,49500,49500,49500,49500,49500,49500,60500,60500,49500,49500,49500,49500,49500,49500,49500,49500,49500,49500,49500,49500,40500,49500,40500,40500,60500,60500,60500,60500,60500,74000,60500,60500,49500,74000,60500,49500,49500,49500
"photo jpg file",110,"stable 0%","0%",30,"0.12","$0.29",No,"Length: Body (3–4 words) · Seasonality: Peaks in May",140,210,210,170,210,260,260,320,390,590,50,70,90,110,90,50,70,90,90,70,50,70,70,70,90,90,90,50,50,70,90,90,90,90,70,110,90,140,110,140,110,110,140,110,110,90,110,140
"get your image",30,"stable -11%","-11%",24,"0.02","N/A",No,"Length: Body (3–4 words) · Seasonality: Evergreen",10,10,10,20,10,20,10,20,10,20,10,20,20,30,20,20,10,20,30,30,40,40,30,20,30,30,30,30,30,50,20,30,30,40,30,20,30,40,20,20,30,30,30,30,20,30,30,20
"my photo file",90,"stable 19%","+19%",31,"0.06","$0.13",No,"Length: Body (3–4 words) · Seasonality: Evergreen",90,90,110,90,110,140,90,90,110,90,110,90,140,140,110,90,70,90,90,70,90,90,70,90,70,90,90,40,50,90,110,90,90,70,90,90,110,90,70,90,90,110,90,90,90,90,90,140
"download all photos from google photos",2400,"declining -23%","-23%",56,"0","$0.77",No,"Contains: download all photos · Contains: from google photos · Contains: photos from google · Length: Long tail (5+ words) · Seasonality: Evergreen",3600,3600,3600,3600,4400,4400,3600,3600,3600,3600,3600,4400,4400,3600,4400,4400,4400,5400,4400,4400,4400,4400,4400,5400,5400,4400,4400,3600,4400,4400,3600,3600,2900,2900,2900,2900,2900,2900,2900,2900,2900,2900,2400,2400,1900,2400,1900,2400
"photos click",5400,"stable -6%","-6%",58,"0.07","$0.31",No,"Length: Head (1–2 words) · Seasonality: Evergreen",3600,3600,3600,3600,3600,3600,3600,3600,3600,4400,3600,4400,4400,4400,4400,4400,5400,5400,4400,5400,5400,5400,5400,4400,4400,4400,5400,4400,5400,5400,4400,4400,4400,4400,4400,4400,5400,5400,5400,4400,5400,5400,4400,5400,5400,5400,5400,4400
"upload multiple pictures",10,"growing 33%","+33%",16,"0.1","$1.90",No,"Length: Body (3–4 words) · Seasonality: Evergreen",40,30,30,20,30,30,20,30,20,30,30,20,30,20,30,20,20,20,20,20,20,20,20,10,20,20,10,20,20,10,20,20,20,20,20,10,10,10,10,10,10,10,10,10,10,10,10,20
"image photo photo",74000,"stable -13%","-13%",74,"0.09","$1.75",No,"Length: Body (3–4 words) · Seasonality: Evergreen",246000,201000,165000,135000,110000,165000,165000,201000,110000,110000,74000,74000,74000,74000,74000,74000,90500,90500,90500,90500,110000,135000,110000,90500,90500,90500,110000,90500,90500,90500,74000,90500,90500,90500,74000,90500,74000,90500,90500,90500,74000,90500,74000,74000,74000,74000,74000,74000
"photos you",1000,"stable -17%","-17%",50,"0.01","N/A",No,"Length: Head (1–2 words) · Seasonality: Evergreen",720,720,720,720,720,720,720,720,720,720,720,720,880,880,880,720,880,880,720,720,720,1300,880,880,1000,1000,1000,880,1000,1000,1000,720,1000,1600,1000,1000,1000,1300,1300,1300,1300,1000,880,880,1000,1000,1000,1000
"add photos in one photo",20,"declining -70%","-70%",18,"0.18","N/A",No,"Contains: in one photo · Contains: photos in one · Length: Long tail (5+ words) · Seasonality: Evergreen",30,50,40,20,40,50,20,30,40,40,40,50,30,50,20,70,70,30,90,70,70,70,70,70,50,10,30,90,50,70,40,20,30,40,30,30,40,30,30,20,10,10,10,10,10,10,10,10
"google photos how to download all photos",50,"stable 11%","+11%",28,"0","N/A",No,"Contains: download all photos · Intent: Informational · Length: Long tail (5+ words) · Seasonality: Evergreen",50,70,50,50,70,70,50,50,70,50,70,70,70,50,50,70,70,70,70,70,70,70,90,70,70,70,50,50,70,70,50,50,70,50,50,70,70,50,70,70,50,50,40,30,50,70,70,70
"photo freeware",3600,"declining -29%","-29%",53,"0.11","$1.22",No,"Length: Head (1–2 words) · Seasonality: Evergreen",5400,5400,6600,6600,5400,6600,6600,6600,5400,6600,5400,5400,4400,5400,5400,5400,5400,5400,5400,5400,4400,5400,4400,4400,4400,4400,4400,5400,4400,5400,4400,5400,4400,4400,4400,4400,4400,4400,4400,4400,3600,3600,3600,4400,3600,3600,2900,2900
"add photo in a photo online",10,"declining -50%","-50%",15,"0.12","N/A",No,"Contains: in a photo · Contains: photo in a · Length: Long tail (5+ words) · Seasonality: Evergreen",10,10,10,10,20,10,10,20,10,20,10,10,20,10,20,10,20,10,10,10,10,10,10,10,10,10,10,10,10,20,10,20,10,10,10,20,20,10,30,20,10,20,10,10,10,10,10,10
"images tool",27100,"growing 44%","+44%",72,"0.02","$0.93",No,"Length: Head (1–2 words) · Seasonality: Peaks in February",6600,6600,6600,6600,5400,6600,6600,8100,6600,6600,8100,6600,6600,8100,8100,8100,6600,8100,8100,9900,8100,9900,8100,9900,9900,9900,14800,9900,9900,22200,33100,18100,18100,18100,18100,22200,22200,27100,22200,33100,27100,27100,49500,27100,22200,22200,40500,40500
"lightroom photo image",20,"declining -29%","-29%",22,"0","N/A",No,"Length: Body (3–4 words) · Seasonality: Evergreen",40,20,20,30,20,30,20,30,20,30,20,30,30,20,20,10,20,30,30,20,30,20,20,10,20,10,10,10,20,20,10,10,20,30,10,20,10,40,20,20,10,20,20,20,30,20,20,10
"google photos download all photos",2400,"declining -23%","-23%",56,"0","$0.77",No,"Contains: download all photos · Contains: google photos download · Contains: photos download all · Length: Long tail (5+ words) · Seasonality: Evergreen",3600,3600,3600,3600,4400,4400,3600,3600,3600,3600,3600,4400,4400,3600,4400,4400,4400,5400,4400,4400,4400,4400,4400,5400,5400,4400,4400,3600,4400,4400,3600,3600,2900,2900,2900,2900,2900,2900,2900,2900,2900,2900,2400,2400,1900,2400,1900,2400
"image metadata location",880,"stable 0%","0%",49,"0.01","$0.54",No,"Length: Body (3–4 words) · Seasonality: Evergreen",1000,880,880,720,1600,1900,880,1000,1600,1000,1000,1600,1300,2400,1900,1000,1000,880,880,1300,1000,1000,1000,1000,1300,880,1000,720,880,1000,880,1300,1000,1000,880,1000,880,1000,880,880,880,880,880,1000,1000,1000,880,880
"google in my photos",10,"stable 0%","0%",17,"0","N/A",No,"Length: Body (3–4 words) · Seasonality: Evergreen",20,10,10,10,10,10,10,10,10,10,10,10,10,10,10,10,10,10,10,10,10,20,10,10,10,10,10,10,10,10,10,10,10,10,10,10,10,10,10,10,10,10,10,10,10,10,10,10
"my photos all",140,"stable 18%","+18%",35,"0.02","N/A",No,"Length: Body (3–4 words) · Seasonality: Evergreen",210,170,170,210,260,210,170,210,260,210,210,210,140,210,170,170,210,210,110,70,90,110,50,90,70,50,50,50,50,50,50,50,40,30,40,50,70,170,90,110,140,90,90,140,320,170,110,110
"google add image",720,"stable -6%","-6%",47,"0.01","$0.85",No,"Length: Body (3–4 words) · Seasonality: Peaks in August",1600,1300,1300,1300,1300,1300,1300,1600,1600,2400,1900,4400,4400,2900,1600,1300,1600,1600,1300,1300,1000,1300,1000,1000,1000,1000,1000,880,880,880,720,880,720,880,720,720,720,720,590,720,720,720,590,720,590,720,590,590
"photo geotagging software",20,"declining -43%","-43%",20,"0.08","N/A",No,"Length: Body (3–4 words) · Seasonality: Evergreen",90,50,50,90,50,50,50,70,70,50,20,40,40,20,40,30,30,70,30,40,30,30,30,40,20,20,30,20,30,20,40,40,30,20,50,30,20,30,20,20,10,20,10,30,10,20,10,10
"add images to image",210,"stable -8%","-8%",33,"0.14","$1.62",No,"Length: Body (3–4 words) · Seasonality: Peaks in May",20,30,30,30,40,30,50,40,50,40,50,70,50,50,40,50,50,50,70,70,70,70,90,140,90,90,110,110,140,210,140,210,260,480,210,210,210,210,320,210,210,260,210,260,210,260,210,210
"imagen photos",74000,"stable -13%","-13%",74,"0.09","$1.75",No,"Length: Head (1–2 words) · Seasonality: Evergreen",246000,201000,165000,135000,110000,165000,165000,201000,110000,110000,74000,74000,74000,74000,74000,74000,90500,90500,90500,90500,110000,135000,110000,90500,90500,90500,110000,90500,90500,90500,74000,90500,90500,90500,74000,90500,74000,90500,90500,90500,74000,90500,74000,74000,74000,74000,74000,74000
"iphone iphone photo",50,"stable -13%","-13%",28,"0.01","N/A",No,"Length: Body (3–4 words) · Seasonality: Evergreen",50,50,70,90,70,90,70,70,70,90,90,90,50,50,70,70,50,50,50,90,50,50,70,50,70,70,90,70,40,50,40,40,50,70,50,40,50,50,50,40,40,40,30,40,50,30,50,50
"download to photos",22200,"stable 0%","0%",70,"0.03","$1.32",No,"Length: Body (3–4 words) · Seasonality: Evergreen",27100,27100,27100,27100,27100,27100,22200,27100,22200,22200,22200,27100,27100,27100,27100,22200,22200,27100,22200,27100,22200,27100,27100,27100,22200,22200,22200,22200,22200,22200,18100,22200,22200,22200,22200,22200,22200,22200,22200,22200,22200,22200,22200,22200,22200,22200,22200,22200
"adobe lightroom download all photos",10,"stable 0%","0%",13,"0.25","N/A",No,"Contains: download all photos · Length: Long tail (5+ words) · Seasonality: Evergreen",40,40,40,40,30,20,20,10,10,20,10,10,10,10,10,10,20,10,10,10,10,20,10,10,10,10,10,10,10,20,10,10,10,10,10,10,10,10,10,20,10,10,10,10,10,10,10,10
"google images my photos",30,"declining -30%","-30%",24,"0.03","N/A",No,"Length: Body (3–4 words) · Seasonality: Evergreen",10,10,20,40,10,30,30,30,20,10,20,20,20,20,20,20,10,10,10,20,20,10,20,20,30,20,30,10,20,20,10,30,30,30,30,20,40,40,20,30,30,30,30,50,40,20,20,30
"a photo a photo",40,"declining -21%","-21%",27,"0.01","N/A",No,"Length: Body (3–4 words) · Seasonality: Evergreen",30,40,50,20,50,70,30,70,50,50,50,30,40,30,40,30,30,30,20,20,10,30,20,30,50,50,40,40,30,40,20,50,50,30,40,40,40,50,50,30,30,40,30,30,20,40,40,30
"a photo of a photo",1600,"stable 0%","0%",52,"0.02","$2.83",No,"Contains: of a photo · Contains: photo of a · Length: Long tail (5+ words) · Seasonality: Evergreen",1000,1300,1300,1300,1600,1300,1300,1300,1300,1300,1000,1000,1000,1300,1300,1300,1300,1300,1600,1600,1300,1300,1300,1300,1300,1600,1600,1300,1300,1300,1000,1300,1300,1600,1300,1000,1300,1900,1900,1600,1600,1600,1600,1900,1900,1900,1600,1600
"a photo in a photo",20,"growing 29%","+29%",22,"0","N/A",No,"Contains: in a photo · Contains: photo in a · Length: Long tail (5+ words) · Seasonality: Evergreen",10,20,20,20,10,20,10,20,10,40,10,10,20,10,10,20,10,10,20,10,20,10,10,10,20,10,20,20,10,10,20,20,10,10,10,10,20,30,20,20,20,20,30,10,10,30,30,30
"google photos by location",1600,"stable 15%","+15%",35,"0.35","$0.06",No,"Length: Body (3–4 words) · Seasonality: Evergreen",720,590,720,720,720,1000,1000,880,720,720,880,880,880,880,880,720,880,1000,880,1000,1000,1000,1000,1000,1300,1300,1000,1000,1000,1000,1000,1300,1300,1300,1300,1600,1300,1300,1300,1300,1600,1600,1300,1600,1300,1300,1600,1600
"image file metadata",30,"declining -40%","-40%",24,"0.02","N/A",No,"Length: Body (3–4 words) · Seasonality: Evergreen",90,70,50,50,70,70,50,90,70,50,70,40,50,50,70,50,50,50,50,50,50,50,30,30,50,40,40,40,30,30,40,50,30,40,50,30,40,30,30,20,40,40,20,30,30,20,20,20
"image format png",2900,"stable -6%","-6%",54,"0.07","$0.64",No,"Length: Body (3–4 words) · Seasonality: Evergreen",2400,2400,2400,2400,1900,2400,1900,2400,1900,2400,2400,2400,2400,2400,2400,2400,2400,2400,2400,2900,2400,2400,2400,2900,2400,2400,2400,1900,1900,2400,1900,2900,2900,2900,2400,2900,2900,2900,2400,2900,2900,2900,2900,2900,2900,2400,2400,2900
"iphone photo iphone photo",30,"stable -10%","-10%",25,"0","N/A",No,"Length: Body (3–4 words) · Seasonality: Evergreen",50,50,90,50,90,70,70,70,50,70,50,70,40,40,50,50,40,40,40,50,70,50,50,50,40,50,50,50,30,30,30,40,40,30,40,30,30,30,40,40,40,30,30,20,30,40,20,30
"photos in png format",14800,"stable 0%","0%",58,"0.16","$0.36",No,"Length: Body (3–4 words) · Seasonality: Evergreen",6600,6600,6600,6600,6600,8100,8100,8100,8100,9900,9900,9900,9900,9900,9900,9900,9900,12100,12100,12100,12100,12100,12100,12100,12100,12100,12100,12100,12100,12100,12100,14800,12100,12100,12100,14800,14800,14800,14800,14800,14800,14800,18100,14800,14800,14800,14800,14800
"download all photos google photos",8100,"stable -18%","-18%",65,"0","$0.89",No,"Contains: download all photos · Contains: photos google photos · Length: Long tail (5+ words) · Seasonality: Evergreen",8100,9900,8100,8100,9900,9900,8100,8100,8100,9900,8100,9900,9900,8100,9900,9900,9900,9900,8100,9900,9900,9900,9900,9900,9900,9900,9900,9900,9900,9900,8100,9900,8100,8100,8100,8100,8100,6600,8100,9900,9900,8100,6600,8100,6600,6600,6600,5400
"download all photos in google photos",40,"declining -33%","-33%",27,"0","N/A",No,"Contains: download all photos · Contains: in google photos · Contains: photos in google · Length: Long tail (5+ words) · Seasonality: Evergreen",50,70,70,70,70,70,70,70,50,70,70,70,90,70,90,70,90,70,70,90,90,90,90,90,110,70,90,50,90,70,70,50,50,40,50,50,50,50,50,40,40,40,40,50,40,30,30,40
"a photo photo",40,"stable 10%","+10%",26,"0.02","N/A",No,"Length: Body (3–4 words) · Seasonality: Evergreen",20,20,20,20,20,30,20,20,30,30,30,20,20,30,20,20,30,20,30,20,30,20,30,30,30,50,30,30,50,30,40,20,30,40,30,40,40,30,30,40,40,40,30,40,30,30,40,40
"google where is my photos",2400,"growing 40%","+40%",56,"0.01","$1.51",No,"Length: Long tail (5+ words) · Seasonality: Evergreen",2400,1900,1900,1900,1900,2400,1900,1900,1900,1900,1900,1900,1900,2400,2400,2400,2400,1900,1900,1900,1900,1900,1900,1900,2400,1900,1900,1900,1900,1900,1600,1900,1600,1900,1900,1900,1900,1900,2400,1900,2400,2400,1900,2400,2400,2900,2900,2900
"google photos map location",30,"stable -11%","-11%",21,"0.17","$0.06",No,"Length: Body (3–4 words) · Seasonality: Evergreen",10,10,20,20,20,10,10,30,20,20,20,20,20,20,10,30,30,10,20,10,10,20,10,40,40,30,10,10,10,10,10,10,20,20,30,30,40,10,40,30,30,30,40,30,50,20,30,30
"add photo to another photo online free",20,"declining -69%","-69%",19,"0.16","N/A",No,"Contains: add photo to · Contains: photo online free · Length: Long tail (5+ words) · Seasonality: Peaks in August",10,10,10,20,10,10,10,10,20,10,10,20,20,20,10,10,20,20,20,20,10,30,40,30,40,40,40,20,30,20,20,20,20,20,30,20,70,30,30,10,30,20,10,10,20,20,10,10
"download all photos on google photos",20,"declining -25%","-25%",22,"0","N/A",No,"Contains: download all photos · Length: Long tail (5+ words) · Seasonality: Evergreen",50,40,40,30,50,70,30,50,40,30,40,70,30,30,30,40,30,40,40,30,40,30,30,50,40,50,40,20,30,30,20,20,30,20,30,30,20,30,30,20,20,30,20,30,20,20,20,20
"photos do",1000,"stable -14%","-14%",50,"0","N/A",No,"Length: Head (1–2 words) · Seasonality: Evergreen",1300,1300,1000,880,1000,1000,1000,1000,880,1000,880,1000,880,880,880,880,880,880,880,880,720,880,720,880,880,880,880,720,720,720,720,720,720,720,880,880,880,1600,1000,1000,1000,1000,880,880,1000,1000,1000,1000
"free images tools",260,"growing 42%","+42%",34,"0.16","$1.92",No,"Length: Body (3–4 words) · Seasonality: Evergreen",140,140,170,170,170,210,210,210,210,170,170,260,210,210,260,210,210,260,210,210,260,320,260,210,210,260,260,260,210,260,210,260,210,210,210,260,170,210,260,210,170,210,170,260,260,390,260,260
"geotagging iphone",390,"declining -28%","-28%",30,"0.3","$0.31",No,"Length: Head (1–2 words) · Seasonality: Evergreen",720,590,590,390,480,480,390,480,480,720,590,590,590,720,590,480,390,480,590,480,480,590,590,590,590,590,480,480,480,480,390,480,480,590,590,480,480,480,480,320,320,390,260,480,390,390,320,320
"on iphone photos",40,"growing 633%","+633%",27,"0","N/A",No,"Length: Body (3–4 words) · Seasonality: Peaks in July",20,20,10,20,20,20,30,20,20,30,10,30,20,20,10,20,20,20,20,10,20,20,20,20,10,20,10,10,30,10,10,20,10,10,10,20,10,10,10,10,20,20,30,30,50,40,90,90
"google images photos",1600,"growing 90%","+90%",53,"0","N/A",No,"Length: Body (3–4 words) · Seasonality: Peaks in April",480,590,590,480,480,390,390,480,390,720,1000,590,590,590,590,590,590,720,590,480,480,720,480,480,480,480,480,390,390,390,390,480,590,480,480,590,590,1000,720,590,1000,1900,2400,2400,3600,1900,1600,880
"metadata from a photo",30,"declining -40%","-40%",24,"0.03","N/A",No,"Length: Body (3–4 words) · Seasonality: Evergreen",40,50,70,70,70,110,70,90,70,70,50,50,70,50,40,50,40,50,30,50,30,30,40,40,30,20,30,30,30,30,30,20,30,40,50,30,20,40,40,30,20,30,30,30,20,20,20,20
"metadata on a photo",90,"declining -44%","-44%",32,"0.02","N/A",No,"Length: Body (3–4 words) · Seasonality: Evergreen",20,20,10,30,40,40,20,30,20,30,20,20,20,70,70,50,50,50,40,90,50,90,70,70,50,90,70,70,50,90,90,70,50,90,50,90,90,140,110,70,70,70,90,70,90,70,70,50
"photo jpg format",90500,"stable 13%","+13%",76,"0.08","$0.43",No,"Length: Body (3–4 words) · Seasonality: Evergreen",33100,40500,33100,33100,33100,40500,40500,40500,33100,40500,49500,49500,60500,49500,49500,49500,60500,60500,60500,74000,60500,60500,60500,74000,60500,74000,74000,60500,60500,74000,90500,74000,74000,74000,74000,90500,90500,110000,74000,90500,90500,90500,135000,90500,74000,90500,110000,110000
"download all google photo",8100,"stable -18%","-18%",65,"0","$0.89",No,"Length: Body (3–4 words) · Seasonality: Evergreen",8100,9900,8100,8100,9900,9900,8100,8100,8100,9900,8100,9900,9900,8100,9900,9900,9900,9900,8100,9900,9900,9900,9900,9900,9900,9900,9900,9900,9900,9900,8100,9900,8100,8100,8100,8100,8100,6600,8100,9900,9900,8100,6600,8100,6600,6600,6600,5400
"online add image",10,"stable 0%","0%",17,"0.01","N/A",No,"Length: Body (3–4 words) · Seasonality: Evergreen",20,50,30,20,20,20,20,30,20,30,20,10,20,10,20,30,10,30,10,10,10,20,20,10,10,20,20,10,10,10,10,20,20,10,10,10,10,10,10,10,20,10,10,10,10,10,10,10
"google photos for apple",170,"stable -18%","-18%",37,"0","N/A",No,"Contains: google photos for · Length: Body (3–4 words) · Seasonality: Evergreen",260,320,210,260,260,210,210,260,210,260,260,320,260,260,260,260,260,210,170,210,260,210,210,320,260,260,260,210,210,210,170,170,140,170,140,170,170,170,170,170,170,210,140,140,140,140,140,140
"images to data",320,"stable -18%","-18%",41,"0.01","N/A",No,"Length: Body (3–4 words) · Seasonality: Evergreen",390,390,480,480,390,390,480,480,480,480,480,480,480,590,590,590,590,590,590,720,590,590,480,480,390,480,590,480,480,480,480,480,480,390,390,390,320,390,320,320,320,320,320,320,320,320,260,260
"hidden photos google photos",1300,"stable 0%","0%",52,"0","$1.07",No,"Contains: photos google photos · Length: Body (3–4 words) · Seasonality: Evergreen",3600,3600,3600,3600,3600,4400,3600,3600,3600,3600,3600,4400,4400,4400,4400,3600,4400,4400,3600,3600,3600,3600,2900,1900,1900,1900,1900,1600,1600,1600,1300,1600,1300,1300,1300,1600,1300,1600,1300,1300,1600,1600,1300,1300,1600,1300,1300,1600
"photo software photo",3600,"declining -39%","-39%",21,"0.65","$3.43",No,"Length: Body (3–4 words) · Seasonality: Peaks in September",5400,5400,5400,5400,5400,5400,5400,5400,5400,5400,5400,5400,5400,4400,4400,5400,5400,5400,5400,5400,5400,5400,6600,6600,8100,27100,14800,5400,6600,4400,4400,4400,4400,4400,4400,3600,4400,5400,4400,4400,4400,3600,3600,3600,2900,2900,2900,2900
"exif data from image",70,"declining -21%","-21%",30,"0.02","N/A",No,"Length: Body (3–4 words) · Seasonality: Evergreen",50,70,40,50,40,70,50,70,70,40,50,50,50,70,50,50,50,70,70,50,70,70,40,50,50,70,50,70,70,70,50,50,50,70,70,90,70,50,70,70,90,70,90,50,50,50,50,50
"multiple photos into one",480,"declining -24%","-24%",31,"0.3","$1.28",No,"Length: Body (3–4 words) · Seasonality: Evergreen",1600,1600,1600,1300,1600,1600,1300,1600,1600,1600,1300,1300,1300,1300,1300,1000,1300,1600,1000,1000,1000,880,1000,1000,1000,880,880,1000,880,880,880,720,720,590,590,590,590,590,590,590,590,480,480,480,390,480,480,390
"add photography",720,"stable 14%","+14%",48,"0","N/A",No,"Length: Head (1–2 words) · Seasonality: Peaks in October",210,210,260,260,320,260,320,320,320,320,320,320,320,320,590,320,260,260,320,260,210,260,320,480,720,880,1600,1300,1000,880,1000,480,390,390,320,390,590,720,720,590,590,590,480,590,720,720,720,880
"my lightroom",20,"stable 14%","+14%",19,"0.13","N/A",No,"Length: Head (1–2 words) · Seasonality: Evergreen",10,10,10,20,20,20,20,20,20,20,30,30,20,20,30,30,30,30,10,30,10,30,20,20,20,20,20,20,20,40,20,30,20,20,20,20,20,20,30,20,30,20,20,20,20,30,30,20
"photo google google",10,"declining -25%","-25%",16,"0.05","N/A",No,"Length: Body (3–4 words) · Seasonality: Evergreen",10,20,50,20,20,20,10,10,10,10,10,10,10,10,10,10,10,10,10,10,10,10,10,10,10,10,10,10,10,20,20,10,10,10,10,20,10,20,10,20,20,20,30,10,10,10,10,10
"photos google download all",8100,"stable -18%","-18%",65,"0","$0.89",No,"Length: Body (3–4 words) · Seasonality: Evergreen",8100,9900,8100,8100,9900,9900,8100,8100,8100,9900,8100,9900,9900,8100,9900,9900,9900,9900,8100,9900,9900,9900,9900,9900,9900,9900,9900,9900,9900,9900,8100,9900,8100,8100,8100,8100,8100,6600,8100,9900,9900,8100,6600,8100,6600,6600,6600,5400
"google photos software",110,"declining -25%","-25%",33,"0.04","N/A",No,"Length: Body (3–4 words) · Seasonality: Evergreen",210,170,210,210,210,260,170,170,170,210,170,210,210,170,170,210,210,260,210,170,170,170,170,140,140,140,140,110,110,170,140,140,110,140,110,110,140,110,110,110,90,110,110,110,70,110,90,70
"lightroom uses",260,"stable 7%","+7%",38,"0.06","$2.17",No,"Length: Head (1–2 words) · Seasonality: Evergreen",320,260,320,390,320,390,320,320,320,390,320,390,320,390,320,390,390,390,320,320,390,320,320,320,320,320,320,320,320,390,260,320,320,320,260,260,320,260,260,260,210,260,210,260,260,260,320,320
"the photo download",20,"growing 40%","+40%",22,"0","N/A",No,"Length: Body (3–4 words) · Seasonality: Evergreen",30,20,30,30,20,30,20,40,30,30,20,40,40,40,40,20,50,50,30,20,30,30,10,20,30,20,20,20,30,30,20,20,20,10,20,30,10,20,20,20,20,20,10,20,20,20,20,30
"photo to photo add online",50,"stable 18%","+18%",28,"0.03","N/A",No,"Contains: photo to photo · Contains: photo add online · Length: Long tail (5+ words) · Seasonality: Evergreen",40,30,50,30,40,20,20,30,30,20,30,30,50,30,40,30,30,20,30,50,30,20,30,40,30,50,40,30,30,70,40,50,70,50,70,50,50,40,20,30,70,90,70,90,70,40,20,70
"exif file format",210,"stable -19%","-19%",39,"0","N/A",No,"Length: Body (3–4 words) · Seasonality: Evergreen",320,320,390,320,390,320,390,320,320,320,260,260,260,590,590,320,320,320,320,320,320,390,260,320,260,320,320,320,260,260,260,260,260,260,210,260,210,260,210,260,260,170,170,210,210,170,170,210
"format google photos",30,"declining -36%","-36%",25,"0","N/A",No,"Length: Body (3–4 words) · Seasonality: Evergreen",30,40,30,40,50,50,30,40,30,30,30,30,50,30,30,40,30,50,50,30,40,40,50,50,70,50,40,50,50,40,30,40,30,40,30,40,40,30,40,30,40,40,30,30,30,30,20,20
"google photos format",70,"stable -10%","-10%",31,"0","N/A",No,"Length: Body (3–4 words) · Seasonality: Evergreen",110,110,110,110,110,110,90,90,90,90,110,110,110,110,90,110,140,110,90,110,110,140,110,110,140,110,90,90,90,90,70,90,90,90,70,70,70,70,70,50,70,70,70,50,70,70,70,50
"google photos how does it work",1600,"stable -6%","-6%",53,"0.01","$0.27",No,"Intent: Informational · Length: Long tail (5+ words) · Seasonality: Evergreen",2900,2400,2400,2400,2400,2900,1900,2400,2400,2400,2400,2900,2400,2400,2400,2400,2400,2400,2400,2400,2400,2400,2400,2400,2400,2400,1900,1900,1900,1900,1600,1600,1900,1900,1900,1900,1900,1600,1600,1600,1900,1900,1300,1600,1600,1600,1600,1600
"files photo",4400,"stable 8%","+8%",60,"0.01","$0.70",No,"Length: Head (1–2 words) · Seasonality: Evergreen",4400,4400,3600,4400,3600,4400,3600,3600,3600,4400,5400,5400,4400,4400,4400,3600,6600,4400,4400,3600,3600,4400,5400,5400,4400,4400,4400,3600,3600,4400,3600,3600,3600,3600,4400,5400,4400,4400,4400,4400,4400,4400,4400,4400,4400,4400,5400,4400
"upload photos to google photos from iphone",30,"declining -27%","-27%",25,"0","N/A",No,"Contains: to google photos · Contains: photos to google · Length: Long tail (5+ words) · Seasonality: Evergreen",90,90,90,70,90,90,70,70,70,110,90,110,90,70,90,90,90,90,70,70,70,70,90,90,90,70,70,50,70,90,40,50,40,70,50,50,40,40,30,30,40,30,20,30,20,30,20,30
"image upload image",110000,"stable -18%","-18%",82,"0.02","$1.04",No,"Length: Body (3–4 words) · Seasonality: Evergreen",165000,135000,135000,135000,135000,165000,135000,165000,135000,135000,135000,135000,165000,135000,135000,135000,135000,135000,135000,135000,135000,135000,110000,110000,110000,110000,110000,110000,110000,110000,110000,110000,110000,110000,110000,135000,135000,110000,110000,110000,110000,110000,90500,90500,90500,110000,90500,90500
"add photos to google photos from iphone",70,"declining -35%","-35%",31,"0.01","N/A",No,"Contains: to google photos · Contains: photos to google · Contains: add photos to · Length: Long tail (5+ words) · Seasonality: Evergreen",50,70,70,40,70,50,50,50,50,90,110,90,90,90,90,90,110,90,70,70,110,170,210,260,210,260,210,170,140,110,70,70,90,110,90,90,70,90,70,70,70,90,50,50,50,50,50,50
"iphone photo metadata",320,"stable 14%","+14%",42,"0","N/A",No,"Length: Body (3–4 words) · Seasonality: Evergreen",480,480,390,390,320,480,320,390,390,390,390,390,390,390,390,390,390,480,320,390,320,390,390,320,320,320,320,320,320,320,320,320,320,320,260,390,320,320,390,320,320,320,320,320,320,390,390,390
"download photo file",390,"stable -19%","-19%",42,"0.03","$0.25",No,"Length: Body (3–4 words) · Seasonality: Evergreen",480,480,390,480,480,480,390,480,480,390,480,480,390,480,480,480,480,480,390,390,480,590,590,480,590,480,590,480,390,390,480,480,390,390,390,390,480,480,480,390,390,390,390,390,390,390,390,390
"google map photo location",260,"growing 24%","+24%",27,"0.33","$0.06",No,"Length: Body (3–4 words) · Seasonality: Peaks in July",70,70,70,40,50,110,110,140,140,140,170,210,170,210,210,70,70,70,110,110,140,140,140,140,140,140,110,90,110,110,140,170,140,170,210,260,260,260,260,260,260,170,110,170,210,260,320,390
"extract gps from photo",170,"stable -6%","-6%",36,"0.03","$0.10",No,"Length: Body (3–4 words) · Seasonality: Peaks in October",320,320,320,260,260,260,210,320,260,320,210,260,260,320,590,210,210,210,210,210,210,260,210,170,170,210,260,170,170,170,170,210,170,170,170,210,140,170,170,170,140,140,170,210,170,170,110,170
"download your google photos",20,"declining -33%","-33%",22,"0.01","N/A",No,"Length: Body (3–4 words) · Seasonality: Peaks in January",30,20,30,30,30,50,30,20,40,30,20,20,20,20,20,30,40,40,30,20,30,30,30,30,40,30,20,30,20,50,40,30,20,20,20,20,20,20,20,10,20,20,20,10,20,20,10,10
"exif data download",20,"declining -38%","-38%",22,"0.01","N/A",No,"Length: Body (3–4 words) · Seasonality: Peaks in August",30,30,20,30,20,30,30,30,20,30,20,30,140,40,30,40,20,30,30,30,20,30,20,20,20,10,20,20,20,20,10,30,20,20,20,10,30,30,20,20,10,20,20,20,10,20,10,20
"tools image",27100,"growing 44%","+44%",72,"0.02","$0.93",No,"Length: Head (1–2 words) · Seasonality: Peaks in February",6600,6600,6600,6600,5400,6600,6600,8100,6600,6600,8100,6600,6600,8100,8100,8100,6600,8100,8100,9900,8100,9900,8100,9900,9900,9900,14800,9900,9900,22200,33100,18100,18100,18100,18100,22200,22200,27100,22200,33100,27100,27100,49500,27100,22200,22200,40500,40500
"lightroom to google photos",110,"declining -50%","-50%",33,"0.02","N/A",No,"Contains: to google photos · Length: Body (3–4 words) · Seasonality: Evergreen",320,390,320,320,390,320,260,320,320,320,260,320,320,320,320,390,390,320,260,260,260,320,390,480,320,260,260,260,260,210,170,210,170,210,170,170,170,140,110,140,140,140,90,70,110,70,70,70
"google photos with location",110,"stable 0%","0%",16,"0.52","$0.09",No,"Length: Body (3–4 words) · Seasonality: Evergreen",10,20,30,20,20,30,30,30,20,40,30,40,40,40,40,40,30,50,70,70,50,70,50,70,90,90,50,70,90,90,70,90,90,90,110,110,140,110,110,110,110,140,90,110,110,110,140,110
"geotag an image",20,"growing 50%","+50%",22,"0.01","N/A",No,"Length: Body (3–4 words) · Seasonality: Evergreen",30,10,20,20,20,20,20,20,20,20,20,10,10,40,20,20,20,20,20,30,10,20,20,10,20,20,20,20,20,20,20,10,10,30,10,30,10,20,10,10,20,40,10,20,20,10,30,20
"photo add download",10,"declining -50%","-50%",15,"0.14","N/A",No,"Length: Body (3–4 words) · Seasonality: Evergreen",30,30,20,40,70,70,50,50,70,50,50,40,30,40,30,30,30,50,30,30,20,50,20,40,30,20,30,10,20,20,20,30,10,20,20,20,20,20,20,20,20,10,10,10,10,10,10,10
"apply image",1300,"stable 0%","0%",51,"0.01","$32.07",No,"Length: Head (1–2 words) · Seasonality: Evergreen",1600,1000,1000,1000,1000,1000,1000,1300,1000,1300,1000,1300,1600,1300,1300,1000,1000,1300,1300,1300,1000,1000,1000,1300,1600,1000,1300,1000,1000,1000,1000,1300,1000,1000,1000,1300,1600,1300,1300,1000,1000,1300,1300,1300,1300,1300,1300,1600
"google photos download all images",2400,"declining -23%","-23%",56,"0","$0.77",No,"Contains: google photos download · Contains: photos download all · Length: Long tail (5+ words) · Seasonality: Evergreen",3600,3600,3600,3600,4400,4400,3600,3600,3600,3600,3600,4400,4400,3600,4400,4400,4400,5400,4400,4400,4400,4400,4400,5400,5400,4400,4400,3600,4400,4400,3600,3600,2900,2900,2900,2900,2900,2900,2900,2900,2900,2900,2400,2400,1900,2400,1900,2400
"image photo image",74000,"stable -13%","-13%",74,"0.09","$1.75",No,"Length: Body (3–4 words) · Seasonality: Evergreen",246000,201000,165000,135000,110000,165000,165000,201000,110000,110000,74000,74000,74000,74000,74000,74000,90500,90500,90500,90500,110000,135000,110000,90500,90500,90500,110000,90500,90500,90500,74000,90500,90500,90500,74000,90500,74000,90500,90500,90500,74000,90500,74000,74000,74000,74000,74000,74000