Keyword,Volume,Trend,Growth %,SEO Score,Competition,Avg CPC,Branded,Topics,Aug 2022,Sep 2022,Oct 2022,Nov 2022,Dec 2022,Jan 2023,Feb 2023,Mar 2023,Apr 2023,May 2023,Jun 2023,Jul 2023,Aug 2023,Sep 2023,Oct 2023,Nov 2023,Dec 2023,Jan 2024,Feb 2024,Mar 2024,Apr 2024,May 2024,Jun 2024,Jul 2024,Aug 2024,Sep 2024,Oct 2024,Nov 2024,Dec 2024,Jan 2025,Feb 2025,Mar 2025,Apr 2025,May 2025,Jun 2025,Jul 2025,Aug 2025,Sep 2025,Oct 2025,Nov 2025,Dec 2025,Jan 2026,Feb 2026,Mar 2026,Apr 2026,May 2026,Jun 2026,Jul 2026
"photo editor",823000,"stable -13%","-13%",75,"0.24","$0.78",No,"Length: Head (1–2 words) · Seasonality: Evergreen",673000,673000,673000,673000,673000,823000,673000,823000,823000,823000,823000,823000,823000,823000,823000,823000,823000,1000000,1000000,1000000,1000000,1000000,1000000,1000000,823000,823000,1000000,823000,823000,823000,823000,823000,823000,823000,823000,823000,823000,1000000,1000000,823000,823000,823000,823000,823000,823000,823000,823000,823000
"photo editor online",301000,"growing 305%","+305%",87,"0.05","$0.45",No,"Contains: photo editor online · Length: Body (3–4 words) · Seasonality: Peaks in May",165000,165000,165000,165000,165000,165000,165000,201000,165000,201000,165000,165000,201000,201000,201000,165000,201000,201000,201000,201000,165000,165000,165000,135000,135000,135000,165000,135000,135000,135000,135000,135000,135000,135000,135000,135000,135000,135000,135000,110000,110000,110000,90500,246000,550000,823000,450000,368000
"photos online",6600,"stable -12%","-12%",15,"0.77","$2.24",No,"Length: Head (1–2 words) · Seasonality: Evergreen",6600,6600,6600,6600,6600,6600,5400,6600,6600,6600,6600,6600,6600,6600,6600,8100,8100,6600,6600,6600,6600,8100,6600,6600,6600,6600,6600,6600,6600,5400,5400,8100,6600,6600,5400,5400,6600,6600,6600,6600,6600,6600,5400,6600,5400,6600,5400,5400
"online editor",33100,"stable -18%","-18%",67,"0.11","$0.62",No,"Length: Head (1–2 words) · Seasonality: Evergreen",40500,40500,40500,40500,40500,40500,40500,49500,40500,40500,40500,40500,40500,40500,40500,40500,40500,49500,40500,40500,40500,40500,40500,40500,40500,40500,40500,33100,33100,40500,33100,40500,33100,40500,33100,33100,33100,33100,33100,33100,33100,33100,33100,33100,33100,27100,27100,27100
"photo online",6600,"stable -12%","-12%",15,"0.77","$2.24",No,"Length: Head (1–2 words) · Seasonality: Evergreen",6600,6600,6600,6600,6600,6600,5400,6600,6600,6600,6600,6600,6600,6600,6600,8100,8100,6600,6600,6600,6600,8100,6600,6600,6600,6600,6600,6600,6600,5400,5400,8100,6600,6600,5400,5400,6600,6600,6600,6600,6600,6600,5400,6600,5400,6600,5400,5400
"photo editor online free",90500,"declining -37%","-37%",63,"0.24","$0.73",No,"Contains: photo editor online · Contains: editor online free · Length: Body (3–4 words) · Seasonality: Evergreen",40500,40500,40500,40500,40500,49500,49500,74000,60500,60500,60500,74000,60500,60500,74000,74000,60500,90500,74000,90500,74000,90500,74000,74000,74000,74000,90500,90500,90500,90500,90500,90500,90500,90500,90500,110000,110000,135000,110000,90500,90500,90500,74000,74000,60500,74000,74000,74000
"photo editor app",110000,"stable -7%","-7%",64,"0.24","$0.92",No,"Contains: photo editor app · Length: Body (3–4 words) · Seasonality: Evergreen",135000,135000,135000,135000,135000,135000,110000,135000,135000,135000,135000,135000,135000,135000,135000,135000,135000,135000,135000,135000,135000,135000,135000,135000,135000,110000,135000,110000,110000,110000,110000,110000,110000,110000,110000,110000,110000,135000,135000,110000,110000,110000,110000,110000,110000,135000,110000,110000
"pictures online",2900,"stable 0%","0%",36,"0.37","$4.23",No,"Length: Head (1–2 words) · Seasonality: Evergreen",2400,2400,2400,2400,2400,2400,2400,2900,2400,2400,2400,2400,2400,2400,2400,2900,3600,2900,2400,2900,2900,2900,2400,2900,2900,2900,3600,3600,3600,3600,2900,3600,3600,3600,2900,2900,2900,2900,2900,2900,2900,2900,2900,2900,2900,2900,2900,2900
"image editor online",90500,"stable -7%","-7%",69,"0.17","$0.37",No,"Contains: image editor online · Length: Body (3–4 words) · Seasonality: Evergreen",60500,60500,60500,60500,60500,60500,60500,74000,60500,60500,60500,60500,74000,74000,74000,74000,74000,90500,90500,90500,74000,74000,74000,74000,74000,74000,90500,74000,74000,74000,74000,74000,74000,74000,74000,74000,74000,74000,90500,90500,90500,90500,90500,90500,74000,74000,74000,74000
"image editor",301000,"stable -1%","-1%",74,"0.19","$0.88",No,"Length: Head (1–2 words) · Seasonality: Evergreen",135000,135000,135000,135000,135000,135000,165000,165000,246000,165000,165000,165000,165000,165000,201000,201000,201000,246000,246000,201000,201000,246000,201000,246000,301000,301000,301000,301000,246000,246000,201000,246000,246000,246000,246000,246000,246000,368000,301000,301000,301000,301000,301000,301000,301000,301000,301000,301000
"picture editor online",9900,"declining -28%","-28%",52,"0.22","$0.40",No,"Length: Body (3–4 words) · Seasonality: Evergreen",18100,18100,22200,22200,18100,22200,22200,22200,27100,27100,27100,22200,18100,18100,18100,18100,22200,22200,18100,18100,18100,18100,18100,18100,18100,18100,18100,14800,14800,14800,14800,14800,14800,14800,12100,12100,12100,12100,12100,12100,12100,12100,9900,9900,9900,9900,8100,8100
"image editor online free",90500,"stable 1%","+1%",68,"0.18","$0.69",No,"Contains: editor online free · Contains: image editor online · Length: Body (3–4 words) · Seasonality: Evergreen",60500,60500,60500,60500,60500,74000,74000,74000,74000,74000,74000,74000,74000,74000,74000,74000,74000,90500,90500,110000,90500,90500,90500,90500,90500,90500,110000,165000,90500,90500,90500,90500,90500,90500,90500,90500,90500,90500,90500,90500,90500,90500,74000,90500,74000,74000,90500,110000
"photo picture",22200,"growing 41%","+41%",62,"0.15","$2.14",No,"Length: Head (1–2 words) · Seasonality: Evergreen",33100,33100,27100,27100,27100,27100,27100,27100,27100,33100,33100,27100,33100,27100,33100,33100,33100,33100,33100,33100,33100,33100,33100,27100,22200,22200,27100,33100,27100,27100,18100,22200,22200,22200,18100,22200,22200,22200,22200,22200,22200,22200,18100,22200,22200,22200,22200,49500
"photo fix",1300,"declining -23%","-23%",37,"0.29","$1.95",No,"Length: Head (1–2 words) · Seasonality: Evergreen",1300,1300,1300,1300,1600,1600,1300,1600,1600,1900,1900,1900,1900,2400,2400,1900,1900,1900,1900,1900,1600,1900,2400,1900,1900,1600,1600,1600,1600,1600,1600,1600,1600,1600,1600,1600,1300,1300,1300,1300,1300,1000,1300,1000,1000,1000,1000,1000
"photo editor free",49500,"declining -33%","-33%",47,"0.4","$1.55",No,"Length: Body (3–4 words) · Seasonality: Evergreen",40500,49500,49500,49500,49500,40500,49500,49500,49500,49500,40500,49500,49500,49500,49500,49500,60500,49500,60500,49500,60500,60500,60500,60500,49500,49500,60500,90500,60500,60500,60500,60500,60500,49500,49500,49500,49500,74000,60500,49500,60500,49500,49500,49500,40500,49500,40500,33100
"picture editor",60500,"declining -24%","-24%",51,"0.36","$0.91",No,"Length: Head (1–2 words) · Seasonality: Evergreen",60500,60500,60500,60500,60500,60500,60500,60500,74000,74000,60500,60500,60500,60500,74000,74000,74000,74000,74000,74000,74000,74000,60500,60500,60500,60500,74000,60500,60500,60500,60500,60500,60500,60500,60500,60500,60500,74000,74000,60500,60500,60500,60500,60500,60500,60500,49500,49500
"photo editor app download",9900,"growing 48%","+48%",62,"0.07","$0.07",No,"Contains: photo editor app · Contains: editor app download · Length: Body (3–4 words) · Seasonality: Evergreen",18100,18100,18100,18100,18100,18100,18100,18100,18100,14800,14800,18100,18100,14800,12100,12100,12100,12100,12100,12100,9900,9900,12100,9900,9900,9900,9900,8100,8100,8100,6600,6600,6600,5400,5400,5400,6600,9900,9900,9900,9900,9900,8100,9900,9900,12100,14800,12100
"photo download",60500,"stable -13%","-13%",79,"0.01","$2.17",No,"Length: Head (1–2 words) · Seasonality: Evergreen",165000,135000,135000,135000,135000,135000,110000,135000,110000,110000,110000,110000,110000,110000,110000,110000,110000,110000,110000,110000,90500,110000,90500,90500,90500,74000,74000,74000,74000,74000,60500,74000,74000,74000,74000,74000,74000,74000,60500,60500,74000,74000,60500,60500,60500,60500,60500,60500
"upload photo",18100,"stable -7%","-7%",67,"0.05","$1.65",No,"Length: Head (1–2 words) · Seasonality: Evergreen",18100,18100,18100,18100,18100,18100,18100,18100,18100,18100,18100,18100,18100,18100,18100,18100,18100,18100,18100,18100,18100,18100,14800,22200,22200,18100,18100,18100,18100,18100,14800,18100,18100,18100,18100,18100,18100,22200,18100,18100,18100,18100,14800,18100,14800,18100,18100,18100
"photo editor download",3600,"declining -38%","-38%",49,"0.17","$0.51",No,"Length: Body (3–4 words) · Seasonality: Evergreen",12100,12100,12100,12100,12100,12100,9900,12100,12100,12100,12100,12100,9900,9900,9900,8100,9900,12100,22200,14800,14800,14800,12100,12100,9900,8100,8100,8100,8100,8100,5400,6600,5400,5400,5400,5400,5400,5400,4400,4400,4400,3600,3600,3600,2900,3600,2900,2900
"picture editor online free",33100,"declining -28%","-28%",53,"0.29","$0.52",No,"Contains: editor online free · Length: Body (3–4 words) · Seasonality: Evergreen",33100,33100,40500,40500,40500,40500,40500,49500,40500,40500,40500,40500,40500,40500,40500,40500,40500,49500,49500,49500,40500,40500,40500,40500,40500,40500,40500,40500,49500,49500,49500,49500,49500,49500,40500,40500,40500,40500,40500,40500,40500,33100,33100,33100,33100,33100,27100,27100
"photo editor app free",49500,"stable -6%","-6%",38,"0.51","$1.65",No,"Contains: photo editor app · Length: Body (3–4 words) · Seasonality: Evergreen",40500,40500,40500,40500,49500,40500,40500,40500,40500,40500,40500,40500,40500,40500,49500,49500,60500,49500,40500,49500,49500,49500,49500,49500,49500,49500,49500,49500,74000,60500,40500,49500,49500,49500,49500,49500,49500,49500,49500,49500,49500,49500,40500,40500,40500,49500,49500,40500
"editor app",201000,"stable 14%","+14%",75,"0.15","$0.80",No,"Length: Head (1–2 words) · Seasonality: Evergreen",110000,90500,90500,90500,90500,90500,90500,110000,110000,110000,110000,110000,110000,110000,110000,110000,110000,135000,110000,135000,110000,135000,110000,110000,110000,110000,110000,110000,110000,165000,110000,135000,135000,135000,135000,165000,165000,201000,165000,165000,165000,201000,165000,201000,165000,201000,201000,201000
"photo apps",90500,"stable -13%","-13%",74,"0.11","$0.87",No,"Length: Head (1–2 words) · Seasonality: Evergreen",110000,110000,90500,90500,110000,110000,90500,90500,90500,90500,74000,74000,74000,74000,90500,74000,74000,90500,74000,90500,90500,90500,90500,90500,90500,74000,90500,90500,90500,90500,74000,74000,74000,74000,74000,90500,90500,110000,110000,90500,110000,90500,74000,90500,90500,90500,90500,90500
"picture editor app",110000,"stable -7%","-7%",64,"0.24","$0.92",No,"Length: Body (3–4 words) · Seasonality: Evergreen",135000,135000,135000,135000,135000,135000,110000,135000,135000,135000,135000,135000,135000,135000,135000,135000,135000,135000,135000,135000,135000,135000,135000,135000,135000,110000,135000,110000,110000,110000,110000,110000,110000,110000,110000,110000,110000,135000,135000,110000,110000,110000,110000,110000,110000,135000,110000,110000
"image editor free",9900,"growing 22%","+22%",49,"0.27","$1.36",No,"Length: Body (3–4 words) · Seasonality: Evergreen",2900,2900,2900,2900,2900,2900,3600,3600,3600,3600,3600,3600,3600,3600,4400,4400,4400,5400,5400,5400,5400,5400,5400,5400,5400,5400,6600,6600,5400,6600,5400,6600,8100,8100,6600,8100,8100,8100,8100,9900,9900,9900,9900,9900,9900,9900,9900,9900
"pic editor online",165000,"declining -33%","-33%",73,"0.16","$0.55",No,"Length: Body (3–4 words) · Seasonality: Evergreen",301000,301000,301000,301000,301000,301000,301000,368000,301000,301000,301000,301000,301000,301000,301000,301000,301000,301000,301000,301000,301000,301000,246000,246000,246000,246000,246000,246000,246000,246000,201000,246000,201000,201000,201000,201000,201000,201000,201000,165000,165000,165000,135000,135000,135000,135000,135000,135000
"upload image",110000,"stable -18%","-18%",82,"0.02","$1.04",No,"Length: Head (1–2 words) · Seasonality: Evergreen",165000,135000,135000,135000,135000,165000,135000,165000,135000,135000,135000,135000,165000,135000,135000,135000,135000,135000,135000,135000,135000,135000,110000,110000,110000,110000,110000,110000,110000,110000,110000,110000,110000,110000,110000,135000,135000,110000,110000,110000,110000,110000,90500,90500,90500,110000,90500,90500
"photo location",14800,"stable 6%","+6%",59,"0.15","$0.07",No,"Length: Head (1–2 words) · Seasonality: Evergreen",14800,12100,12100,12100,12100,14800,12100,14800,14800,14800,14800,18100,18100,14800,14800,12100,12100,12100,12100,14800,14800,14800,14800,14800,14800,12100,12100,12100,12100,14800,12100,14800,14800,14800,14800,14800,14800,14800,12100,12100,14800,14800,12100,14800,14800,14800,14800,14800
"free editor",14800,"growing 40%","+40%",54,"0.22","$1.10",No,"Length: Head (1–2 words) · Seasonality: Evergreen",12100,12100,12100,9900,9900,9900,9900,9900,9900,12100,9900,9900,9900,9900,9900,9900,9900,12100,12100,12100,12100,12100,12100,12100,12100,12100,12100,12100,9900,12100,12100,12100,12100,12100,12100,12100,12100,12100,12100,14800,14800,18100,14800,18100,18100,18100,18100,14800
"online images",5400,"declining -28%","-28%",60,"0.03","$3.65",No,"Length: Head (1–2 words) · Seasonality: Evergreen",6600,8100,6600,6600,8100,6600,6600,6600,6600,6600,6600,6600,6600,6600,6600,6600,6600,6600,6600,6600,6600,6600,6600,6600,8100,6600,6600,6600,6600,6600,8100,6600,6600,6600,6600,6600,6600,6600,6600,5400,5400,5400,5400,5400,5400,5400,4400,4400
"free online photos",480,"declining -38%","-38%",31,"0.3","$1.98",No,"Length: Body (3–4 words) · Seasonality: Evergreen",880,1000,1000,1000,880,1000,1000,1000,1000,1000,1000,880,880,880,880,1000,880,1000,1000,1000,880,1000,720,880,720,880,880,720,720,720,720,880,880,590,590,720,720,720,590,480,480,480,480,590,480,480,390,390
"free editor online",8100,"stable -6%","-6%",48,"0.27","$0.82",No,"Length: Body (3–4 words) · Seasonality: Evergreen",9900,8100,9900,12100,9900,12100,9900,12100,12100,12100,9900,9900,8100,8100,8100,8100,9900,9900,9900,12100,12100,9900,8100,8100,8100,9900,9900,8100,8100,9900,8100,9900,8100,8100,8100,8100,8100,8100,8100,8100,9900,8100,8100,8100,8100,8100,8100,6600
"image download",110000,"stable -18%","-18%",83,"0.01","$1.58",No,"Length: Head (1–2 words) · Seasonality: Evergreen",90500,90500,90500,90500,90500,90500,90500,110000,110000,110000,90500,110000,110000,110000,110000,110000,110000,110000,110000,110000,110000,110000,110000,110000,110000,110000,110000,110000,110000,110000,110000,135000,110000,110000,110000,110000,110000,110000,110000,110000,110000,110000,90500,110000,110000,90500,90500,90500
"online graphic editor",590,"declining -42%","-42%",32,"0.3","$1.76",No,"Length: Body (3–4 words) · Seasonality: Peaks in October",1900,1900,1900,1900,1600,1900,1600,1900,1600,1600,1600,1300,1600,1600,1900,1600,1600,1600,1600,1600,1600,1600,1300,1300,1000,1300,49500,5400,1000,1000,1000,1300,1000,880,880,720,720,880,720,720,590,720,590,720,590,480,480,390
"image editor app",8100,"stable 12%","+12%",44,"0.32","$0.89",No,"Contains: image editor app · Length: Body (3–4 words) · Seasonality: Evergreen",8100,6600,6600,6600,6600,6600,6600,8100,8100,6600,6600,8100,6600,6600,6600,6600,6600,8100,6600,6600,6600,6600,6600,6600,8100,8100,8100,8100,6600,6600,5400,6600,5400,6600,6600,8100,6600,8100,8100,6600,8100,6600,6600,5400,22200,14800,5400,5400
"add photo to photo",14800,"declining -41%","-41%",60,"0.14","$1.04",No,"Contains: add photo to · Contains: photo to photo · Length: Body (3–4 words) · Seasonality: Evergreen",9900,9900,12100,9900,12100,12100,9900,12100,12100,12100,12100,12100,12100,12100,12100,12100,14800,14800,14800,14800,14800,14800,14800,14800,14800,14800,18100,14800,18100,18100,14800,18100,18100,18100,18100,18100,18100,18100,18100,18100,18100,14800,14800,14800,12100,12100,9900,9900
"add image to photo",14800,"declining -41%","-41%",60,"0.14","$1.04",No,"Contains: add image to · Contains: image to photo · Length: Body (3–4 words) · Seasonality: Evergreen",9900,9900,12100,9900,12100,12100,9900,12100,12100,12100,12100,12100,12100,12100,12100,12100,14800,14800,14800,14800,14800,14800,14800,14800,14800,14800,18100,14800,18100,18100,14800,18100,18100,18100,18100,18100,18100,18100,18100,18100,18100,14800,14800,14800,12100,12100,9900,9900
"photo images",22200,"stable -7%","-7%",70,"0.04","$2.18",No,"Length: Head (1–2 words) · Seasonality: Evergreen",27100,27100,27100,27100,27100,27100,22200,27100,27100,27100,22200,22200,22200,22200,22200,22200,22200,22200,22200,27100,22200,27100,27100,27100,22200,22200,22200,22200,22200,22200,22200,22200,22200,22200,22200,22200,22200,27100,22200,22200,22200,22200,22200,22200,22200,22200,22200,22200
"photo apps download",33100,"growing 83%","+83%",72,"0.04","$0.16",No,"Length: Body (3–4 words) · Seasonality: Evergreen",22200,22200,18100,18100,18100,22200,18100,22200,18100,18100,18100,18100,18100,22200,22200,18100,22200,22200,22200,22200,22200,22200,18100,18100,18100,14800,18100,18100,18100,18100,14800,18100,18100,14800,18100,18100,22200,27100,27100,27100,27100,27100,27100,33100,33100,40500,49500,49500
"apple photo editor",2900,"declining -29%","-29%",42,"0.27","$2.73",No,"Length: Body (3–4 words) · Seasonality: Evergreen",2400,2400,2900,2900,2900,2900,2900,2900,2900,2900,2900,2900,2900,2900,2900,3600,3600,3600,2900,2900,2900,3600,3600,2900,2900,3600,3600,3600,3600,2900,2900,2900,2900,3600,3600,3600,3600,2900,2900,2900,2900,2900,2900,2900,2400,2400,2400,1900
"pic editor app",4400,"declining -23%","-23%",37,"0.39","$1.18",No,"Length: Body (3–4 words) · Seasonality: Evergreen",6600,6600,6600,6600,6600,6600,5400,6600,6600,6600,6600,6600,8100,6600,6600,6600,6600,6600,6600,6600,6600,6600,6600,5400,6600,5400,5400,5400,5400,5400,5400,5400,5400,5400,5400,5400,5400,5400,5400,5400,5400,5400,3600,4400,3600,4400,4400,3600
"photo fix online",880,"declining -27%","-27%",32,"0.34","$1.10",No,"Length: Body (3–4 words) · Seasonality: Evergreen",1600,1600,1600,1600,1900,1900,1900,1900,1900,1900,1900,1900,1900,1900,2400,1900,1900,1900,1900,1900,1900,1900,1900,1900,1600,1600,1600,1600,1300,1300,1600,1600,1300,1300,1300,1000,1000,1000,1000,1000,1000,880,720,880,720,880,720,590
"a photo editor",720,"stable -8%","-8%",36,"0.24","$1.55",No,"Contains: a photo editor · Length: Body (3–4 words) · Seasonality: Evergreen",390,320,320,260,260,320,390,390,390,390,390,390,590,880,720,720,590,720,590,720,480,590,480,480,590,480,480,480,480,590,480,720,720,590,480,480,480,1000,880,720,720,720,590,720,590,720,720,720
"photo corrector",480,"stable -19%","-19%",17,"0.61","$1.86",No,"Length: Head (1–2 words) · Seasonality: Evergreen",390,320,320,390,390,320,320,390,390,390,390,480,480,480,480,480,480,590,590,590,720,590,590,590,590,590,720,720,590,590,590,590,590,590,590,590,590,480,590,590,590,390,390,480,480,480,480,390
"photography editor",5400,"stable 7%","+7%",49,"0.22","$1.54",No,"Length: Head (1–2 words) · Seasonality: Evergreen",18100,18100,18100,18100,18100,18100,14800,18100,14800,18100,14800,14800,18100,18100,18100,14800,8100,8100,6600,8100,6600,8100,6600,6600,6600,6600,6600,9900,6600,6600,5400,6600,6600,6600,5400,5400,5400,5400,5400,5400,6600,6600,5400,5400,5400,5400,5400,6600
"photo editor online free no download",50,"declining -48%","-48%",22,"0.22","$2.23",No,"Contains: photo editor online · Contains: editor online free · Length: Long tail (5+ words) · Seasonality: Evergreen",480,320,320,390,390,390,320,320,320,320,260,260,260,260,260,260,260,170,170,170,170,170,170,140,140,140,140,110,170,170,260,260,170,210,110,110,70,90,70,30,70,50,50,110,40,40,30,50
"photo on photo editor",1000,"declining -34%","-34%",45,"0.11","$0.96",No,"Contains: photo on photo · Contains: on photo editor · Length: Body (3–4 words) · Seasonality: Evergreen",1600,1600,1600,1600,1600,1600,1600,1900,1600,1600,1300,1600,1600,1600,1600,1900,1600,1900,1600,1900,1900,1900,1900,1900,1600,1600,1600,1600,1600,1600,1300,1300,1000,1300,1300,1600,1300,1600,1300,1300,1300,1300,1000,1000,880,1000,880,880
"online image",5400,"declining -28%","-28%",60,"0.03","$3.65",No,"Length: Head (1–2 words) · Seasonality: Evergreen",6600,8100,6600,6600,8100,6600,6600,6600,6600,6600,6600,6600,6600,6600,6600,6600,6600,6600,6600,6600,6600,6600,6600,6600,8100,6600,6600,6600,6600,6600,8100,6600,6600,6600,6600,6600,6600,6600,6600,5400,5400,5400,5400,5400,5400,5400,4400,4400
"pictures online free",90,"stable -15%","-15%",26,"0.21","$1.85",No,"Length: Body (3–4 words) · Seasonality: Evergreen",140,170,140,170,140,140,170,170,90,140,110,90,90,90,90,110,90,110,90,70,90,90,70,90,70,90,90,90,50,90,90,110,110,90,70,90,90,70,110,70,110,90,90,90,70,70,90,70
"selfie editor online",110,"declining -75%","-75%",23,"0.33","$2.36",No,"Length: Body (3–4 words) · Seasonality: Evergreen",390,320,260,260,260,320,260,320,260,320,260,260,210,210,260,210,210,170,210,210,210,210,260,210,210,170,140,170,170,140,90,140,110,90,110,90,90,170,260,210,170,70,50,70,50,70,30,30
"geotag photos",33100,"growing 24%","+24%",58,"0.23","$0.06",No,"Length: Head (1–2 words) · Seasonality: Evergreen",9900,9900,8100,9900,9900,14800,12100,12100,9900,9900,9900,9900,14800,14800,14800,12100,12100,18100,14800,14800,14800,14800,18100,22200,18100,22200,22200,18100,18100,22200,22200,27100,33100,27100,33100,33100,27100,33100,27100,27100,27100,33100,27100,27100,27100,27100,40500,40500
"free photoshop editor online",12100,"declining -68%","-68%",44,"0.36","$1.18",No,"Length: Body (3–4 words) · Seasonality: Evergreen",8100,9900,9900,8100,9900,8100,8100,8100,9900,9900,9900,9900,18100,22200,14800,14800,27100,22200,40500,27100,33100,27100,33100,27100,33100,27100,27100,27100,33100,40500,27100,22200,27100,27100,27100,27100,22200,27100,22200,12100,12100,9900,9900,9900,9900,8100,8100,6600
"camera editor",4400,"growing 175%","+175%",58,"0.04","$0.33",No,"Length: Head (1–2 words) · Seasonality: Evergreen",2400,2900,2400,2400,2400,2900,2400,2900,2900,2900,2900,2900,2900,2400,2900,2400,2400,2400,2400,2400,2400,2400,1900,2400,2400,2400,1900,1900,1900,1900,1900,2400,3600,2400,1900,2400,2400,2400,2400,1900,2400,3600,4400,4400,4400,6600,6600,6600
"add photo",9900,"growing 22%","+22%",65,"0.03","$0.66",No,"Length: Head (1–2 words) · Seasonality: Evergreen",5400,4400,5400,6600,6600,8100,6600,8100,8100,8100,6600,8100,8100,6600,6600,6600,6600,6600,6600,6600,5400,6600,6600,6600,8100,8100,8100,6600,8100,8100,6600,8100,6600,6600,6600,8100,8100,9900,8100,8100,8100,9900,8100,8100,8100,9900,9900,12100
"photo editor tool",590,"stable -13%","-13%",33,"0.29","$1.51",No,"Length: Body (3–4 words) · Seasonality: Evergreen",480,390,480,480,390,480,390,590,480,480,480,590,590,720,880,720,590,720,720,720,590,590,590,590,590,590,880,590,480,480,590,590,720,590,590,590,720,590,590,590,590,590,480,590,590,480,590,590
"google photo editor online",1600,"declining -62%","-62%",43,"0.19","$0.20",No,"Contains: photo editor online · Length: Body (3–4 words) · Seasonality: Evergreen",1300,1300,1300,1600,1600,1600,1600,1900,1900,1900,2400,1900,1900,1900,1900,1600,1900,1900,1900,1900,1900,1600,1900,1900,1900,2400,2400,2400,2400,2400,1000,1300,1300,1300,1300,1300,1600,3600,2400,1900,1600,1300,880,880,1000,1000,1000,880
"picture fix",1600,"growing 22%","+22%",42,"0.22","$1.78",No,"Length: Head (1–2 words) · Seasonality: Evergreen",1900,1600,1600,1600,1600,1600,1600,1600,1600,1600,1600,1900,1900,1900,1600,1900,1600,1600,1900,1600,1600,1900,1600,1600,1600,1600,1900,2400,1600,1900,1600,1600,1900,1900,1900,1600,1600,1900,1600,1600,1600,1600,1600,1900,1900,1900,1900,2400
"online portrait editor",90,"declining -67%","-67%",21,"0.36","$1.73",No,"Length: Body (3–4 words) · Seasonality: Evergreen",260,260,320,210,260,320,260,320,260,210,260,210,210,260,260,260,260,320,260,210,210,210,210,170,170,210,170,210,210,170,210,210,170,140,170,140,140,110,110,90,90,90,70,90,50,40,50,30
"image photo editor",1300,"stable 0%","0%",47,"0.1","$1.04",No,"Length: Body (3–4 words) · Seasonality: Evergreen",880,880,720,720,720,720,720,880,720,880,720,590,720,720,720,720,720,1000,880,1000,880,880,720,880,720,880,880,880,880,880,880,880,1000,1000,880,1000,1000,1300,1300,1000,1000,1300,1000,1300,1000,1300,1300,1000
"pic editor online free",33100,"declining -28%","-28%",53,"0.29","$0.52",No,"Contains: editor online free · Length: Body (3–4 words) · Seasonality: Evergreen",33100,33100,40500,40500,40500,40500,40500,49500,40500,40500,40500,40500,40500,40500,40500,40500,40500,49500,49500,49500,40500,40500,40500,40500,40500,40500,40500,40500,49500,49500,49500,49500,49500,49500,40500,40500,40500,40500,40500,40500,40500,33100,33100,33100,33100,33100,27100,27100
"photo editor app online",880,"declining -49%","-49%",39,"0.2","$0.35",No,"Contains: photo editor app · Contains: editor app online · Length: Body (3–4 words) · Seasonality: Evergreen",1300,1300,1000,1300,1300,1600,1000,1300,1600,1600,1300,1600,1300,1300,1300,1300,1300,1300,1600,1600,1600,1600,1300,1300,1000,1000,1000,1000,1000,1300,1600,1300,880,880,1000,880,880,1000,1600,880,880,880,590,590,590,590,590,590
"images online free",1000,"declining -29%","-29%",41,"0.18","$1.32",No,"Length: Body (3–4 words) · Seasonality: Evergreen",1900,1900,1900,1900,1600,1900,1900,2400,2400,2400,2400,2400,1900,1900,1900,1900,1900,1900,1900,1900,1900,1900,1300,1600,1600,1600,1600,1600,1600,1600,1600,1600,1600,1600,1300,1300,1300,1300,1300,1300,1000,1300,1000,1300,1000,1000,880,880
"google photo editor app",590,"declining -40%","-40%",36,"0.21","$1.34",No,"Contains: photo editor app · Length: Body (3–4 words) · Seasonality: Evergreen",480,480,590,590,590,590,480,480,480,720,720,590,590,480,590,590,590,590,480,480,590,590,480,480,590,720,880,720,1000,1000,480,590,590,720,590,720,880,1000,720,720,720,590,390,480,480,590,480,480
"simple photo editor online",590,"stable 10%","+10%",39,"0.15","$1.25",No,"Contains: photo editor online · Length: Body (3–4 words) · Seasonality: Evergreen",590,480,480,590,590,590,590,590,590,590,480,590,480,480,590,590,590,720,480,590,590,590,590,590,480,590,590,590,590,590,590,590,590,590,590,590,590,590,590,590,480,590,480,590,590,590,880,480
"photo adding app",1300,"declining -20%","-20%",39,"0.24","$0.14",No,"Length: Body (3–4 words) · Seasonality: Evergreen",1900,1900,1900,1900,1900,1900,1900,1900,1600,1600,1900,1900,1900,1600,1900,1900,2400,1900,1300,1300,1300,1600,1000,880,880,1300,1300,1300,1300,1000,1300,1300,1000,1300,1300,1300,1300,1600,1600,1300,1300,880,880,1000,1000,1300,1300,1000
"time stamp app with location",170,"stable -7%","-7%",22,"0.41","$0.20",No,"Length: Long tail (5+ words) · Seasonality: Evergreen",50,90,50,70,70,110,140,140,110,140,210,210,210,210,210,210,170,260,260,260,170,210,210,260,260,210,210,210,210,170,170,170,170,170,210,170,210,210,170,170,170,140,140,140,110,170,170,210
"photo add",5400,"stable -13%","-13%",57,"0.09","$0.29",No,"Length: Head (1–2 words) · Seasonality: Evergreen",2400,2400,1900,2400,2400,2900,2400,3600,2900,2900,2900,3600,3600,2900,3600,2900,3600,4400,4400,4400,3600,4400,4400,4400,4400,4400,5400,4400,4400,5400,5400,5400,5400,4400,4400,5400,5400,6600,6600,5400,5400,5400,4400,4400,4400,5400,5400,5400
"photo manipulation online",60500,"declining -33%","-33%",65,"0.18","$0.40",No,"Length: Body (3–4 words) · Seasonality: Evergreen",49500,49500,49500,49500,49500,60500,49500,60500,60500,60500,60500,60500,60500,60500,60500,60500,60500,74000,74000,74000,74000,74000,74000,74000,74000,74000,74000,74000,74000,74000,74000,74000,74000,74000,74000,74000,74000,74000,74000,74000,60500,60500,60500,60500,60500,49500,49500,49500
"photographs online",6600,"stable -12%","-12%",15,"0.77","$2.24",No,"Length: Head (1–2 words) · Seasonality: Evergreen",6600,6600,6600,6600,6600,6600,5400,6600,6600,6600,6600,6600,6600,6600,6600,8100,8100,6600,6600,6600,6600,8100,6600,6600,6600,6600,6600,6600,6600,5400,5400,8100,6600,6600,5400,5400,6600,6600,6600,6600,6600,6600,5400,6600,5400,6600,5400,5400
"photo editor add photo on photo",20,"growing 25%","+25%",19,"0.12","$0.53",No,"Contains: photo on photo · Contains: photo editor add · Contains: add photo on · Length: Long tail (5+ words) · Seasonality: Evergreen",10,20,20,30,30,50,30,50,50,40,20,30,30,30,50,30,30,30,20,20,20,10,10,10,10,20,10,10,10,10,10,10,10,20,10,30,10,20,10,10,40,20,20,10,20,10,10,30
"your photo",5400,"stable 0%","0%",60,"0.04","$2.15",No,"Length: Head (1–2 words) · Seasonality: Evergreen",12100,14800,27100,27100,27100,22200,22200,22200,22200,22200,22200,22200,18100,18100,18100,14800,14800,14800,12100,14800,12100,12100,12100,9900,9900,8100,8100,6600,6600,6600,6600,6600,5400,5400,5400,5400,5400,5400,5400,5400,5400,6600,5400,5400,5400,5400,5400,5400
"google photos editor",9900,"growing 76%","+76%",64,"0.04","$0.45",No,"Length: Body (3–4 words) · Seasonality: Evergreen",2400,2400,2400,2400,2900,2900,2900,2900,2900,4400,3600,3600,3600,2900,2900,2900,3600,2900,2900,2900,3600,2900,2900,2900,2900,3600,4400,4400,4400,4400,2900,4400,3600,3600,3600,3600,5400,12100,8100,6600,8100,6600,6600,8100,6600,12100,14800,18100
"photo editor com",1300,"stable 7%","+7%",48,"0.08","$0.17",No,"Length: Body (3–4 words) · Seasonality: Evergreen",2900,2900,3600,2900,3600,3600,3600,4400,4400,4400,3600,4400,4400,3600,2900,2900,2900,3600,3600,3600,2900,2900,2900,2400,2400,1900,1900,1600,1600,1600,1600,1600,1600,1600,1600,1300,1300,1900,1300,1300,1300,1000,1000,1600,1000,1600,1600,1600
"photo fixer free",880,"stable 5%","+5%",19,"0.61","$2.07",No,"Length: Body (3–4 words) · Seasonality: Evergreen",320,390,390,390,480,390,320,390,480,590,590,480,590,480,590,480,590,480,590,590,720,720,720,590,590,590,590,590,720,590,590,720,720,880,880,880,880,880,880,880,1000,880,720,880,880,1000,880,880
"add photo to photo online",3600,"declining -34%","-34%",56,"0.06","$0.29",No,"Contains: add photo to · Contains: photo to photo · Contains: to photo online · Length: Long tail (5+ words) · Seasonality: Evergreen",5400,5400,5400,5400,5400,6600,5400,5400,5400,5400,5400,5400,5400,5400,5400,4400,5400,5400,5400,5400,5400,5400,4400,5400,5400,4400,5400,4400,4400,4400,3600,4400,4400,3600,3600,3600,4400,4400,3600,3600,3600,3600,3600,2900,2400,2900,2900,2400
"free to use photo editor",30,"stable -10%","-10%",7,"0.7","$2.46",No,"Length: Long tail (5+ words) · Seasonality: Evergreen",20,30,30,20,30,30,30,30,30,40,40,30,40,30,20,50,40,40,50,40,40,30,30,40,20,10,20,10,20,10,30,40,30,20,20,30,30,30,40,30,40,40,40,30,30,40,30,20
"photo photos",3600,"declining -37%","-37%",55,"0.08","$4.01",No,"Length: Head (1–2 words) · Seasonality: Evergreen",4400,4400,4400,4400,4400,4400,3600,4400,4400,3600,3600,3600,3600,4400,4400,4400,3600,4400,4400,4400,4400,4400,4400,4400,4400,4400,4400,3600,3600,4400,3600,3600,4400,4400,3600,3600,4400,5400,4400,3600,3600,4400,4400,3600,3600,3600,2900,2400
"photo s",7480000,"stable 14%","+14%",95,"0.05","$1.42",No,"Length: Head (1–2 words) · Seasonality: Evergreen",5000000,5000000,5000000,5000000,5000000,5000000,5000000,5000000,5000000,6120000,6120000,6120000,6120000,6120000,5000000,4090000,4090000,5000000,4090000,5000000,4090000,5000000,5000000,5000000,5000000,5000000,5000000,5000000,5000000,5000000,5000000,5000000,5000000,5000000,5000000,6120000,6120000,7480000,6120000,6120000,6120000,7480000,6120000,7480000,6120000,7480000,7480000,7480000
"add photo editor",590,"declining -45%","-45%",36,"0.22","$0.79",No,"Contains: add photo editor · Length: Body (3–4 words) · Seasonality: Evergreen",720,720,720,720,880,720,720,720,880,720,720,720,720,720,720,720,880,880,720,720,720,720,720,720,720,720,880,720,720,720,720,720,720,720,720,720,880,880,880,720,720,720,590,590,480,480,480,480
"camera editor app",135000,"stable -19%","-19%",69,"0.19","$1.21",No,"Length: Body (3–4 words) · Seasonality: Evergreen",135000,135000,135000,135000,135000,135000,135000,135000,135000,135000,135000,135000,135000,135000,110000,110000,135000,135000,110000,135000,135000,135000,135000,135000,135000,110000,110000,110000,135000,135000,110000,135000,135000,135000,135000,135000,135000,201000,165000,135000,135000,135000,110000,110000,110000,135000,135000,135000
"image editor download",3600,"declining -38%","-38%",49,"0.17","$0.51",No,"Length: Body (3–4 words) · Seasonality: Evergreen",12100,12100,12100,12100,12100,12100,9900,12100,12100,12100,12100,12100,9900,9900,9900,8100,9900,12100,22200,14800,14800,14800,12100,12100,9900,8100,8100,8100,8100,8100,5400,6600,5400,5400,5400,5400,5400,5400,4400,4400,4400,3600,3600,3600,2900,3600,2900,2900
"editor app online",1900,"stable -11%","-11%",43,"0.21","$0.71",No,"Contains: editor app online · Length: Body (3–4 words) · Seasonality: Evergreen",1900,1900,1900,1900,1900,1900,1900,1900,1900,1900,1900,1900,1900,1900,1900,1900,1900,2400,1900,2400,1900,1900,1900,1900,1600,2400,2900,1600,1600,1900,1600,1900,1600,1900,1600,1600,1900,1900,1900,1900,1600,1900,1600,1900,1900,1900,1600,1600
"photo on photo",1900,"stable 9%","+9%",53,"0.03","$1.12",No,"Contains: photo on photo · Length: Body (3–4 words) · Seasonality: Evergreen",1300,1300,1300,1300,1300,1300,1000,1300,1600,1600,1300,1300,1600,1600,1600,1600,1600,1600,1600,1300,1900,1900,1900,1600,1600,1600,1600,1600,1600,1300,1600,1900,1900,1900,1900,1600,1900,1900,1900,1900,1900,1900,1600,1900,1900,1900,1900,2400
"camera location",2400,"stable -7%","-7%",42,"0.25","$0.30",No,"Length: Head (1–2 words) · Seasonality: Evergreen",1600,1600,1600,1300,1600,1600,1600,1600,1900,1900,1900,1900,1900,1900,1900,1600,1600,1900,1900,1900,1900,1900,1900,2400,2900,2900,2900,2400,2400,2400,2400,2900,2400,2900,2900,2900,2400,2400,2400,1900,1900,2400,1900,2400,1900,1900,2400,2400
"timestamp editor online",90,"stable -14%","-14%",32,"0.02","N/A",No,"Length: Body (3–4 words) · Seasonality: Evergreen",70,50,70,70,70,70,70,70,50,50,50,50,40,90,140,90,70,90,140,170,90,140,110,140,140,140,140,140,70,110,90,110,50,70,90,90,90,90,110,90,90,110,110,140,110,90,90,70
"need a photo editor",70,"stable 19%","+19%",27,"0.14","$1.70",No,"Contains: a photo editor · Length: Body (3–4 words) · Seasonality: Peaks in March",90,70,90,70,50,90,70,70,70,90,90,70,90,70,70,70,70,70,50,90,50,50,40,90,70,90,70,70,50,110,110,260,90,90,70,70,70,70,70,70,50,70,70,110,70,90,90,70
"geo tag photo app",1000,"growing 73%","+73%",25,"0.5","$0.07",No,"Length: Body (3–4 words) · Seasonality: Evergreen",480,480,480,480,390,480,320,480,390,590,590,390,480,720,590,480,590,720,480,590,480,480,590,880,880,880,590,720,720,880,720,720,880,880,880,1000,880,1000,720,1000,880,1000,1000,1000,1000,1000,1600,1900
"picture editor download",3600,"declining -38%","-38%",49,"0.17","$0.51",No,"Length: Body (3–4 words) · Seasonality: Evergreen",12100,12100,12100,12100,12100,12100,9900,12100,12100,12100,12100,12100,9900,9900,9900,8100,9900,12100,22200,14800,14800,14800,12100,12100,9900,8100,8100,8100,8100,8100,5400,6600,5400,5400,5400,5400,5400,5400,4400,4400,4400,3600,3600,3600,2900,3600,2900,2900
"photo to picture online",10,"declining -40%","-40%",17,"0","N/A",No,"Length: Body (3–4 words) · Seasonality: Peaks in November",50,50,70,50,50,40,20,30,30,40,40,20,30,40,30,90,50,50,50,30,50,50,40,90,50,50,70,90,90,70,50,40,30,20,20,10,20,20,10,20,20,10,10,10,10,10,10,10
"editor app download",14800,"growing 108%","+108%",66,"0.05","$0.12",No,"Contains: editor app download · Length: Body (3–4 words) · Seasonality: Evergreen",5400,5400,5400,5400,5400,2900,2400,2900,3600,4400,5400,6600,6600,6600,6600,6600,8100,8100,8100,8100,6600,8100,8100,6600,6600,5400,5400,5400,5400,8100,5400,5400,5400,5400,6600,8100,8100,12100,9900,8100,12100,14800,14800,18100,18100,18100,22200,22200
"geotag photo editor",2400,"growing 213%","+213%",55,"0.02","$0.10",No,"Length: Body (3–4 words) · Seasonality: Peaks in July",30,50,40,50,70,70,50,90,70,50,90,110,90,90,90,110,140,210,170,260,260,260,320,480,480,590,590,590,480,720,590,720,880,880,880,1000,880,1300,1300,2400,2900,2400,2900,2900,2900,2900,3600,4400
"photo editor simple",2900,"stable -18%","-18%",41,"0.29","$2.05",No,"Length: Body (3–4 words) · Seasonality: Evergreen",2900,2900,2900,2400,2400,2900,2900,2900,2400,2400,2400,2400,2400,2900,2900,2900,2900,2900,4400,3600,3600,3600,3600,3600,2900,2900,2900,2900,5400,2900,2900,2900,2900,2900,2900,2400,2900,2900,3600,2900,2900,2900,2400,2900,2400,2900,2400,2400
"imagen photo editor",1300,"stable 0%","0%",47,"0.1","$1.04",No,"Length: Body (3–4 words) · Seasonality: Evergreen",880,880,720,720,720,720,720,880,720,880,720,590,720,720,720,720,720,1000,880,1000,880,880,720,880,720,880,880,880,880,880,880,880,1000,1000,880,1000,1000,1300,1300,1000,1000,1300,1000,1300,1000,1300,1300,1000
"image fix",3600,"stable -19%","-19%",53,"0.1","$1.35",No,"Length: Head (1–2 words) · Seasonality: Evergreen",1000,1000,1300,1300,1000,1300,1300,1600,1300,1600,1300,1600,1600,1600,1600,1600,1600,2400,1900,1900,1900,1900,1600,1900,1900,1900,1900,1900,1900,2400,2400,3600,3600,3600,3600,3600,2900,3600,3600,3600,4400,3600,3600,2900,2900,2400,2900,2900
"photo add online",3600,"declining -34%","-34%",56,"0.06","$0.29",No,"Contains: photo add online · Length: Body (3–4 words) · Seasonality: Evergreen",5400,5400,5400,5400,5400,6600,5400,5400,5400,5400,5400,5400,5400,5400,5400,4400,5400,5400,5400,5400,5400,5400,4400,5400,5400,4400,5400,4400,4400,4400,3600,4400,4400,3600,3600,3600,4400,4400,3600,3600,3600,3600,3600,2900,2400,2900,2900,2400
"photo editor location",480,"growing 143%","+143%",44,"0.01","$0.18",No,"Length: Body (3–4 words) · Seasonality: Evergreen",320,210,260,260,320,260,260,320,260,260,260,320,260,260,210,210,210,260,210,170,140,170,170,210,140,110,90,140,140,170,110,140,110,140,170,170,260,320,320,390,390,390,320,390,390,590,720,880
"add geotag",70,"growing 79%","+79%",30,"0.03","N/A",No,"Length: Head (1–2 words) · Seasonality: Evergreen",20,20,10,10,10,10,10,10,10,20,10,20,20,20,20,10,30,40,30,40,30,30,30,20,30,20,30,30,10,50,40,70,30,40,30,50,40,50,50,70,70,70,70,90,50,70,90,90
"upload your photo",880,"stable -14%","-14%",43,"0.12","$1.02",No,"Length: Body (3–4 words) · Seasonality: Peaks in October",480,480,480,480,480,480,390,480,390,480,390,390,480,480,2900,590,480,390,390,480,1600,720,590,480,390,390,390,390,390,480,390,590,480,590,720,590,720,1600,880,720,590,720,720,720,590,1000,880,880
"geotag editor",720,"growing 81%","+81%",47,"0.01","$0.16",No,"Length: Head (1–2 words) · Seasonality: Evergreen",90,70,70,50,50,50,40,70,70,70,50,70,170,110,90,70,90,70,110,140,140,140,170,170,170,170,170,170,210,210,210,260,260,260,320,390,320,480,480,720,720,590,720,880,880,720,720,880
"add editor",390,"growing 31%","+31%",42,"0.02","$0.58",No,"Length: Head (1–2 words) · Seasonality: Evergreen",210,210,210,260,320,320,210,260,260,260,260,260,210,210,260,260,260,390,320,320,260,260,260,320,260,260,320,260,260,320,320,320,320,320,320,390,320,320,390,320,320,390,260,720,390,390,480,480
"photo editor online add photo",20,"declining -25%","-25%",19,"0.12","N/A",No,"Contains: photo editor online · Length: Long tail (5+ words) · Seasonality: Peaks in January",10,10,20,20,40,40,30,40,30,40,30,50,50,20,10,20,30,50,50,40,40,10,30,30,30,20,20,30,30,30,20,10,10,20,10,30,10,20,10,20,20,30,20,10,10,10,10,10
"photo editor add images",590,"declining -45%","-45%",36,"0.22","$0.79",No,"Contains: photo editor add · Length: Body (3–4 words) · Seasonality: Evergreen",720,720,720,720,880,720,720,720,880,720,720,720,720,720,720,720,880,880,720,720,720,720,720,720,720,720,880,720,720,720,720,720,720,720,720,720,880,880,880,720,720,720,590,590,480,480,480,480
"location photo editor",110,"growing 31%","+31%",32,"0.06","$0.05",No,"Length: Body (3–4 words) · Seasonality: Evergreen",50,50,50,30,50,70,40,70,40,50,70,50,50,70,70,40,90,90,140,30,40,40,50,70,70,50,50,50,90,50,70,90,90,90,70,110,140,110,70,110,110,90,140,110,110,110,140,170
"picture image",9900,"stable -18%","-18%",64,"0.04","$3.06",No,"Length: Head (1–2 words) · Seasonality: Evergreen",18100,18100,18100,18100,14800,18100,14800,14800,12100,12100,12100,12100,12100,12100,12100,12100,12100,14800,12100,14800,12100,12100,12100,12100,12100,12100,12100,12100,9900,12100,9900,12100,12100,12100,9900,12100,12100,12100,12100,9900,9900,12100,9900,12100,9900,9900,9900,9900
"photo timestamp",12100,"growing 55%","+55%",67,"0.01","$0.40",No,"Length: Head (1–2 words) · Seasonality: Evergreen",880,880,880,1300,1600,1600,1600,1900,1900,1900,2400,2400,2400,2400,2400,2400,2900,2900,3600,1000,1000,1000,1000,1300,1000,1300,1300,1300,1000,1300,1300,1300,1600,1900,2400,2900,6600,9900,12100,9900,12100,9900,8100,9900,12100,14800,14800,14800
"create photo editor",170,"stable 12%","+12%",28,"0.25","$0.21",No,"Length: Body (3–4 words) · Seasonality: Evergreen",70,90,110,70,70,90,90,90,90,70,50,70,70,90,140,90,140,210,170,210,260,320,210,320,170,140,170,140,140,140,90,140,140,110,140,140,140,260,170,140,140,210,170,140,140,210,170,260
"add gps location to photo",590,"growing 87%","+87%",42,"0.09","$0.10",No,"Length: Long tail (5+ words) · Seasonality: Evergreen",170,140,170,170,170,210,210,260,210,210,320,210,320,390,320,320,260,210,170,260,320,260,320,260,320,260,260,320,390,390,390,390,390,390,480,480,390,390,390,480,590,590,590,590,390,590,720,880
"add gps to photos",70,"growing 35%","+35%",28,"0.1","$0.20",No,"Length: Body (3–4 words) · Seasonality: Evergreen",40,30,40,50,40,50,50,50,50,50,50,50,50,70,70,30,70,70,70,70,90,70,90,90,90,50,70,90,90,50,70,70,50,70,50,70,50,70,50,70,50,50,50,50,50,70,90,70
"photo add editor online",10,"declining -50%","-50%",16,"0.06","N/A",No,"Length: Body (3–4 words) · Seasonality: Evergreen",10,10,10,10,10,10,10,40,30,20,50,50,50,40,50,30,70,70,40,40,30,50,50,50,40,30,30,30,40,30,30,40,40,40,40,30,30,20,10,20,20,10,10,10,10,10,10,10
"photo editor online add image",20,"declining -50%","-50%",21,"0.04","N/A",No,"Contains: photo editor online · Length: Long tail (5+ words) · Seasonality: Evergreen",40,50,50,30,50,70,40,50,70,40,40,30,40,30,40,40,40,30,20,50,40,40,50,40,40,50,50,30,50,50,40,50,40,30,30,20,30,30,20,20,30,20,10,10,30,10,20,10
"online add photo editor",10,"declining -33%","-33%",11,"0.38","N/A",No,"Contains: add photo editor · Length: Body (3–4 words) · Seasonality: Evergreen",10,10,10,10,20,10,10,10,10,10,10,10,10,10,10,10,10,10,10,10,10,10,10,10,10,10,10,10,10,10,10,10,10,10,10,10,10,10,10,10,10,10,10,10,10,0,10,10
"geotag photo app",2900,"growing 22%","+22%",28,"0.51","$0.07",No,"Length: Body (3–4 words) · Seasonality: Evergreen",880,720,720,720,720,880,880,1000,880,1000,1000,1000,1600,1600,1900,1300,1600,1600,1300,1300,1300,1300,1600,2400,1900,2400,1900,1900,1900,2400,1900,2400,2900,2400,2900,3600,2900,3600,2400,2400,2400,2900,2400,2400,2400,2900,3600,4400
"photo modifier online",6600,"declining -28%","-28%",50,"0.22","$0.49",No,"Length: Body (3–4 words) · Seasonality: Evergreen",18100,18100,18100,18100,18100,18100,18100,22200,18100,22200,18100,18100,18100,18100,14800,14800,14800,14800,18100,18100,18100,18100,14800,14800,14800,12100,12100,33100,27100,9900,9900,9900,9900,8100,8100,8100,8100,8100,8100,8100,8100,6600,6600,6600,5400,6600,5400,5400
"metadata photo",1600,"stable -17%","-17%",52,"0.03","$0.12",No,"Length: Head (1–2 words) · Seasonality: Evergreen",2400,2400,2400,2400,2900,2900,2400,2900,2900,2400,1900,2400,2400,2400,2400,2400,2400,2400,2400,2900,2900,2400,2400,2400,2400,1900,2400,1900,1900,1900,1600,1900,1600,1600,1600,1900,1600,1900,1900,1600,1600,1600,1300,1600,1600,1600,1300,1600
"add photo editor online",70,"declining -55%","-55%",30,"0.03","N/A",No,"Contains: photo editor online · Contains: add photo editor · Length: Body (3–4 words) · Seasonality: Evergreen",50,30,50,40,50,50,40,70,70,90,70,70,30,40,110,90,70,70,70,70,70,90,70,50,40,40,50,50,50,50,70,50,40,50,40,90,90,110,110,90,70,50,50,30,70,50,40,50
"instagram photo editor online",170,"declining -30%","-30%",34,"0.08","$1.17",No,"Contains: photo editor online · Length: Body (3–4 words) · Seasonality: Evergreen",880,880,880,880,880,1000,880,1000,1000,1000,1000,1300,1000,720,880,720,720,1000,720,720,590,720,720,720,590,590,390,480,390,390,390,480,320,260,260,210,210,320,210,210,210,140,140,140,140,210,170,140
"photo editor add photo",590,"declining -45%","-45%",36,"0.22","$0.79",No,"Contains: photo editor add · Length: Body (3–4 words) · Seasonality: Evergreen",720,720,720,720,880,720,720,720,880,720,720,720,720,720,720,720,880,880,720,720,720,720,720,720,720,720,880,720,720,720,720,720,720,720,720,720,880,880,880,720,720,720,590,590,480,480,480,480
"to photo add",50,"declining -37%","-37%",26,"0.09","$0.24",No,"Contains: to photo add · Length: Body (3–4 words) · Seasonality: Evergreen",10,10,10,10,10,10,10,10,10,10,10,10,20,10,20,10,10,20,10,20,10,10,10,20,30,30,20,30,40,50,40,70,70,50,50,50,50,70,70,40,70,70,50,50,30,40,50,30
"location timestamp",10,"growing 33%","+33%",16,"0.08","N/A",No,"Length: Head (1–2 words) · Seasonality: Evergreen",20,20,10,20,10,10,10,10,10,10,20,20,10,10,20,20,10,10,20,20,10,10,10,10,10,10,10,20,10,10,10,20,10,10,10,10,10,10,10,10,10,10,10,10,10,10,10,20
"editor photo editor",390,"declining -29%","-29%",40,"0.08","$0.33",No,"Contains: editor photo editor · Length: Body (3–4 words) · Seasonality: Evergreen",480,480,480,320,320,320,320,320,320,320,260,320,320,260,260,260,260,390,590,590,480,480,480,480,590,480,480,390,390,390,390,480,390,480,390,590,390,590,480,390,320,390,320,320,260,390,320,320
"add image",9900,"growing 38%","+38%",65,"0.02","$0.83",No,"Length: Head (1–2 words) · Seasonality: Evergreen",5400,5400,5400,6600,5400,5400,5400,6600,5400,5400,5400,5400,6600,5400,6600,5400,5400,6600,6600,6600,5400,6600,5400,5400,5400,5400,6600,5400,5400,5400,5400,5400,5400,5400,5400,5400,5400,8100,8100,9900,9900,9900,8100,9900,8100,9900,9900,9900
"online photo apps",260,"declining -24%","-24%",33,"0.17","$1.70",No,"Length: Body (3–4 words) · Seasonality: Evergreen",260,320,260,260,260,320,260,320,260,320,260,320,320,260,390,320,390,390,320,390,390,320,390,320,390,320,320,320,320,320,320,320,260,260,260,260,320,320,320,260,260,260,210,210,260,260,260,210
"photo editor photo editor",823000,"stable -13%","-13%",75,"0.24","$0.78",No,"Contains: photo editor photo · Contains: editor photo editor · Length: Body (3–4 words) · Seasonality: Evergreen",673000,673000,673000,673000,673000,823000,673000,823000,823000,823000,823000,823000,823000,823000,823000,823000,823000,1000000,1000000,1000000,1000000,1000000,1000000,1000000,823000,823000,1000000,823000,823000,823000,823000,823000,823000,823000,823000,823000,823000,1000000,1000000,823000,823000,823000,823000,823000,823000,823000,823000,823000
"apple photo editor app",210,"declining -32%","-32%",29,"0.24","$2.28",No,"Contains: photo editor app · Length: Body (3–4 words) · Seasonality: Evergreen",140,170,140,140,170,170,140,170,170,110,170,170,140,140,170,140,170,140,110,110,170,110,170,140,170,260,390,320,390,480,170,170,170,170,140,170,320,260,170,170,210,210,170,140,170,170,170,170
"photo fix online free",590,"stable -12%","-12%",22,"0.52","$1.50",No,"Length: Body (3–4 words) · Seasonality: Evergreen",260,260,260,260,390,320,320,320,390,320,390,480,390,480,480,390,480,480,480,480,480,590,480,480,590,480,480,480,590,480,480,480,480,590,480,480,590,590,590,720,720,720,590,590,590,590,480,480
"time stamp editor online",50,"stable 7%","+7%",27,"0.04","N/A",No,"Length: Body (3–4 words) · Seasonality: Evergreen",40,30,50,50,40,30,40,40,20,10,20,20,20,20,20,20,20,10,20,20,20,30,50,50,50,50,50,50,30,50,50,50,30,40,70,50,40,70,40,70,50,70,70,70,70,50,70,40
"online photo editor online",165000,"declining -33%","-33%",73,"0.16","$0.55",No,"Contains: photo editor online · Contains: online photo editor · Length: Body (3–4 words) · Seasonality: Evergreen",301000,301000,301000,301000,301000,301000,301000,368000,301000,301000,301000,301000,301000,301000,301000,301000,301000,301000,301000,301000,301000,301000,246000,246000,246000,246000,246000,246000,246000,246000,201000,246000,201000,201000,201000,201000,201000,201000,201000,165000,165000,165000,135000,135000,135000,135000,135000,135000
"photo editor app photo",90,"stable -7%","-7%",32,"0.03","$1.98",No,"Contains: photo editor app · Length: Body (3–4 words) · Seasonality: Evergreen",170,170,140,140,110,140,170,210,170,210,210,210,210,140,140,140,170,170,140,210,110,110,140,140,140,70,90,50,70,70,90,50,50,70,70,50,90,110,90,70,90,70,70,70,70,90,70,110
"photo editor ka photo",210,"declining -43%","-43%",38,"0.01","N/A",No,"Length: Body (3–4 words) · Seasonality: Peaks in February",590,720,590,480,590,480,590,590,590,480,590,590,480,720,480,480,480,1300,3600,2900,2400,2400,1900,1900,1300,1000,720,590,720,480,390,390,320,260,260,260,320,260,260,260,210,170,140,170,110,140,170,170
"photo timestamp editor",90,"declining -24%","-24%",27,"0.18","$0.18",No,"Length: Body (3–4 words) · Seasonality: Evergreen",110,70,110,110,140,90,90,140,90,90,70,90,90,90,140,110,110,90,90,70,90,90,110,90,110,90,140,140,140,140,110,110,90,110,110,140,110,110,110,110,90,90,110,90,70,90,70,90
"tag photo editor",50,"declining -21%","-21%",28,"0.03","N/A",No,"Length: Body (3–4 words) · Seasonality: Peaks in November",320,320,320,260,320,260,210,210,210,260,260,260,260,320,210,590,170,140,140,170,140,170,110,90,90,70,140,140,140,90,70,110,70,70,70,90,50,90,50,50,70,70,50,40,90,70,40,40
"photo to add photo",70,"stable -15%","-15%",28,"0.09","$0.26",No,"Length: Body (3–4 words) · Seasonality: Evergreen",20,20,20,20,40,30,30,30,30,20,50,30,50,30,50,40,30,70,30,70,50,70,50,40,50,70,50,70,70,90,70,90,70,90,90,70,110,70,90,70,70,90,70,70,70,70,70,90
"photo editor photo editor photo editor",60500,"declining -24%","-24%",51,"0.36","$0.91",No,"Contains: photo editor photo · Contains: editor photo editor · Length: Long tail (5+ words) · Seasonality: Evergreen",60500,60500,60500,60500,60500,60500,60500,60500,74000,74000,60500,60500,60500,60500,74000,74000,74000,74000,74000,74000,74000,74000,60500,60500,60500,60500,74000,60500,60500,60500,60500,60500,60500,60500,60500,60500,60500,74000,74000,60500,60500,60500,60500,60500,60500,60500,49500,49500
"photo editor online image",8100,"declining -41%","-41%",51,"0.22","$0.62",No,"Contains: photo editor online · Length: Body (3–4 words) · Seasonality: Evergreen",14800,14800,14800,14800,14800,14800,14800,14800,14800,14800,12100,12100,14800,12100,14800,14800,14800,14800,12100,12100,12100,12100,12100,12100,12100,12100,12100,12100,12100,12100,9900,12100,9900,9900,9900,9900,9900,9900,9900,9900,8100,8100,6600,8100,6600,6600,5400,5400
"add gps data to photos",30,"stable 0%","0%",24,"0.03","N/A",No,"Length: Long tail (5+ words) · Seasonality: Evergreen",40,40,40,40,30,70,40,30,50,40,50,70,70,50,50,40,30,50,50,40,40,40,40,50,50,50,40,40,50,50,50,40,40,50,30,40,30,20,20,20,30,20,20,30,40,10,20,40
"time stamp photo editor",90,"stable 8%","+8%",25,"0.22","$0.32",No,"Length: Body (3–4 words) · Seasonality: Evergreen",20,20,20,40,30,30,30,30,20,10,20,30,30,10,30,50,50,30,40,50,30,70,40,70,50,70,70,40,50,40,50,70,90,70,90,70,90,70,90,90,90,110,90,110,110,90,90,90
"add to photos",9900,"growing 22%","+22%",65,"0.03","$0.66",No,"Length: Body (3–4 words) · Seasonality: Evergreen",5400,4400,5400,6600,6600,8100,6600,8100,8100,8100,6600,8100,8100,6600,6600,6600,6600,6600,6600,6600,5400,6600,6600,6600,8100,8100,8100,6600,8100,8100,6600,8100,6600,6600,6600,8100,8100,9900,8100,8100,8100,9900,8100,8100,8100,9900,9900,12100
"online editor online",33100,"stable -18%","-18%",67,"0.11","$0.62",No,"Length: Body (3–4 words) · Seasonality: Evergreen",40500,40500,40500,40500,40500,40500,40500,49500,40500,40500,40500,40500,40500,40500,40500,40500,40500,49500,40500,40500,40500,40500,40500,40500,40500,40500,40500,33100,33100,40500,33100,40500,33100,40500,33100,33100,33100,33100,33100,33100,33100,33100,33100,33100,33100,27100,27100,27100
"image fixer online",880,"declining -27%","-27%",32,"0.34","$1.10",No,"Length: Body (3–4 words) · Seasonality: Evergreen",1600,1600,1600,1600,1900,1900,1900,1900,1900,1900,1900,1900,1900,1900,2400,1900,1900,1900,1900,1900,1900,1900,1900,1900,1600,1600,1600,1600,1300,1300,1600,1600,1300,1300,1300,1000,1000,1000,1000,1000,1000,880,720,880,720,880,720,590
"picture photo editor",9900,"growing 22%","+22%",62,"0.07","$1.29",No,"Length: Body (3–4 words) · Seasonality: Evergreen",14800,14800,14800,14800,14800,14800,14800,14800,12100,12100,12100,12100,9900,9900,9900,8100,9900,12100,18100,14800,12100,12100,12100,9900,9900,8100,8100,6600,6600,8100,6600,6600,8100,6600,6600,6600,8100,9900,9900,9900,9900,9900,9900,9900,9900,12100,12100,9900
"photo change",6600,"stable -4%","-4%",52,"0.19","$0.68",No,"Length: Head (1–2 words) · Seasonality: Evergreen",1900,1900,1900,1900,2400,2400,1900,1900,1900,2400,2400,2400,2400,2400,2400,2400,2900,3600,3600,3600,3600,3600,3600,3600,3600,3600,3600,3600,3600,3600,3600,4400,5400,4400,4400,5400,4400,9900,6600,5400,6600,6600,5400,5400,5400,8100,6600,5400
"online add image",10,"stable 0%","0%",17,"0.01","N/A",No,"Length: Body (3–4 words) · Seasonality: Evergreen",20,50,30,20,20,20,20,30,20,30,20,10,20,10,20,30,10,30,10,10,10,20,20,10,10,20,20,10,10,10,10,20,20,10,10,10,10,10,10,10,20,10,10,10,10,10,10,10
"to add photo",70,"stable 10%","+10%",29,"0.05","$0.81",No,"Length: Body (3–4 words) · Seasonality: Evergreen",70,70,50,50,90,90,50,50,70,70,70,50,50,70,70,70,70,90,70,50,90,90,70,50,70,70,70,70,50,90,70,90,50,70,70,90,70,70,70,70,50,70,40,70,50,70,70,90
"photo time stamp online",20,"declining -33%","-33%",20,"0.09","N/A",No,"Contains: photo time stamp · Length: Body (3–4 words) · Seasonality: Evergreen",30,40,30,20,20,10,20,20,10,10,20,20,20,20,20,20,40,40,30,40,20,70,20,40,40,20,30,20,30,30,30,30,20,20,10,20,30,40,20,20,10,20,30,20,20,20,20,20
"photo editor app photo editor app",40,"stable 0%","0%",24,"0.12","$0.03",No,"Contains: photo editor app · Length: Long tail (5+ words) · Seasonality: Evergreen",50,30,50,70,70,70,70,70,70,50,50,50,50,40,50,50,50,50,50,70,50,70,40,70,40,90,50,50,50,50,50,50,70,40,40,50,30,50,40,40,50,40,50,40,30,50,40,30
"your photo editor",720,"stable -12%","-12%",34,"0.29","$1.11",No,"Length: Body (3–4 words) · Seasonality: Evergreen",1000,1000,1000,880,1000,880,880,720,880,880,880,880,880,720,720,720,880,880,1000,880,880,880,880,720,880,720,720,720,720,720,720,880,880,880,720,720,720,880,880,720,880,720,720,720,720,880,720,590
"photo timestamp online",30,"declining -36%","-36%",24,"0.03","N/A",No,"Length: Body (3–4 words) · Seasonality: Evergreen",70,70,50,70,40,30,40,40,30,50,30,30,40,50,20,20,20,40,40,40,30,50,30,50,30,50,70,40,40,50,40,40,50,40,40,20,30,40,40,20,10,20,20,30,20,20,20,30
"photo add to photo",140,"stable -7%","-7%",33,"0.08","$0.28",No,"Length: Body (3–4 words) · Seasonality: Evergreen",110,90,70,110,140,90,110,90,90,90,90,140,90,70,110,90,70,90,90,110,170,90,90,110,140,110,140,110,140,140,110,140,140,170,170,170,170,140,140,170,170,140,140,140,170,140,140,140
"select photos",2400,"stable 7%","+7%",55,"0.02","$7.87",No,"Length: Head (1–2 words) · Seasonality: Evergreen",1300,1600,1600,1600,1600,1600,1300,1600,1300,1600,1600,1600,1600,1600,1600,1900,1900,1600,1600,1900,1900,2400,1900,1900,1600,1900,1900,1600,1900,1600,1600,1900,1600,1900,1900,1900,2400,1900,2400,2400,2900,2400,1900,2400,2400,2400,2400,2400
"photo add image",1000,"stable 9%","+9%",46,"0.08","$0.38",No,"Length: Body (3–4 words) · Seasonality: Evergreen",590,480,590,480,720,720,590,720,590,720,590,720,720,720,590,590,720,720,590,590,590,590,590,720,720,590,720,590,720,720,720,720,720,720,720,720,880,880,1000,1000,1000,1000,880,1000,1000,1000,1000,1000
"upload photo editor",170,"declining -29%","-29%",27,"0.28","$1.23",No,"Length: Body (3–4 words) · Seasonality: Evergreen",260,170,210,170,210,170,210,210,210,170,170,170,210,210,170,210,170,210,260,210,210,260,260,260,210,210,210,170,210,260,210,320,210,170,210,210,170,210,170,210,170,210,140,170,170,140,140,110
"photo add in photo",480,"stable -18%","-18%",42,"0.07","$0.31",No,"Contains: add in photo · Length: Body (3–4 words) · Seasonality: Evergreen",70,70,90,70,90,90,90,110,90,90,140,110,170,140,110,170,210,260,480,590,480,590,590,590,480,390,590,480,590,590,390,480,590,590,720,880,880,720,320,480,720,480,480,260,390,390,590,590
"add location on photo",720,"stable -13%","-13%",42,"0.11","$0.08",No,"Length: Body (3–4 words) · Seasonality: Evergreen",390,390,390,390,390,480,390,390,480,590,480,590,590,720,590,590,590,590,590,590,590,720,720,720,880,720,720,720,720,880,720,720,720,720,720,720,720,880,880,720,880,720,590,720,590,720,720,720
"photo add on photo",480,"declining -39%","-39%",42,"0.06","$0.23",No,"Length: Body (3–4 words) · Seasonality: Evergreen",70,70,70,90,70,90,50,90,70,90,70,90,90,90,70,90,90,110,110,110,110,110,110,170,170,210,320,390,720,880,880,1000,880,720,480,480,480,720,590,590,390,590,480,480,390,390,320,390
"free photo editor online free",33100,"declining -28%","-28%",53,"0.29","$0.52",No,"Contains: photo editor online · Contains: editor online free · Length: Long tail (5+ words) · Seasonality: Evergreen",33100,33100,40500,40500,40500,40500,40500,49500,40500,40500,40500,40500,40500,40500,40500,40500,40500,49500,49500,49500,40500,40500,40500,40500,40500,40500,40500,40500,49500,49500,49500,49500,49500,49500,40500,40500,40500,40500,40500,40500,40500,33100,33100,33100,33100,33100,27100,27100
"add your photos",390,"growing 69%","+69%",43,"0","N/A",No,"Length: Body (3–4 words) · Seasonality: Evergreen",90,110,70,70,70,140,170,140,140,210,210,110,140,90,90,110,140,210,170,110,110,210,140,170,140,110,110,90,140,90,70,90,70,170,140,140,210,320,320,320,390,390,320,320,320,480,480,480
"install photo editor",110,"declining -36%","-36%",22,"0.34","$0.13",No,"Length: Body (3–4 words) · Seasonality: Evergreen",210,210,210,210,210,170,140,170,170,210,210,170,110,170,170,170,140,140,140,140,140,140,140,210,210,170,140,170,170,210,140,140,140,110,140,140,140,140,140,110,110,110,110,110,90,110,90,70
"photo editor with add photo",590,"declining -45%","-45%",36,"0.22","$0.79",No,"Length: Long tail (5+ words) · Seasonality: Evergreen",720,720,720,720,880,720,720,720,880,720,720,720,720,720,720,720,880,880,720,720,720,720,720,720,720,720,880,720,720,720,720,720,720,720,720,720,880,880,880,720,720,720,590,590,480,480,480,480
"photo to add",20,"growing 33%","+33%",21,"0.04","N/A",No,"Length: Body (3–4 words) · Seasonality: Evergreen",10,10,10,10,10,10,10,10,10,10,10,10,10,10,10,10,10,10,10,10,10,20,10,10,20,10,10,10,10,10,10,20,20,10,10,10,20,10,30,20,30,30,10,20,30,30,30,20
"photo editor free no sign up",720,"growing 400%","+400%",43,"0.09","$1.62",No,"Length: Long tail (5+ words) · Seasonality: Peaks in July",40,40,40,30,50,40,50,70,70,50,90,50,70,50,70,110,140,110,140,110,140,170,210,260,260,170,210,170,260,210,210,210,320,320,260,260,260,260,320,390,480,720,880,1000,1000,1300,1300,1600
"gps tagging photos",33100,"growing 24%","+24%",58,"0.23","$0.06",No,"Length: Body (3–4 words) · Seasonality: Evergreen",9900,9900,8100,9900,9900,14800,12100,12100,9900,9900,9900,9900,14800,14800,14800,12100,12100,18100,14800,14800,14800,14800,18100,22200,18100,22200,22200,18100,18100,22200,22200,27100,33100,27100,33100,33100,27100,33100,27100,27100,27100,33100,27100,27100,27100,27100,40500,40500
"photo editor is",20,"growing 100%","+100%",22,"0.02","N/A",No,"Length: Body (3–4 words) · Seasonality: Evergreen",10,10,10,10,10,10,10,10,10,10,10,10,10,10,20,20,10,10,10,10,10,10,20,20,20,20,30,30,10,10,20,20,10,20,10,10,10,10,20,20,10,10,20,20,20,20,20,40
"online photo editor add photo",20,"declining -70%","-70%",22,"0","N/A",No,"Contains: online photo editor · Contains: photo editor add · Length: Long tail (5+ words) · Seasonality: Evergreen",50,70,70,50,70,90,70,90,50,70,70,50,90,50,70,70,70,70,40,70,50,50,50,70,50,40,50,50,20,50,40,40,50,50,50,50,50,30,20,40,40,30,20,30,20,10,10,10
"snapshot editor",90,"declining -47%","-47%",30,"0.08","$0.74",No,"Length: Head (1–2 words) · Seasonality: Peaks in August",110,90,90,90,90,110,90,110,140,320,170,90,1600,1300,110,140,170,140,140,170,140,140,110,140,140,170,140,140,140,110,110,110,110,110,110,110,110,110,140,90,90,70,90,90,110,70,70,50
"i need a photo editor",90,"growing 164%","+164%",22,"0.33","$2.59",No,"Contains: a photo editor · Length: Long tail (5+ words) · Seasonality: Peaks in July",30,20,30,20,10,30,30,10,30,20,20,30,10,20,20,10,20,20,10,20,20,10,10,10,20,20,10,40,30,20,30,30,30,30,50,30,50,40,50,70,70,70,70,90,90,110,90,170
"photo time stamp editor",110,"declining -49%","-49%",29,"0.14","$0.48",No,"Contains: photo time stamp · Length: Body (3–4 words) · Seasonality: Evergreen",90,90,90,110,110,90,110,140,110,140,140,170,140,170,170,210,170,210,170,170,140,140,110,140,110,90,110,140,140,110,140,140,110,170,140,170,170,140,140,110,110,110,90,90,90,90,50,90
"photo online photo editor",10,"stable 0%","0%",17,"0.03","N/A",No,"Contains: online photo editor · Length: Body (3–4 words) · Seasonality: Peaks in May",20,10,20,30,10,10,20,50,70,140,70,50,70,70,30,50,50,50,70,90,50,70,40,30,40,20,30,20,30,20,10,10,20,10,20,20,10,20,10,10,20,10,10,10,10,10,10,20
"add time stamp on photos online",50,"stable 0%","0%",28,"0","N/A",No,"Contains: add time stamp · Length: Long tail (5+ words) · Seasonality: Evergreen",70,70,70,70,70,70,50,70,50,90,70,70,90,110,110,140,110,110,110,110,70,110,110,140,90,90,70,90,70,70,50,90,70,70,70,70,40,50,40,70,70,50,70,70,50,40,70,20
"add time stamp to photos online",90,"stable -12%","-12%",32,"0.01","N/A",No,"Contains: add time stamp · Contains: stamp to photos · Contains: time stamp to · Length: Long tail (5+ words) · Seasonality: Evergreen",20,40,50,40,40,40,30,40,50,50,40,30,40,40,50,50,70,30,50,70,70,90,70,90,90,90,110,90,90,90,70,70,90,90,90,140,110,70,70,70,90,70,90,90,110,90,90,40
"photo picture photo",50,"declining -21%","-21%",26,"0.1","N/A",No,"Length: Body (3–4 words) · Seasonality: Evergreen",210,210,170,140,110,110,140,140,140,170,110,140,140,140,140,170,170,140,170,140,140,170,140,110,90,90,110,90,90,90,70,90,110,90,70,70,70,50,70,70,70,70,50,50,50,50,50,50
"add location data to photos",30,"declining -33%","-33%",22,"0.13","N/A",No,"Length: Long tail (5+ words) · Seasonality: Evergreen",20,20,20,20,30,30,20,40,40,40,30,30,40,50,30,20,20,30,20,30,30,30,30,30,30,30,10,20,20,30,20,30,20,30,30,40,40,40,40,30,40,30,40,20,30,30,30,20
"online photo editor online free",33100,"declining -28%","-28%",53,"0.29","$0.52",No,"Contains: photo editor online · Contains: editor online free · Contains: online photo editor · Length: Long tail (5+ words) · Seasonality: Evergreen",33100,33100,40500,40500,40500,40500,40500,49500,40500,40500,40500,40500,40500,40500,40500,40500,40500,49500,49500,49500,40500,40500,40500,40500,40500,40500,40500,40500,49500,49500,49500,49500,49500,49500,40500,40500,40500,40500,40500,40500,40500,33100,33100,33100,33100,33100,27100,27100
"online photo online",210,"declining -30%","-30%",36,"0.07","$0.46",No,"Length: Body (3–4 words) · Seasonality: Evergreen",320,260,260,320,320,260,260,260,260,260,260,210,260,210,260,260,260,320,320,390,320,320,320,320,320,320,390,320,260,320,320,390,320,260,320,320,260,260,210,170,170,210,140,210,210,170,170,170
"photo add online editor",10,"stable 0%","0%",15,"0.12","N/A",No,"Contains: photo add online · Length: Body (3–4 words) · Seasonality: Evergreen",20,20,10,10,10,10,10,20,20,10,20,20,10,10,10,10,10,10,10,10,10,10,10,10,10,10,10,10,10,10,10,30,10,20,10,10,10,10,10,10,10,10,10,10,10,10,10,10
"photo apps photo",90,"declining -26%","-26%",31,"0.06","$0.33",No,"Length: Body (3–4 words) · Seasonality: Evergreen",110,140,110,70,110,110,110,140,110,140,140,110,110,140,110,140,140,140,170,140,90,170,140,140,140,140,90,110,90,90,140,90,90,90,110,90,90,140,110,90,90,70,90,90,70,90,90,70
"photo editor app online free",320,"declining -34%","-34%",26,"0.37","$0.84",No,"Contains: photo editor app · Contains: editor app online · Length: Long tail (5+ words) · Seasonality: Evergreen",210,210,210,210,260,210,210,260,260,260,260,260,210,210,210,260,320,320,320,320,260,390,320,320,320,320,320,320,260,260,260,390,320,320,320,320,320,390,480,390,320,260,260,260,320,260,320,210
"photo editor photo editor app download",10,"stable 0%","0%",16,"0.1","N/A",No,"Contains: photo editor app · Contains: editor app download · Contains: photo editor photo · Contains: editor photo editor · Length: Long tail (5+ words) · Seasonality: Evergreen",10,10,10,10,10,10,10,10,10,10,10,10,10,10,10,10,10,10,10,20,10,30,30,10,10,20,10,10,20,20,10,20,20,10,10,10,10,10,10,10,10,10,10,10,10,10,10,10
"image to photo editor",20,"growing 125%","+125%",19,"0.14","$0.58",No,"Contains: image to photo · Length: Body (3–4 words) · Seasonality: Evergreen",10,20,20,10,20,10,10,10,20,10,10,30,20,20,10,20,20,30,10,20,20,20,20,10,20,10,20,20,20,30,20,30,30,30,30,20,10,20,10,20,20,20,20,20,20,20,30,40
"download photos online",1300,"stable -13%","-13%",51,"0.01","$2.61",No,"Length: Body (3–4 words) · Seasonality: Evergreen",1600,1300,1600,1600,1300,1600,1300,1600,1300,1300,1300,1300,1300,1600,1600,1300,1600,1900,1600,1600,1900,1900,1600,1900,1600,1600,1600,1900,1600,1600,1300,1600,1300,1300,1600,1300,1600,1600,1300,1300,1600,1600,1000,1600,1300,1300,1300,1300
"online photo editor add image",10,"stable 0%","0%",16,"0.06","N/A",No,"Contains: online photo editor · Contains: photo editor add · Length: Long tail (5+ words) · Seasonality: Peaks in January",30,20,20,20,30,30,10,20,20,20,20,30,20,20,20,20,20,50,10,10,10,20,10,20,20,20,20,10,20,10,20,10,10,10,10,10,10,10,10,10,10,10,10,10,10,10,10,10
"photo editor online free app",70,"declining -26%","-26%",25,"0.19","$0.47",No,"Contains: photo editor online · Contains: editor online free · Length: Long tail (5+ words) · Seasonality: Evergreen",40,50,40,20,40,50,40,70,50,70,50,70,40,70,40,50,50,70,90,50,40,70,70,50,70,50,40,40,40,50,40,70,70,70,40,70,70,90,70,70,70,50,70,70,30,70,50,50
"geo tag image",2400,"growing 26%","+26%",55,"0.02","$0.08",No,"Length: Body (3–4 words) · Seasonality: Evergreen",1300,1000,880,880,720,1300,880,1000,880,1000,880,880,1000,1000,880,880,1000,1600,1300,1000,1000,1300,1000,1600,1300,1300,1300,1300,1000,1900,1300,1600,2400,1900,1900,2400,1900,1900,1900,1900,1900,2900,1900,2400,2400,1900,2400,2900
"photo add photo online",50,"stable -17%","-17%",24,"0.14","$0.21",No,"Contains: add photo online · Length: Body (3–4 words) · Seasonality: Evergreen",70,70,90,90,90,40,70,50,70,90,90,70,90,70,70,50,50,70,70,50,70,90,50,50,70,40,40,10,30,30,40,50,40,40,70,90,70,70,40,50,50,40,40,50,70,70,40,40
"use photos",5400,"stable -13%","-13%",62,"0","$1.10",No,"Length: Head (1–2 words) · Seasonality: Evergreen",5400,5400,5400,5400,5400,5400,5400,5400,5400,6600,5400,5400,5400,5400,5400,6600,5400,6600,6600,6600,6600,6600,5400,6600,5400,6600,6600,6600,6600,6600,5400,6600,6600,6600,5400,5400,5400,6600,6600,5400,6600,5400,5400,5400,5400,5400,5400,5400
"location in photo",14800,"stable 6%","+6%",59,"0.15","$0.07",No,"Length: Body (3–4 words) · Seasonality: Evergreen",14800,12100,12100,12100,12100,14800,12100,14800,14800,14800,14800,18100,18100,14800,14800,12100,12100,12100,12100,14800,14800,14800,14800,14800,14800,12100,12100,12100,12100,14800,12100,14800,14800,14800,14800,14800,14800,14800,12100,12100,14800,14800,12100,14800,14800,14800,14800,14800
"pic add online",90,"declining -46%","-46%",31,"0.04","N/A",No,"Length: Body (3–4 words) · Seasonality: Evergreen",110,110,140,140,170,210,210,260,210,170,170,210,260,210,210,170,170,110,90,110,140,140,140,140,210,140,170,110,110,140,140,110,110,110,140,140,140,140,110,70,90,90,70,70,70,70,70,70
"www photo editor online",40,"declining -40%","-40%",26,"0.05","N/A",No,"Contains: photo editor online · Length: Body (3–4 words) · Seasonality: Evergreen",170,140,110,110,140,140,170,170,110,90,90,110,170,110,90,110,90,140,170,140,110,90,70,90,50,70,90,70,50,70,50,40,70,30,50,40,70,40,40,50,40,20,50,30,30,40,40,10
"location from a photo",40,"stable 18%","+18%",26,"0.02","N/A",No,"Length: Body (3–4 words) · Seasonality: Evergreen",20,20,10,10,20,30,20,30,50,40,20,30,30,30,50,30,30,20,40,40,30,30,30,30,30,30,30,20,30,30,30,30,40,30,40,30,40,30,40,40,20,30,40,50,50,50,40,40
"location editor app",110,"growing 34%","+34%",27,"0.2","$0.06",No,"Length: Body (3–4 words) · Seasonality: Evergreen",50,30,40,30,40,40,30,50,40,50,30,50,20,20,140,40,30,50,70,70,70,70,70,110,90,70,70,70,110,90,90,90,110,110,90,110,90,90,110,140,140,110,90,70,110,110,140,140
"geotag app",3600,"stable 0%","0%",33,"0.44","$0.10",No,"Length: Head (1–2 words) · Seasonality: Evergreen",2400,2400,1900,1900,1600,2400,1900,1900,1900,2400,1900,2400,2900,3600,2400,1900,1900,2900,2900,2900,2400,2900,2900,5400,6600,2900,2900,2900,2400,2900,2900,3600,3600,3600,4400,5400,3600,4400,2900,2900,2900,3600,3600,2900,2900,2900,3600,4400
"location for photo",140,"stable -13%","-13%",34,"0.06","$0.79",No,"Length: Body (3–4 words) · Seasonality: Evergreen",140,170,170,140,140,170,140,170,210,170,210,170,140,110,140,140,140,170,140,170,170,210,210,170,210,260,210,170,140,170,170,210,210,170,140,140,140,170,140,110,110,110,110,140,110,170,110,110
"photo editor you",10,"stable 0%","0%",17,"0","N/A",No,"Length: Body (3–4 words) · Seasonality: Evergreen",20,10,10,10,10,10,10,10,10,10,10,10,10,10,10,10,10,10,10,10,10,10,10,10,10,10,10,10,10,10,10,10,10,10,10,10,10,20,10,10,10,10,10,10,10,10,10,20
"location of the photo",40,"growing 217%","+217%",27,"0","N/A",No,"Length: Body (3–4 words) · Seasonality: Evergreen",10,10,10,10,10,20,10,20,10,10,10,10,20,10,40,20,30,10,10,20,20,20,20,20,10,10,30,10,10,10,30,30,20,40,20,20,30,20,10,10,20,40,40,30,40,50,70,70
"editor app photo editor app",30,"growing 22%","+22%",23,"0.08","N/A",No,"Contains: photo editor app · Length: Long tail (5+ words) · Seasonality: Evergreen",50,40,40,20,20,20,30,10,20,40,20,20,20,30,30,20,20,40,20,20,40,30,50,40,20,30,30,20,20,20,20,40,20,30,20,20,20,50,20,40,20,20,10,20,20,40,50,20
"image address",1000,"declining -23%","-23%",50,"0","$0.72",No,"Length: Head (1–2 words) · Seasonality: Evergreen",880,1000,880,880,720,1000,880,1000,1000,1000,880,1000,1000,1000,1000,1000,1000,1300,1300,1000,1000,1000,1000,1000,1300,1000,1300,1000,1000,1000,1000,1000,1300,1000,1000,1300,1300,1300,1000,1000,1000,1000,1000,1000,1000,880,1000,880
"location app photo",50,"growing 27%","+27%",18,"0.36","$0.04",No,"Length: Body (3–4 words) · Seasonality: Evergreen",10,10,10,10,10,10,10,10,10,10,10,20,10,10,10,10,10,10,10,20,20,10,20,10,30,20,40,20,30,20,20,30,30,30,20,30,30,30,50,40,70,50,70,70,70,50,50,40
"selfie editor online free",40,"declining -29%","-29%",12,"0.56","$2.00",No,"Contains: editor online free · Length: Body (3–4 words) · Seasonality: Evergreen",40,30,30,40,40,40,40,50,50,40,70,30,50,70,40,40,40,70,40,70,50,70,70,40,30,50,50,50,30,40,20,30,30,40,70,40,50,40,50,50,40,40,30,30,20,40,40,20
"image add online",70,"declining -44%","-44%",28,"0.09","$0.15",No,"Length: Body (3–4 words) · Seasonality: Evergreen",110,140,140,140,140,170,140,170,110,140,140,210,140,140,140,110,70,140,110,110,90,90,90,70,110,110,110,90,110,110,70,110,110,90,70,90,90,90,90,90,90,70,50,50,40,70,50,30
"timestamp photo editor",110,"declining -25%","-25%",30,"0.13","$0.16",No,"Length: Body (3–4 words) · Seasonality: Evergreen",20,40,40,30,50,50,40,30,30,40,40,30,30,40,50,50,30,40,70,70,50,70,70,70,90,70,90,70,70,50,70,110,90,70,70,140,140,110,110,110,110,140,90,110,110,90,90,90
"photo editor online app download",10,"stable 0%","0%",15,"0.14","N/A",No,"Contains: photo editor online · Length: Long tail (5+ words) · Seasonality: Evergreen",30,40,40,30,30,40,20,30,30,20,30,40,30,20,30,30,40,50,30,50,30,30,50,30,30,20,20,10,20,10,10,20,10,10,20,10,10,10,10,10,10,10,10,10,10,10,10,10
"in your photos",40,"stable 9%","+9%",27,"0","N/A",No,"Length: Body (3–4 words) · Seasonality: Evergreen",40,50,70,40,90,50,40,50,70,30,40,30,50,40,30,50,50,40,40,50,40,30,30,40,50,30,40,30,40,40,30,30,50,50,30,20,30,40,40,30,30,40,30,30,30,40,40,40
"timestamp image",210,"growing 21%","+21%",38,"0.01","N/A",No,"Length: Head (1–2 words) · Seasonality: Evergreen",90,90,110,70,50,70,50,90,90,70,90,70,90,70,110,90,110,110,90,140,140,110,110,140,170,140,140,110,110,140,90,140,110,140,170,170,170,140,210,170,170,210,170,210,210,210,210,210
"photo overlay online",9900,"declining -23%","-23%",65,"0.02","$1.17",No,"Length: Body (3–4 words) · Seasonality: Evergreen",8100,6600,6600,8100,8100,8100,8100,9900,8100,8100,8100,8100,9900,8100,8100,8100,9900,9900,9900,9900,9900,9900,9900,9900,12100,12100,12100,12100,12100,12100,12100,14800,12100,12100,12100,12100,12100,9900,9900,9900,9900,9900,8100,8100,8100,8100,6600,9900
"photo editor editor online",8100,"declining -41%","-41%",51,"0.22","$0.62",No,"Length: Body (3–4 words) · Seasonality: Evergreen",14800,14800,14800,14800,14800,14800,14800,14800,14800,14800,12100,12100,14800,12100,14800,14800,14800,14800,12100,12100,12100,12100,12100,12100,12100,12100,12100,12100,12100,12100,9900,12100,9900,9900,9900,9900,9900,9900,9900,9900,8100,8100,6600,8100,6600,6600,5400,5400
"timestamp online photo",90,"declining -79%","-79%",33,"0","N/A",No,"Length: Body (3–4 words) · Seasonality: Evergreen",10,20,40,40,40,50,50,50,40,70,70,70,90,70,110,90,90,70,140,140,90,110,110,110,110,110,140,110,110,140,140,140,140,210,210,170,260,170,140,110,110,110,50,50,70,40,40,40
"add image photo editor",10,"growing 50%","+50%",16,"0.07","N/A",No,"Length: Body (3–4 words) · Seasonality: Evergreen",10,20,10,10,20,10,20,10,10,20,10,20,10,20,10,10,10,10,20,10,20,10,10,10,10,10,10,10,10,10,10,10,10,10,10,10,10,10,0,10,10,10,10,10,10,10,10,10
"photo metadata location",880,"stable 0%","0%",49,"0.01","$0.54",No,"Length: Body (3–4 words) · Seasonality: Evergreen",1000,880,880,720,1600,1900,880,1000,1600,1000,1000,1600,1300,2400,1900,1000,1000,880,880,1300,1000,1000,1000,1000,1300,880,1000,720,880,1000,880,1300,1000,1000,880,1000,880,1000,880,880,880,880,880,1000,1000,1000,880,880
"you photos",2400,"stable 16%","+16%",56,"0.01","$4.82",No,"Length: Head (1–2 words) · Seasonality: Evergreen",2400,2400,2900,2900,2900,2900,2400,2900,2900,2900,2400,2900,2400,2400,2400,1900,2400,2400,1900,2400,2400,2400,1900,1900,1900,1900,1900,1900,1900,1900,1600,1900,1900,1900,1900,1900,1900,1900,2400,1900,2900,2400,2400,2400,2900,2400,2400,2400
"photo editor online no download",10,"declining -40%","-40%",14,"0.19","$2.55",No,"Contains: photo editor online · Length: Long tail (5+ words) · Seasonality: Evergreen",40,30,40,20,20,20,30,10,20,20,20,20,20,30,10,20,40,50,30,20,10,10,10,10,10,10,20,20,10,10,10,30,30,40,30,20,10,30,10,10,10,10,10,10,10,10,10,10
"location data from photo",260,"declining -29%","-29%",39,"0.02","$0.85",No,"Length: Body (3–4 words) · Seasonality: Evergreen",590,480,480,480,390,480,320,480,390,480,390,390,390,390,390,320,320,320,390,320,390,390,390,390,390,390,320,320,320,320,320,320,390,480,320,390,320,320,320,260,260,260,260,260,260,260,210,210
"select photo editor",10,"declining -50%","-50%",10,"0.43","N/A",No,"Length: Body (3–4 words) · Seasonality: Evergreen",20,20,40,40,20,30,20,30,10,30,20,30,40,40,50,30,20,30,70,50,50,50,70,50,50,30,30,10,20,20,20,20,30,10,30,10,10,30,20,10,20,10,10,10,10,10,10,10
"photo app photo editor",10,"stable 0%","0%",15,"0.14","N/A",No,"Length: Body (3–4 words) · Seasonality: Evergreen",20,10,10,10,10,10,20,10,10,10,20,10,10,10,10,10,10,10,10,10,10,10,10,10,10,10,10,10,10,20,10,10,10,20,10,10,10,10,10,10,10,10,10,10,10,10,10,10
"add time stamp on photo",260,"declining -49%","-49%",39,"0.03","$0.16",No,"Contains: add time stamp · Length: Long tail (5+ words) · Seasonality: Evergreen",210,210,210,170,170,210,170,210,170,210,210,170,170,210,170,170,210,260,260,260,210,260,210,170,210,210,260,210,260,170,210,260,210,260,210,260,260,320,320,210,320,320,260,260,210,210,140,110
"photo adjuster online",480,"declining -31%","-31%",38,"0.16","$0.45",No,"Length: Body (3–4 words) · Seasonality: Evergreen",390,480,480,480,480,480,590,590,590,720,590,720,720,720,720,720,880,720,880,880,880,720,720,720,480,480,590,590,590,590,590,590,590,480,590,590,720,590,390,480,590,480,720,480,320,390,390,390
"timestamp pictures",12100,"growing 55%","+55%",67,"0.01","$0.40",No,"Length: Head (1–2 words) · Seasonality: Evergreen",880,880,880,1300,1600,1600,1600,1900,1900,1900,2400,2400,2400,2400,2400,2400,2900,2900,3600,1000,1000,1000,1000,1300,1000,1300,1300,1300,1000,1300,1300,1300,1600,1900,2400,2900,6600,9900,12100,9900,12100,9900,8100,9900,12100,14800,14800,14800
"online timestamp photo",20,"declining -40%","-40%",19,"0.14","N/A",No,"Length: Body (3–4 words) · Seasonality: Evergreen",10,20,10,10,20,20,20,10,20,10,30,30,10,10,20,20,10,30,20,20,10,10,10,10,30,20,20,10,20,10,20,30,20,10,20,10,20,20,10,20,30,30,20,20,10,10,10,10
"photo editor app install",40,"declining -36%","-36%",19,"0.31","$0.12",No,"Contains: photo editor app · Length: Body (3–4 words) · Seasonality: Evergreen",70,50,50,50,90,70,90,70,110,70,70,50,50,70,70,30,50,50,50,50,40,70,70,70,70,50,40,30,70,30,30,40,50,50,40,50,50,50,40,30,40,40,40,30,40,40,30,20
"editor photo editor photo",320,"stable -15%","-15%",40,"0.04","$0.22",No,"Contains: photo editor photo · Contains: editor photo editor · Length: Body (3–4 words) · Seasonality: Evergreen",320,260,260,210,170,260,260,320,210,260,210,260,210,170,140,140,170,210,480,590,480,390,590,480,480,390,390,320,320,320,390,390,390,320,210,260,260,480,390,260,260,260,260,210,210,320,320,320
"app for geo tagged photo",70,"growing 136%","+136%",14,"0.56","$0.08",No,"Length: Long tail (5+ words) · Seasonality: Peaks in July",10,10,10,10,30,50,40,30,10,30,10,30,40,40,30,10,20,30,20,50,30,30,50,40,70,70,50,70,40,90,50,30,30,20,30,40,30,40,70,110,110,70,70,70,70,70,90,170
"online photo add editor",20,"stable -17%","-17%",20,"0.1","$0.19",No,"Length: Body (3–4 words) · Seasonality: Evergreen",40,20,30,20,30,30,40,50,30,30,40,40,40,30,40,20,10,30,30,30,30,20,30,50,20,20,30,30,20,40,10,30,20,30,10,10,20,20,20,20,20,30,10,20,20,10,20,20
"photo editor com online",210,"declining -40%","-40%",36,"0.07","$0.17",No,"Length: Body (3–4 words) · Seasonality: Evergreen",210,170,260,210,260,260,210,170,210,260,260,260,170,170,210,210,210,210,210,210,170,140,90,90,70,90,110,90,140,110,110,90,90,70,210,210,210,320,320,260,170,170,110,110,70,110,140,260
"photo metadata gps",40,"growing 44%","+44%",27,"0","N/A",No,"Length: Body (3–4 words) · Seasonality: Evergreen",20,30,40,20,10,30,10,30,20,30,30,20,30,30,20,20,20,10,10,20,20,20,20,10,30,10,30,20,20,20,10,30,30,20,30,20,30,30,30,30,30,30,20,70,40,50,40,40
"online photo add photo",10,"declining -33%","-33%",15,"0.14","N/A",No,"Length: Body (3–4 words) · Seasonality: Evergreen",10,10,10,10,10,10,20,10,30,20,30,30,20,10,10,10,10,10,20,20,20,10,20,10,10,10,10,10,10,10,10,10,10,10,10,10,10,10,10,10,10,10,10,10,10,10,0,10
"add to photo online",3600,"declining -34%","-34%",56,"0.06","$0.29",No,"Contains: to photo online · Length: Body (3–4 words) · Seasonality: Evergreen",5400,5400,5400,5400,5400,6600,5400,5400,5400,5400,5400,5400,5400,5400,5400,4400,5400,5400,5400,5400,5400,5400,4400,5400,5400,4400,5400,4400,4400,4400,3600,4400,4400,3600,3600,3600,4400,4400,3600,3600,3600,3600,3600,2900,2400,2900,2900,2400
"app editor online",1900,"stable -11%","-11%",43,"0.21","$0.71",No,"Length: Body (3–4 words) · Seasonality: Evergreen",1900,1900,1900,1900,1900,1900,1900,1900,1900,1900,1900,1900,1900,1900,1900,1900,1900,2400,1900,2400,1900,1900,1900,1900,1600,2400,2900,1600,1600,1900,1600,1900,1600,1900,1600,1600,1900,1900,1900,1900,1600,1900,1600,1900,1900,1900,1600,1600
"online photo add in photo",10,"declining -71%","-71%",9,"N/A","N/A",No,"Contains: add in photo · Length: Long tail (5+ words) · Seasonality: Peaks in November",30,30,70,90,50,70,10,30,20,10,10,10,10,10,20,30,20,30,20,40,20,30,20,30,20,20,20,20,40,40,20,10,30,10,20,10,30,20,20,20,40,10,10,10,10,10,10,0
"editor online free image",90500,"stable 1%","+1%",68,"0.18","$0.69",No,"Contains: editor online free · Length: Body (3–4 words) · Seasonality: Evergreen",60500,60500,60500,60500,60500,74000,74000,74000,74000,74000,74000,74000,74000,74000,74000,74000,74000,90500,90500,110000,90500,90500,90500,90500,90500,90500,110000,165000,90500,90500,90500,90500,90500,90500,90500,90500,90500,90500,90500,90500,90500,90500,74000,90500,74000,74000,90500,110000
"tag photos",8100,"growing 33%","+33%",59,"0.1","$0.23",No,"Length: Head (1–2 words) · Seasonality: Evergreen",5400,4400,4400,5400,5400,6600,5400,5400,5400,5400,6600,6600,5400,5400,5400,4400,5400,5400,4400,4400,4400,4400,4400,4400,4400,4400,4400,4400,4400,4400,4400,4400,4400,4400,3600,3600,4400,5400,4400,14800,14800,9900,8100,6600,8100,8100,5400,5400
"photo editor free app download",3600,"declining -67%","-67%",42,"0.29","$0.17",No,"Length: Long tail (5+ words) · Seasonality: Evergreen",4400,5400,5400,5400,6600,8100,6600,8100,8100,8100,8100,9900,9900,9900,9900,9900,9900,9900,9900,9900,9900,9900,8100,8100,8100,6600,6600,5400,5400,5400,4400,5400,5400,5400,5400,5400,5400,6600,5400,4400,3600,2900,2400,2400,1900,1900,1900,1900
"photo corrector online",40500,"declining -28%","-28%",60,"0.22","$0.42",No,"Length: Body (3–4 words) · Seasonality: Evergreen",60500,60500,60500,60500,60500,60500,60500,60500,60500,60500,60500,60500,74000,74000,74000,60500,74000,74000,74000,74000,74000,74000,60500,74000,60500,60500,60500,74000,74000,60500,60500,60500,49500,60500,49500,60500,49500,49500,49500,49500,49500,40500,40500,40500,40500,40500,33100,33100
"graphic editor online free",210,"declining -37%","-37%",26,"0.34","$1.36",No,"Contains: editor online free · Length: Body (3–4 words) · Seasonality: Evergreen",390,320,390,320,390,320,320,390,390,320,320,320,320,390,390,390,320,480,390,390,390,390,390,320,390,390,320,320,320,320,390,390,320,320,320,260,260,260,260,210,210,260,210,210,210,210,140,140
"exif data location",590,"declining -32%","-32%",46,"0.01","$0.11",No,"Length: Body (3–4 words) · Seasonality: Evergreen",2900,2400,2400,2400,2400,3600,2400,2900,2400,1900,2400,2400,2400,2400,1900,1600,1600,1600,1600,1600,1600,1600,1300,1300,1300,1000,1300,1300,1000,1000,1000,1300,1000,1000,880,1000,1000,880,590,480,590,480,390,720,590,720,480,480
"add picture",4400,"growing 161%","+161%",60,"0.01","$1.31",No,"Length: Head (1–2 words) · Seasonality: Evergreen",2400,2400,2400,2900,2400,2900,2400,2900,2400,2900,2400,2400,2400,2400,2900,2400,2400,2900,2400,2400,2400,2400,1900,2400,2400,2400,2400,2400,1900,2400,1900,2400,2400,2400,1900,1900,2400,2400,2900,2900,2900,3600,3600,4400,4400,5400,6600,8100
"pictures add",9900,"growing 38%","+38%",65,"0.02","$0.83",No,"Length: Head (1–2 words) · Seasonality: Evergreen",5400,5400,5400,6600,5400,5400,5400,6600,5400,5400,5400,5400,6600,5400,6600,5400,5400,6600,6600,6600,5400,6600,5400,5400,5400,5400,6600,5400,5400,5400,5400,5400,5400,5400,5400,5400,5400,8100,8100,9900,9900,9900,8100,9900,8100,9900,9900,9900
"photo editor online free no sign up",260,"growing 129%","+129%",33,"0.17","$1.58",No,"Contains: photo editor online · Contains: editor online free · Length: Long tail (5+ words) · Seasonality: Evergreen",30,40,50,70,50,40,50,50,50,50,70,50,50,40,70,70,50,70,70,110,140,110,110,110,140,110,140,170,170,170,140,210,260,210,170,210,210,170,170,170,170,320,390,320,320,390,390,480
"location details from photo",10,"declining -63%","-63%",16,"0.05","N/A",No,"Length: Body (3–4 words) · Seasonality: Evergreen",40,40,40,30,40,40,40,50,50,50,70,40,40,50,40,30,30,30,30,40,40,40,40,30,30,30,30,30,40,30,30,50,40,30,20,30,30,30,20,10,10,10,20,20,10,10,10,10
"camera editor online",40,"declining -40%","-40%",24,"0.11","$0.91",No,"Length: Body (3–4 words) · Seasonality: Evergreen",70,70,50,50,50,50,40,40,40,50,70,40,40,50,50,50,40,50,40,50,50,30,30,50,30,40,70,20,40,40,30,70,50,40,40,40,50,50,50,50,40,30,40,30,20,30,30,30
"photo picture online",140,"declining -35%","-35%",26,"0.27","$1.80",No,"Length: Body (3–4 words) · Seasonality: Evergreen",170,170,140,210,170,140,140,140,140,140,140,140,140,140,170,170,140,140,210,170,170,210,140,140,210,210,210,110,170,140,210,320,170,140,110,140,210,170,140,140,110,140,110,140,170,110,140,90
"online picture online",10,"stable 0%","0%",16,"0.06","N/A",No,"Length: Body (3–4 words) · Seasonality: Evergreen",10,10,20,10,10,10,10,10,40,20,10,20,10,10,10,10,20,20,10,10,10,10,10,10,10,10,20,10,10,10,10,10,10,10,10,10,10,10,10,10,10,10,10,10,10,10,10,10
"timestamp photo online",110,"growing 50%","+50%",34,"0.01","$0.58",No,"Length: Body (3–4 words) · Seasonality: Evergreen",70,70,70,70,50,70,50,90,40,70,70,70,50,110,110,110,90,110,90,90,110,110,140,110,170,110,110,110,110,110,110,140,110,110,110,110,140,90,110,90,110,90,90,140,110,170,170,170
"a photo picture",210,"growing 75%","+75%",37,"0.04","N/A",No,"Length: Body (3–4 words) · Seasonality: Peaks in July",110,90,90,90,90,170,110,90,70,140,140,210,110,140,170,140,140,170,90,110,110,110,110,210,140,140,110,110,170,170,90,70,140,170,260,260,140,170,170,170,170,210,170,110,170,260,260,320
"photo editor for google photos",18100,"declining -26%","-26%",57,"0.2","$0.89",No,"Length: Long tail (5+ words) · Seasonality: Evergreen",9900,8100,9900,9900,12100,9900,9900,9900,12100,18100,14800,12100,12100,12100,12100,12100,14800,12100,12100,12100,12100,12100,12100,9900,12100,12100,14800,14800,14800,14800,9900,12100,9900,9900,9900,9900,14800,27100,22200,18100,18100,18100,14800,14800,14800,18100,14800,14800
"gps data from photo",110,"stable -14%","-14%",34,"0.01","N/A",No,"Length: Body (3–4 words) · Seasonality: Evergreen",260,210,210,210,210,260,170,210,210,170,210,170,170,170,210,140,140,140,170,210,210,170,140,140,170,170,170,140,140,140,170,140,140,140,140,110,110,140,110,110,90,110,90,110,110,110,110,90
"online image editor online",90500,"stable -7%","-7%",69,"0.17","$0.37",No,"Contains: image editor online · Length: Body (3–4 words) · Seasonality: Evergreen",60500,60500,60500,60500,60500,60500,60500,74000,60500,60500,60500,60500,74000,74000,74000,74000,74000,90500,90500,90500,74000,74000,74000,74000,74000,74000,90500,74000,74000,74000,74000,74000,74000,74000,74000,74000,74000,74000,90500,90500,90500,90500,90500,90500,74000,74000,74000,74000
"picture photo editor online",301000,"growing 305%","+305%",87,"0.05","$0.45",No,"Contains: photo editor online · Length: Body (3–4 words) · Seasonality: Peaks in May",165000,165000,165000,165000,165000,165000,165000,201000,165000,201000,165000,165000,201000,201000,201000,165000,201000,201000,201000,201000,165000,165000,165000,135000,135000,135000,165000,135000,135000,135000,135000,135000,135000,135000,135000,135000,135000,135000,135000,110000,110000,110000,90500,246000,550000,823000,450000,368000
"photo and location",20,"growing 175%","+175%",21,"0.06","$0.06",No,"Length: Body (3–4 words) · Seasonality: Evergreen",10,10,10,10,10,10,10,20,30,10,10,10,10,10,10,10,10,10,10,10,10,20,30,20,20,10,10,20,10,30,10,10,20,20,20,10,10,20,10,20,20,20,30,30,20,30,30,50
"image editor add image",50,"declining -37%","-37%",26,"0.09","$1.06",No,"Length: Body (3–4 words) · Seasonality: Evergreen",40,20,50,30,50,50,40,70,40,50,40,50,40,30,40,40,40,30,40,50,40,40,50,50,70,50,50,50,50,50,40,50,50,50,70,50,70,70,50,70,50,70,40,20,70,40,30,50
"photo on location",30,"declining -50%","-50%",22,"0.1","$0.07",No,"Length: Body (3–4 words) · Seasonality: Peaks in September",40,40,40,20,30,20,30,30,20,30,30,30,50,30,40,30,50,30,40,20,30,30,30,30,20,20,20,10,10,20,30,30,30,30,30,20,30,110,20,20,20,30,20,30,20,20,20,40
"photo to location",14800,"stable 6%","+6%",59,"0.15","$0.07",No,"Length: Body (3–4 words) · Seasonality: Evergreen",14800,12100,12100,12100,12100,14800,12100,14800,14800,14800,14800,18100,18100,14800,14800,12100,12100,12100,12100,14800,14800,14800,14800,14800,14800,12100,12100,12100,12100,14800,12100,14800,14800,14800,14800,14800,14800,14800,12100,12100,14800,14800,12100,14800,14800,14800,14800,14800
"photo editor pic",9900,"growing 22%","+22%",62,"0.07","$1.29",No,"Length: Body (3–4 words) · Seasonality: Evergreen",14800,14800,14800,14800,14800,14800,14800,14800,12100,12100,12100,12100,9900,9900,9900,8100,9900,12100,18100,14800,12100,12100,12100,9900,9900,8100,8100,6600,6600,8100,6600,6600,8100,6600,6600,6600,8100,9900,9900,9900,9900,9900,9900,9900,9900,12100,12100,9900
"photo of location",140,"growing 203%","+203%",36,"0","N/A",No,"Length: Body (3–4 words) · Seasonality: Peaks in July",50,50,70,50,70,70,50,70,50,70,90,50,50,50,70,50,50,70,70,50,50,70,70,70,70,70,70,50,70,70,70,70,70,90,70,70,90,140,70,50,70,90,90,140,110,170,260,480
"if photos",320,"stable 0%","0%",41,"0.01","N/A",No,"Length: Head (1–2 words) · Seasonality: Evergreen",320,320,260,210,260,260,170,260,320,260,260,260,320,260,320,260,260,260,210,260,320,480,480,390,260,320,320,210,260,260,260,260,260,260,320,320,390,320,320,260,210,260,260,320,260,390,320,320
"add picture online",3600,"declining -34%","-34%",56,"0.06","$0.29",No,"Length: Body (3–4 words) · Seasonality: Evergreen",5400,5400,5400,5400,5400,6600,5400,5400,5400,5400,5400,5400,5400,5400,5400,4400,5400,5400,5400,5400,5400,5400,4400,5400,5400,4400,5400,4400,4400,4400,3600,4400,4400,3600,3600,3600,4400,4400,3600,3600,3600,3600,3600,2900,2400,2900,2900,2400
"photo of photos",320,"growing 240%","+240%",33,"0.2","$1.57",No,"Length: Body (3–4 words) · Seasonality: Peaks in June",320,260,260,260,320,260,260,260,260,320,260,260,210,260,260,260,320,390,260,260,260,320,260,260,320,260,260,260,170,170,210,260,170,170,210,140,170,210,170,170,210,170,260,590,210,390,1000,480
"add photo on photo editor online",10,"declining -67%","-67%",9,"N/A","N/A",No,"Contains: photo editor online · Contains: photo on photo · Contains: add photo on · Contains: on photo editor · Length: Long tail (5+ words) · Seasonality: Evergreen",10,10,10,10,10,10,10,10,10,10,10,20,10,10,10,10,10,20,10,20,10,20,10,10,20,10,10,10,10,20,10,10,10,10,10,10,10,30,20,20,20,10,10,10,10,10,10,0
"photo add picture",20,"declining -50%","-50%",18,"0.19","$1.06",No,"Length: Body (3–4 words) · Seasonality: Evergreen",20,20,10,10,30,20,20,30,20,30,30,20,40,20,30,20,30,30,20,40,40,30,30,30,40,50,40,10,20,30,20,40,30,20,20,20,20,20,20,20,20,10,20,20,20,10,10,10
"photo with photos",320,"growing 240%","+240%",33,"0.2","$1.57",No,"Length: Body (3–4 words) · Seasonality: Peaks in June",320,260,260,260,320,260,260,260,260,320,260,260,210,260,260,260,320,390,260,260,260,320,260,260,320,260,260,260,170,170,210,260,170,170,210,140,170,210,170,170,210,170,260,590,210,390,1000,480
"online image add",30,"declining -25%","-25%",23,"0.09","N/A",No,"Length: Body (3–4 words) · Seasonality: Evergreen",40,50,50,30,40,40,30,30,20,50,40,40,50,40,50,40,50,50,30,40,40,40,30,30,30,20,30,40,30,30,20,30,50,30,20,30,40,40,40,40,30,30,30,20,20,30,40,20
"photos download photos",320,"growing 61%","+61%",42,"0","N/A",No,"Length: Body (3–4 words) · Seasonality: Evergreen",880,880,720,720,720,720,590,720,720,590,480,590,480,480,480,480,480,480,480,480,390,390,390,390,320,260,260,210,260,260,210,320,210,260,260,260,260,260,320,320,320,320,320,320,260,390,480,480
"photo editor app free online",30,"declining -36%","-36%",14,"0.44","$0.91",No,"Contains: photo editor app · Length: Long tail (5+ words) · Seasonality: Evergreen",30,40,40,40,40,40,50,40,70,50,40,70,40,40,50,40,50,50,40,50,50,50,50,50,40,30,20,40,20,30,30,40,30,40,30,40,40,20,50,30,30,30,20,20,10,40,20,10
"add your image",30,"stable -11%","-11%",25,"0","N/A",No,"Length: Body (3–4 words) · Seasonality: Evergreen",40,20,30,30,20,30,40,20,30,30,40,40,40,20,40,70,30,30,30,40,40,50,40,50,40,30,10,30,50,30,30,40,50,20,30,30,30,20,40,30,30,40,20,30,30,40,20,20
"photo add online free",70,"declining -48%","-48%",29,"0.07","$0.20",No,"Contains: photo add online · Length: Body (3–4 words) · Seasonality: Evergreen",10,10,10,10,10,10,10,10,20,10,20,10,30,40,30,30,40,70,50,70,40,70,40,70,70,50,70,50,50,50,50,50,70,90,70,90,90,90,90,70,90,50,50,70,50,50,50,40
"timestamp in photos",590,"growing 90%","+90%",46,"0","N/A",No,"Length: Body (3–4 words) · Seasonality: Evergreen",10,20,20,50,50,70,50,90,90,90,70,70,70,90,90,110,140,110,140,40,30,20,30,40,40,50,70,50,40,50,70,50,50,110,90,170,260,480,480,480,590,480,390,480,590,720,880,720
"image add image",9900,"growing 38%","+38%",65,"0.02","$0.83",No,"Length: Body (3–4 words) · Seasonality: Evergreen",5400,5400,5400,6600,5400,5400,5400,6600,5400,5400,5400,5400,6600,5400,6600,5400,5400,6600,6600,6600,5400,6600,5400,5400,5400,5400,6600,5400,5400,5400,5400,5400,5400,5400,5400,5400,5400,8100,8100,9900,9900,9900,8100,9900,8100,9900,9900,9900
"iphone photo jpg",480,"stable -7%","-7%",34,"0.23","$1.21",No,"Length: Body (3–4 words) · Seasonality: Evergreen",590,590,720,590,590,720,590,590,590,590,590,590,590,590,720,720,590,720,590,590,590,590,590,590,720,720,720,720,590,590,590,590,590,590,590,480,590,480,480,480,480,590,480,480,480,480,480,480
"into photos",6600,"growing 41%","+41%",62,"0.02","$2.22",No,"Length: Head (1–2 words) · Seasonality: Evergreen",2900,2900,2900,2900,2900,2900,2900,2900,2900,2900,2900,2900,2900,2900,2900,2900,2900,2900,2900,3600,3600,3600,3600,4400,4400,4400,5400,4400,4400,4400,3600,4400,4400,4400,4400,4400,5400,5400,5400,5400,5400,5400,4400,6600,6600,6600,8100,8100
"online ka photo",70,"stable -9%","-9%",31,"0","N/A",No,"Length: Body (3–4 words) · Seasonality: Evergreen",170,170,140,90,110,90,70,140,170,90,110,90,110,140,140,90,90,90,90,140,110,110,110,110,90,110,90,90,70,70,70,90,70,90,90,90,90,70,70,70,70,70,50,90,50,70,70,70
"online ke photo",20,"declining -44%","-44%",22,"0","N/A",No,"Length: Body (3–4 words) · Seasonality: Peaks in August",40,40,20,30,30,30,30,20,30,20,40,30,40,20,20,20,20,20,20,30,30,20,20,30,40,40,20,20,10,30,10,20,20,20,20,30,30,30,30,20,20,10,10,20,20,20,10,20
"free editor picture",90500,"stable 0%","0%",52,"0.37","$1.69",No,"Length: Body (3–4 words) · Seasonality: Evergreen",90500,74000,90500,90500,90500,90500,90500,90500,90500,90500,90500,90500,90500,90500,90500,90500,110000,110000,90500,90500,90500,110000,90500,90500,90500,90500,90500,165000,135000,110000,90500,90500,90500,90500,90500,90500,90500,90500,90500,90500,90500,90500,74000,74000,90500,90500,90500,90500
"photo take online",2900,"stable -11%","-11%",57,"0.02","$1.58",No,"Length: Body (3–4 words) · Seasonality: Evergreen",2900,2900,2900,2900,2900,2900,2400,2900,2400,2900,2400,2900,2900,2900,2900,2900,2900,2900,2900,2900,2900,2900,2400,2400,2400,2400,2900,2400,2400,2400,2400,2900,2900,2900,2400,2400,2900,2900,2900,2900,2400,2900,2900,2900,2900,2900,2400,2400
"add location tag to photos",40,"declining -20%","-20%",21,"0.21","$0.07",No,"Length: Long tail (5+ words) · Seasonality: Evergreen",110,50,140,50,30,50,40,70,50,70,40,30,40,90,40,50,50,50,40,50,50,50,40,40,50,50,30,40,40,40,50,50,40,40,70,50,50,50,50,40,50,50,40,40,50,40,40,40
"fix your photo",40,"declining -23%","-23%",15,"0.43","$1.62",No,"Length: Body (3–4 words) · Seasonality: Evergreen",40,40,50,50,40,40,40,50,40,40,40,30,50,50,40,40,40,50,50,70,50,50,70,50,50,50,40,50,50,50,70,50,30,50,40,40,50,30,50,40,30,40,50,40,50,40,30,30
"online ki photo",40,"declining -31%","-31%",26,"0.05","N/A",No,"Length: Body (3–4 words) · Seasonality: Evergreen",70,70,50,40,50,40,40,40,40,50,50,40,40,40,40,50,50,50,30,30,30,40,50,30,50,50,50,30,40,70,40,40,30,50,40,50,40,50,40,50,30,40,50,40,30,30,40,20
"online photo online photo",10,"stable 0%","0%",17,"0.03","N/A",No,"Length: Body (3–4 words) · Seasonality: Evergreen",20,20,10,10,10,10,10,10,10,10,10,10,10,10,10,10,10,10,10,30,10,20,20,10,10,10,10,10,10,10,20,10,10,10,20,10,10,10,10,10,10,10,10,10,10,10,10,10
"your pictures",4400,"growing 61%","+61%",60,"0.01","$3.10",No,"Length: Head (1–2 words) · Seasonality: Evergreen",5400,5400,5400,4400,4400,4400,3600,4400,4400,4400,4400,4400,4400,4400,4400,3600,4400,4400,3600,3600,3600,3600,3600,3600,3600,3600,3600,3600,3600,3600,2900,3600,3600,3600,3600,3600,3600,3600,3600,3600,4400,4400,3600,4400,4400,5400,5400,6600
"online picture photo",140,"declining -35%","-35%",26,"0.27","$1.80",No,"Length: Body (3–4 words) · Seasonality: Evergreen",170,170,140,210,170,140,140,140,140,140,140,140,140,140,170,170,140,140,210,170,170,210,140,140,210,210,210,110,170,140,210,320,170,140,110,140,210,170,140,140,110,140,110,140,170,110,140,90
"add image editor",20,"declining -44%","-44%",17,"0.22","$0.63",No,"Length: Body (3–4 words) · Seasonality: Evergreen",20,30,40,30,30,40,30,40,40,30,40,30,30,20,20,20,30,30,30,20,20,30,20,20,20,30,40,30,20,20,30,20,40,20,30,30,20,40,30,30,30,20,20,30,20,20,20,10
"image add photo",170,"growing 90%","+90%",36,"0.04","$0.36",No,"Length: Body (3–4 words) · Seasonality: Evergreen",30,20,70,40,50,50,50,50,40,40,30,40,30,20,20,50,40,50,50,50,50,50,70,110,140,140,210,90,90,90,90,90,70,50,90,70,90,90,110,140,210,170,170,170,140,170,170,210
"image editor app online",20,"declining -50%","-50%",20,"0.1","N/A",No,"Contains: editor app online · Contains: image editor app · Length: Body (3–4 words) · Seasonality: Evergreen",20,30,20,20,40,30,30,40,30,10,20,20,30,30,40,30,30,40,30,30,30,40,40,30,40,40,30,30,20,10,30,20,30,30,20,20,20,20,20,20,20,20,30,30,10,10,10,10
"online editor app",1900,"stable -11%","-11%",43,"0.21","$0.71",No,"Length: Body (3–4 words) · Seasonality: Evergreen",1900,1900,1900,1900,1900,1900,1900,1900,1900,1900,1900,1900,1900,1900,1900,1900,1900,2400,1900,2400,1900,1900,1900,1900,1600,2400,2900,1600,1600,1900,1600,1900,1600,1900,1600,1600,1900,1900,1900,1900,1600,1900,1600,1900,1900,1900,1600,1600
"picture online picture",10,"stable 0%","0%",14,"0.2","N/A",No,"Length: Body (3–4 words) · Seasonality: Evergreen",10,10,10,10,10,10,20,10,10,10,10,10,10,10,10,10,10,10,10,10,10,10,10,10,10,10,10,10,10,10,10,10,10,10,10,10,10,10,10,10,10,10,10,10,10,10,10,10
"add in photo",40,"declining -33%","-33%",25,"0.07","N/A",No,"Contains: add in photo · Length: Body (3–4 words) · Seasonality: Evergreen",10,10,20,10,10,10,10,10,30,50,20,20,10,30,20,20,20,20,10,30,20,10,20,10,30,40,40,30,40,30,30,30,20,30,30,40,30,70,50,50,40,30,40,40,20,40,30,30
"add on photo",1300,"growing 123%","+123%",51,"0.02","$1.61",No,"Length: Body (3–4 words) · Seasonality: Evergreen",480,590,590,590,480,480,480,480,590,1000,880,880,720,880,480,480,590,480,390,480,480,480,480,590,590,720,2900,2900,2400,2400,1300,1600,1600,1300,1300,1600,1000,1000,1000,880,1000,1000,1000,1300,1600,1900,2400,2400
"photo editor ka app",170,"stable -14%","-14%",32,"0.13","$0.06",No,"Length: Body (3–4 words) · Seasonality: Evergreen",110,110,110,110,110,110,110,170,170,170,170,170,140,170,140,110,170,210,210,260,210,210,210,320,320,170,210,170,210,170,140,140,140,140,140,140,170,210,210,140,210,170,110,170,110,170,170,170
"photos install",1600,"stable 0%","0%",49,"0.09","$0.47",No,"Length: Head (1–2 words) · Seasonality: Evergreen",1000,1000,1000,1300,1000,1000,1000,1000,1000,1300,1300,1600,1600,1300,1600,1300,1600,1900,1900,1600,1600,1600,1600,1600,1600,1600,1600,1600,1600,1600,1300,1600,1300,1600,1300,1300,1600,1600,1600,1600,1600,1600,1300,1600,1600,1600,1600,1600
"any photos",5400,"growing 399%","+399%",62,"0","$1.56",No,"Length: Head (1–2 words) · Seasonality: Peaks in July",1600,1600,1900,1600,1600,1600,1300,1600,1600,1600,1600,1600,1900,1600,1900,1600,1600,1600,1600,1600,1600,1900,1600,1900,1600,1900,1900,1600,1900,1900,1600,1900,1900,1900,1900,2400,1900,2400,2400,2400,2900,2900,3600,4400,5400,5400,9900,18100
"photo from photos",320,"growing 240%","+240%",33,"0.2","$1.57",No,"Length: Body (3–4 words) · Seasonality: Peaks in June",320,260,260,260,320,260,260,260,260,320,260,260,210,260,260,260,320,390,260,260,260,320,260,260,320,260,260,260,170,170,210,260,170,170,210,140,170,210,170,170,210,170,260,590,210,390,1000,480
"add the photo",9900,"growing 22%","+22%",65,"0.03","$0.66",No,"Length: Body (3–4 words) · Seasonality: Evergreen",5400,4400,5400,6600,6600,8100,6600,8100,8100,8100,6600,8100,8100,6600,6600,6600,6600,6600,6600,6600,5400,6600,6600,6600,8100,8100,8100,6600,8100,8100,6600,8100,6600,6600,6600,8100,8100,9900,8100,8100,8100,9900,8100,8100,8100,9900,9900,12100
"add gps coordinates to photos",50,"declining -35%","-35%",20,"0.29","$0.44",No,"Length: Long tail (5+ words) · Seasonality: Evergreen",70,50,50,40,40,50,50,50,70,70,50,110,70,70,90,70,70,140,140,110,90,90,70,90,70,90,90,70,90,70,70,70,90,90,110,90,70,70,90,70,50,40,50,40,50,70,30,50
"photos on photo",30,"stable -10%","-10%",15,"0.38","N/A",No,"Length: Body (3–4 words) · Seasonality: Evergreen",10,30,40,30,50,50,30,40,30,30,30,40,30,20,20,20,20,40,30,20,30,20,20,20,20,30,40,30,70,30,30,30,40,40,30,30,30,40,30,20,30,40,20,30,20,30,30,30
"image exif location",20,"declining -57%","-57%",22,"0","N/A",No,"Length: Body (3–4 words) · Seasonality: Evergreen",40,30,30,20,30,20,20,30,30,20,20,20,20,20,10,20,10,20,30,30,30,30,20,10,20,20,30,10,10,30,40,20,20,30,40,30,30,20,20,20,10,10,10,10,20,10,10,10
"photoshoot photo editor",1300,"stable 7%","+7%",48,"0.07","$0.20",No,"Length: Body (3–4 words) · Seasonality: Evergreen",880,880,880,720,720,880,880,880,1000,1000,1000,1300,1300,1000,1000,880,1000,1300,1600,1600,1600,1600,1600,1600,1600,1600,1300,1000,1000,1000,1000,1000,1000,1000,1000,1000,1000,1900,1600,1300,1300,1300,1000,1000,1000,1600,1600,1600
"photo editor online download",110,"growing 34%","+34%",33,"0.04","$0.23",No,"Contains: photo editor online · Length: Body (3–4 words) · Seasonality: Evergreen",170,110,140,140,140,140,110,140,140,140,170,210,140,140,140,110,170,140,170,140,110,140,110,90,90,50,90,70,70,90,90,110,90,90,50,70,90,90,110,110,90,110,110,90,90,110,170,110
"map photo editing",10,"declining -25%","-25%",17,"0","N/A",No,"Length: Body (3–4 words) · Seasonality: Evergreen",10,10,10,0,10,10,0,10,10,10,10,10,10,10,10,10,10,10,10,10,10,10,10,10,10,10,10,10,10,10,10,10,10,10,10,20,20,10,10,10,10,10,10,10,10,10,10,10
"photo modify online",40500,"declining -28%","-28%",60,"0.22","$0.42",No,"Length: Body (3–4 words) · Seasonality: Evergreen",60500,60500,60500,60500,60500,60500,60500,60500,60500,60500,60500,60500,74000,74000,74000,60500,74000,74000,74000,74000,74000,74000,60500,74000,60500,60500,60500,74000,74000,60500,60500,60500,49500,60500,49500,60500,49500,49500,49500,49500,49500,40500,40500,40500,40500,40500,33100,33100
"to photo edit",10,"stable 0%","0%",16,"0.08","N/A",No,"Length: Body (3–4 words) · Seasonality: Evergreen",10,10,10,10,10,10,10,10,10,20,10,10,10,10,10,10,10,10,10,10,10,10,10,10,10,10,10,10,10,10,10,10,10,10,10,10,10,10,10,10,10,10,10,10,10,10,10,10
"add image to photo online",390,"declining -33%","-33%",41,"0.05","$0.70",No,"Contains: add image to · Contains: image to photo · Contains: to photo online · Length: Long tail (5+ words) · Seasonality: Evergreen",480,390,480,480,480,480,390,590,590,590,590,480,590,480,480,480,590,480,480,480,480,480,390,480,480,390,480,390,480,480,390,590,390,390,320,320,390,390,480,320,390,480,390,320,480,320,260,260
"add image online",3600,"declining -34%","-34%",56,"0.06","$0.29",No,"Length: Body (3–4 words) · Seasonality: Evergreen",5400,5400,5400,5400,5400,6600,5400,5400,5400,5400,5400,5400,5400,5400,5400,4400,5400,5400,5400,5400,5400,5400,4400,5400,5400,4400,5400,4400,4400,4400,3600,4400,4400,3600,3600,3600,4400,4400,3600,3600,3600,3600,3600,2900,2400,2900,2900,2400
"add image on photo",40,"declining -36%","-36%",25,"0.07","N/A",No,"Length: Body (3–4 words) · Seasonality: Evergreen",40,40,50,30,40,50,30,40,30,30,40,30,50,50,40,40,40,50,40,70,50,50,40,40,40,50,50,40,30,50,40,30,40,50,50,40,70,30,40,50,50,40,30,30,30,30,30,30
"photos with photo",10,"stable 0%","0%",17,"0","N/A",No,"Length: Body (3–4 words) · Seasonality: Evergreen",10,0,10,10,10,10,10,10,10,10,0,10,10,20,20,10,10,10,10,10,10,10,10,10,10,20,10,10,10,10,10,10,10,10,10,10,10,10,10,10,10,10,10,10,10,10,10,10
"geotag photography",480,"growing 26%","+26%",36,"0.19","$0.06",No,"Length: Head (1–2 words) · Seasonality: Evergreen",210,210,170,210,170,320,210,260,320,260,260,260,320,320,260,260,260,320,260,260,260,320,390,390,390,480,320,320,320,390,320,390,480,390,480,480,390,480,480,480,480,590,390,390,390,390,720,590
"portrait editor online free",50,"declining -52%","-52%",17,"0.39","$1.48",No,"Contains: editor online free · Length: Body (3–4 words) · Seasonality: Evergreen",140,90,50,70,70,50,50,70,70,70,50,50,40,40,70,70,70,70,70,90,70,70,70,70,50,90,90,70,70,110,70,90,70,90,90,70,90,70,50,50,50,40,30,40,40,30,40,30
"photo modify",480,"growing 31%","+31%",35,"0.21","$0.58",No,"Length: Head (1–2 words) · Seasonality: Evergreen",320,320,320,320,390,320,320,390,390,390,390,390,390,390,390,390,480,480,390,480,480,590,480,390,480,390,480,390,480,480,390,390,390,390,390,320,390,480,480,390,480,480,390,480,480,590,590,590
"photos to photo",30,"stable 17%","+17%",24,"0.02","N/A",No,"Length: Body (3–4 words) · Seasonality: Evergreen",20,10,20,30,10,30,30,30,10,10,20,10,20,20,10,10,10,20,10,20,10,20,20,30,30,20,20,10,40,50,30,50,40,40,30,20,10,30,20,20,40,30,40,30,20,30,20,20
"add image in photo",70,"declining -22%","-22%",28,"0.1","$0.42",No,"Length: Body (3–4 words) · Seasonality: Evergreen",70,50,70,40,50,40,30,40,50,50,70,50,70,50,50,50,70,90,90,70,170,110,90,70,90,70,90,70,70,70,70,70,70,50,110,50,90,70,70,70,90,70,50,70,50,40,70,70
"location metadata photo",10,"declining -63%","-63%",16,"0.05","N/A",No,"Length: Body (3–4 words) · Seasonality: Peaks in August",20,10,20,10,20,10,10,10,10,10,10,10,10,50,30,10,20,20,20,20,20,30,20,30,1000,20,30,30,20,20,30,20,20,50,40,40,10,20,50,20,10,10,10,10,10,10,10,10
"photo upload photo",12100,"stable -18%","-18%",64,"0.06","$2.05",No,"Length: Body (3–4 words) · Seasonality: Evergreen",14800,14800,14800,12100,14800,14800,14800,18100,14800,14800,14800,14800,14800,18100,14800,14800,14800,14800,14800,14800,14800,14800,14800,14800,14800,12100,12100,12100,14800,12100,12100,12100,12100,14800,12100,14800,14800,14800,14800,12100,12100,12100,12100,12100,12100,12100,12100,12100
"photo time stamp app",880,"growing 42%","+42%",43,"0.12","$0.97",No,"Contains: photo time stamp · Length: Body (3–4 words) · Seasonality: Evergreen",390,390,390,320,320,390,480,390,390,480,480,480,480,480,390,390,480,480,390,320,320,390,390,390,390,390,390,480,390,390,480,480,480,480,480,720,720,880,720,880,880,880,880,880,1000,1000,1000,1300
"photo editor work",40,"declining -38%","-38%",24,"0.1","$0.27",No,"Length: Body (3–4 words) · Seasonality: Evergreen",50,50,70,40,50,70,70,70,90,50,50,70,70,50,50,70,70,90,70,70,90,90,50,70,90,70,50,70,50,90,50,90,90,50,30,50,40,50,70,40,40,70,30,30,30,40,30,30
"real photo editor online",10,"stable 0%","0%",15,"0.14","N/A",No,"Contains: photo editor online · Length: Body (3–4 words) · Seasonality: Peaks in August",40,10,10,10,10,20,10,20,10,10,10,20,20,20,10,10,10,10,10,10,10,20,10,10,10,10,10,10,20,10,10,10,10,10,10,10,10,10,10,10,10,10,10,10,0,10,10,10
"photo details location",20,"declining -56%","-56%",21,"0.05","N/A",No,"Length: Body (3–4 words) · Seasonality: Peaks in October",50,50,30,30,30,40,50,90,90,90,90,70,110,110,210,140,110,70,70,50,90,90,70,70,90,70,90,70,90,70,40,40,30,40,20,40,40,30,20,10,10,10,10,10,20,10,10,20
"online picture image",10,"stable 0%","0%",17,"0","N/A",No,"Length: Body (3–4 words) · Seasonality: Evergreen",10,20,10,10,10,10,10,10,10,10,10,10,10,20,20,20,10,10,10,10,10,10,10,10,10,10,10,10,10,10,10,10,10,10,10,10,10,10,10,10,10,10,10,10,10,10,10,10
"photo exif location",10,"growing 33%","+33%",17,"0","N/A",No,"Length: Body (3–4 words) · Seasonality: Evergreen",20,10,10,20,10,20,10,10,10,10,10,10,10,20,10,10,20,20,20,10,10,20,10,20,20,10,20,10,10,10,10,20,10,10,10,10,10,10,10,10,10,10,10,10,10,10,20,10
"photos use",5400,"stable -13%","-13%",62,"0","$1.10",No,"Length: Head (1–2 words) · Seasonality: Evergreen",5400,5400,5400,5400,5400,5400,5400,5400,5400,6600,5400,5400,5400,5400,5400,6600,5400,6600,6600,6600,6600,6600,5400,6600,5400,6600,6600,6600,6600,6600,5400,6600,6600,6600,5400,5400,5400,6600,6600,5400,6600,5400,5400,5400,5400,5400,5400,5400
"picture metadata location",880,"stable 0%","0%",49,"0.01","$0.54",No,"Length: Body (3–4 words) · Seasonality: Evergreen",1000,880,880,720,1600,1900,880,1000,1600,1000,1000,1600,1300,2400,1900,1000,1000,880,880,1300,1000,1000,1000,1000,1300,880,1000,720,880,1000,880,1300,1000,1000,880,1000,880,1000,880,880,880,880,880,1000,1000,1000,880,880
"app for photo location",20,"stable 12%","+12%",18,"0.18","$0.84",No,"Length: Body (3–4 words) · Seasonality: Evergreen",30,30,20,30,30,30,30,20,30,30,20,30,30,30,30,20,30,30,30,30,20,20,20,20,30,30,30,20,10,10,20,20,30,30,20,20,30,20,30,20,10,20,30,30,20,30,30,30
"image editor image",50,"growing 33%","+33%",26,"0.07","$0.23",No,"Length: Body (3–4 words) · Seasonality: Evergreen",30,40,30,30,70,90,90,20,40,30,30,20,20,10,20,20,20,40,50,50,40,30,30,30,30,40,20,30,30,20,30,70,40,30,30,40,40,40,40,40,40,50,40,70,50,50,40,70
"photo editor photo app",70,"stable -9%","-9%",27,"0.12","$0.10",No,"Contains: photo editor photo · Length: Body (3–4 words) · Seasonality: Evergreen",70,50,90,50,70,90,70,90,110,110,110,210,170,210,110,70,110,110,210,170,210,210,210,170,110,110,140,90,70,50,50,70,70,70,70,70,70,90,70,70,70,50,40,50,50,90,50,70
"apple photo editor online",20,"growing 100%","+100%",19,"0.15","N/A",No,"Contains: photo editor online · Length: Body (3–4 words) · Seasonality: Peaks in March",50,40,40,50,70,50,50,90,50,40,40,50,30,30,40,20,40,40,40,70,40,40,40,40,30,30,40,30,20,20,30,30,30,20,20,20,10,10,10,20,10,20,20,30,10,20,20,20
"photo editor no app",10,"growing 100%","+100%",16,"0.07","$1.41",No,"Length: Body (3–4 words) · Seasonality: Peaks in July",10,10,10,10,10,10,10,10,10,10,10,10,10,10,10,10,10,10,10,10,10,10,10,10,10,10,10,10,10,10,10,10,10,10,10,10,10,10,10,10,10,10,10,10,10,10,10,40
"online online editor",10,"stable 0%","0%",14,"0.2","N/A",No,"Length: Body (3–4 words) · Seasonality: Evergreen",10,10,20,20,10,20,10,10,10,20,10,10,10,10,10,10,10,20,10,10,10,10,10,10,10,10,10,10,10,10,10,10,10,20,10,10,10,10,10,10,10,10,10,10,10,10,10,10
"add timestamp to photos",880,"stable -4%","-4%",46,"0.06","$0.70",No,"Length: Body (3–4 words) · Seasonality: Evergreen",590,590,590,590,590,590,480,590,480,590,720,590,720,720,720,720,720,720,880,720,720,880,720,880,880,720,880,880,720,880,720,880,880,880,880,1000,880,880,1000,880,880,880,720,720,720,880,880,880
"any photo editor",50,"growing 46%","+46%",22,"0.23","$0.82",No,"Length: Body (3–4 words) · Seasonality: Evergreen",10,10,10,20,10,10,10,10,10,10,10,10,10,20,10,10,10,10,20,10,10,20,20,10,40,30,40,30,30,30,30,30,30,20,30,30,40,50,40,50,70,70,40,50,70,70,70,50
"camera timestamp",60500,"growing 22%","+22%",60,"0.25","$0.10",No,"Length: Head (1–2 words) · Seasonality: Evergreen",18100,18100,18100,18100,18100,18100,22200,22200,22200,22200,27100,27100,27100,27100,27100,27100,27100,27100,33100,27100,27100,33100,33100,33100,33100,33100,40500,40500,33100,33100,33100,40500,33100,40500,40500,40500,49500,49500,49500,49500,49500,60500,49500,60500,60500,60500,60500,60500
"photo exif data location",10,"declining -40%","-40%",17,"0.04","N/A",No,"Length: Body (3–4 words) · Seasonality: Evergreen",50,50,70,50,30,70,70,50,50,40,30,50,20,20,10,10,30,30,20,30,20,20,20,30,30,20,20,20,20,20,10,10,30,40,40,30,20,20,10,20,30,10,20,10,20,10,10,10
"image attach online",90,"stable -18%","-18%",32,"0.02","$0.35",No,"Length: Body (3–4 words) · Seasonality: Evergreen",210,170,140,210,210,260,260,260,260,260,260,260,210,210,210,140,260,210,210,210,140,170,140,210,140,170,140,210,170,110,110,110,90,110,140,140,210,140,90,70,40,70,90,70,40,50,140,170
"add timestamp on photos",140,"growing 217%","+217%",34,"0.06","$0.19",No,"Length: Body (3–4 words) · Seasonality: Peaks in July",20,30,30,40,30,30,20,30,30,30,30,40,30,40,30,50,30,30,40,40,40,40,50,40,50,40,40,30,30,50,50,70,70,70,50,70,70,90,70,90,110,140,170,170,170,210,260,260
"photo editor in",70,"declining -26%","-26%",28,"0.1","$0.24",No,"Length: Body (3–4 words) · Seasonality: Evergreen",140,110,110,90,210,140,140,170,140,110,140,110,110,90,90,90,90,90,110,110,90,90,70,90,110,70,70,70,70,90,50,70,70,50,90,70,90,110,110,70,70,50,90,70,50,110,70,50
"photo editor and",40,"growing 120%","+120%",25,"0.07","$0.19",No,"Length: Body (3–4 words) · Seasonality: Evergreen",70,30,20,30,40,30,30,40,30,40,50,30,50,20,30,40,40,30,90,20,20,50,50,40,50,30,40,20,30,40,90,40,30,40,20,30,30,40,30,40,30,30,20,20,30,40,70,110
"your photo picture",110,"growing 39%","+39%",26,"0.25","$2.47",No,"Length: Body (3–4 words) · Seasonality: Evergreen",590,590,1000,880,1000,720,480,590,590,880,880,880,720,590,480,480,480,480,320,390,320,260,320,210,170,140,170,140,110,110,170,110,90,90,140,110,140,70,70,90,90,140,110,170,110,140,110,140
"in photo editor",90,"declining -29%","-29%",29,"0.12","$0.71",No,"Length: Body (3–4 words) · Seasonality: Evergreen",30,20,20,30,40,30,20,20,20,30,20,20,40,40,20,40,40,50,40,30,40,40,30,30,50,50,30,40,40,50,50,90,70,50,50,70,70,170,140,90,110,70,50,50,50,90,110,70
"free no download photo editor",170,"declining -35%","-35%",25,"0.32","$3.86",No,"Length: Long tail (5+ words) · Seasonality: Evergreen",260,170,170,170,210,210,170,210,170,210,170,210,170,210,170,140,170,210,170,140,210,170,170,170,210,140,140,90,140,170,140,210,210,210,170,140,170,320,110,140,110,210,140,170,170,170,110,110
"photo editor photo download",10,"declining -25%","-25%",17,"0","N/A",No,"Contains: photo editor photo · Length: Body (3–4 words) · Seasonality: Evergreen",30,70,90,50,70,70,50,70,50,90,50,70,90,90,90,50,50,90,170,170,170,110,110,110,90,70,50,20,40,30,20,10,20,10,20,10,10,20,10,10,10,10,10,10,10,10,10,10
"image photoshop editor",70,"declining -35%","-35%",24,"0.23","$3.29",No,"Length: Body (3–4 words) · Seasonality: Evergreen",140,70,70,90,90,90,90,70,90,110,90,140,110,110,110,90,110,110,140,170,140,110,110,110,110,90,90,90,90,90,90,110,90,110,90,70,70,90,70,70,90,50,70,70,50,50,50,50
"add geotag to photos",1000,"stable 4%","+4%",48,"0.05","$0.10",No,"Length: Body (3–4 words) · Seasonality: Evergreen",320,320,260,390,320,480,390,390,320,480,390,390,480,590,480,480,590,880,880,880,590,880,880,880,880,880,880,880,880,1000,880,880,1000,880,1000,1000,880,1000,880,880,880,1300,1000,1000,880,880,1000,1000
"online photo adding editor",20,"stable -17%","-17%",20,"0.1","$0.19",No,"Length: Body (3–4 words) · Seasonality: Evergreen",40,20,30,20,30,30,40,50,30,30,40,40,40,30,40,20,10,30,30,30,30,20,30,50,20,20,30,30,20,40,10,30,20,30,10,10,20,20,20,20,20,30,10,20,20,10,20,20
"add image picture",480,"growing 23%","+23%",42,"0.07","$1.64",No,"Length: Body (3–4 words) · Seasonality: Evergreen",480,390,480,480,390,480,390,480,480,390,390,480,480,480,480,480,590,590,390,480,480,480,480,390,480,480,480,480,480,480,480,590,480,480,390,390,480,390,480,480,480,390,390,590,480,480,590,590
"photo editor for free app",10,"growing 100%","+100%",6,"0.64","$0.45",No,"Length: Long tail (5+ words) · Seasonality: Evergreen",20,20,20,20,10,20,20,20,20,20,10,20,10,20,30,30,30,20,30,20,20,20,30,20,10,20,30,10,10,10,10,20,10,10,10,10,10,10,10,10,10,20,10,10,20,20,20,20
"pic online",2900,"stable 0%","0%",36,"0.37","$4.23",No,"Length: Head (1–2 words) · Seasonality: Evergreen",2400,2400,2400,2400,2400,2400,2400,2900,2400,2400,2400,2400,2400,2400,2400,2900,3600,2900,2400,2900,2900,2900,2400,2900,2900,2900,3600,3600,3600,3600,2900,3600,3600,3600,2900,2900,2900,2900,2900,2900,2900,2900,2900,2900,2900,2900,2900,2900
"photo add photo app",110,"declining -31%","-31%",19,"0.45","$0.95",No,"Length: Body (3–4 words) · Seasonality: Evergreen",260,210,260,260,260,210,170,210,170,210,170,210,210,210,170,170,170,210,170,170,170,210,210,210,260,210,260,170,210,170,210,170,110,170,110,90,140,110,110,140,110,90,90,110,70,90,90,70
"photo editor with",70,"stable 12%","+12%",28,"0.08","$0.79",No,"Length: Body (3–4 words) · Seasonality: Evergreen",50,30,50,50,40,30,40,40,30,50,40,50,50,50,40,50,50,70,50,50,50,50,70,70,40,50,40,40,50,70,70,70,70,40,70,70,50,70,50,50,50,70,50,50,70,70,70,50
"photo picture photo picture",30,"stable -9%","-9%",17,"0.31","N/A",No,"Length: Body (3–4 words) · Seasonality: Evergreen",110,110,140,90,90,70,110,70,90,90,70,90,70,90,90,70,70,90,70,70,90,50,70,90,40,30,30,50,50,30,30,40,40,20,30,50,40,40,30,30,30,30,20,20,30,40,30,30
"data photo",1000,"declining -33%","-33%",49,"0.03","$3.74",No,"Length: Head (1–2 words) · Seasonality: Evergreen",1000,1300,1300,1300,1300,1300,1300,1000,1000,1300,1000,1000,1000,1300,1300,1300,1300,1300,1300,1300,1300,1300,1000,1300,1300,1300,1300,1300,1300,1300,1000,1300,1300,1300,1000,1000,1300,1300,1300,1300,1300,1000,1000,1000,1000,1000,880,720
"add free photo editor",10,"stable 0%","0%",13,"0.24","$1.55",No,"Length: Body (3–4 words) · Seasonality: Evergreen",10,10,10,10,10,10,10,10,10,10,10,10,10,10,10,10,0,10,10,10,0,10,10,10,10,10,10,20,20,20,20,20,20,10,20,20,10,10,10,20,10,20,10,10,10,10,10,10
"photo editor official",90,"declining -36%","-36%",29,"0.12","$0.18",No,"Length: Body (3–4 words) · Seasonality: Evergreen",70,50,70,70,90,110,110,140,110,170,170,210,260,210,210,210,210,210,210,210,210,170,210,170,210,210,210,170,170,170,140,110,140,110,140,140,110,140,110,110,110,90,90,90,70,90,70,70
"you can photos",110,"growing 80%","+80%",34,"0","N/A",No,"Length: Body (3–4 words) · Seasonality: Evergreen",90,70,70,50,70,70,70,70,70,90,70,40,50,50,70,70,50,70,50,140,70,50,40,40,50,70,70,50,70,50,40,70,70,50,50,70,70,90,90,90,90,110,70,90,110,140,140,170
"image photo online",140,"declining -35%","-35%",26,"0.27","$1.80",No,"Length: Body (3–4 words) · Seasonality: Evergreen",170,170,140,210,170,140,140,140,140,140,140,140,140,140,170,170,140,140,210,170,170,210,140,140,210,210,210,110,170,140,210,320,170,140,110,140,210,170,140,140,110,140,110,140,170,110,140,90
"com photo editor",140,"declining -29%","-29%",31,"0.14","$0.46",No,"Length: Body (3–4 words) · Seasonality: Evergreen",320,260,260,260,320,260,260,320,320,320,260,320,260,390,320,320,320,320,320,320,260,210,210,210,170,210,210,210,260,210,210,390,320,210,140,170,170,210,170,170,170,140,110,110,90,140,140,110
"image add to image",90,"declining -32%","-32%",31,"0.04","$0.29",No,"Length: Body (3–4 words) · Seasonality: Evergreen",40,40,50,50,70,50,30,40,40,50,50,70,90,70,50,90,70,90,70,90,70,90,50,90,90,90,110,90,140,110,110,90,90,90,110,110,90,110,110,110,90,70,90,110,50,50,70,90
"photo editor to",20,"stable 0%","0%",19,"0.15","$2.26",No,"Length: Body (3–4 words) · Seasonality: Evergreen",70,50,40,20,20,10,20,10,20,20,20,10,10,20,20,10,20,20,20,20,20,50,30,30,30,20,20,20,20,20,20,30,30,40,30,10,10,20,40,30,20,30,10,30,20,20,40,10
"the photo editor app",10,"growing 25%","+25%",13,"0.25","$0.06",No,"Contains: photo editor app · Length: Body (3–4 words) · Seasonality: Evergreen",20,10,10,10,20,10,10,20,20,20,10,10,20,10,10,20,10,10,10,10,10,10,10,10,10,10,10,10,10,20,10,10,10,10,10,10,20,10,10,10,10,10,10,10,10,10,20,20
"photo from online",20,"growing 125%","+125%",21,"0.04","N/A",No,"Length: Body (3–4 words) · Seasonality: Evergreen",10,20,10,10,20,10,10,20,10,10,10,10,20,10,10,20,20,30,30,10,20,20,20,10,10,10,30,10,10,10,10,10,20,10,10,10,10,20,10,20,20,10,10,10,10,30,40,20
"photo to online",10,"declining -25%","-25%",17,"0.01","N/A",No,"Length: Body (3–4 words) · Seasonality: Evergreen",10,20,10,10,20,30,10,30,20,20,20,20,20,30,20,20,30,30,30,20,20,30,20,20,20,10,30,20,20,20,20,20,20,20,10,10,10,20,10,10,10,10,10,10,10,10,10,10
"add photo on image",1000,"stable 9%","+9%",46,"0.08","$0.38",No,"Contains: add photo on · Length: Body (3–4 words) · Seasonality: Evergreen",590,480,590,480,720,720,590,720,590,720,590,720,720,720,590,590,720,720,590,590,590,590,590,720,720,590,720,590,720,720,720,720,720,720,720,720,880,880,1000,1000,1000,1000,880,1000,1000,1000,1000,1000
"picture editor app download",9900,"growing 48%","+48%",62,"0.07","$0.07",No,"Contains: editor app download · Length: Body (3–4 words) · Seasonality: Evergreen",18100,18100,18100,18100,18100,18100,18100,18100,18100,14800,14800,18100,18100,14800,12100,12100,12100,12100,12100,12100,9900,9900,12100,9900,9900,9900,9900,8100,8100,8100,6600,6600,6600,5400,5400,5400,6600,9900,9900,9900,9900,9900,8100,9900,9900,12100,14800,12100
"free ka photo",90,"declining -24%","-24%",33,"0","N/A",No,"Length: Body (3–4 words) · Seasonality: Peaks in August",390,390,210,170,170,170,170,170,210,210,210,170,260,170,210,110,140,140,140,140,170,140,140,170,140,110,110,90,110,110,90,110,90,110,140,110,110,110,110,110,110,110,90,110,70,110,70,70
"photo editor from",70,"growing 113%","+113%",29,"0.05","$0.28",No,"Length: Body (3–4 words) · Seasonality: Peaks in May",10,10,10,10,10,10,10,10,10,10,10,10,10,10,10,10,10,10,10,10,10,10,10,20,10,10,10,10,10,10,30,10,10,10,10,10,10,70,70,70,70,50,70,70,50,140,90,90
"image editor editor",20,"growing 25%","+25%",21,"0.04","N/A",No,"Length: Body (3–4 words) · Seasonality: Peaks in February",10,10,10,10,10,10,10,40,10,10,10,10,20,10,10,10,10,10,20,10,10,10,10,20,10,10,10,10,10,10,20,10,10,10,10,10,20,10,10,20,20,20,30,20,10,30,10,10
"location photo app",720,"stable 15%","+15%",24,"0.49","$0.07",No,"Length: Body (3–4 words) · Seasonality: Evergreen",320,320,320,260,260,320,320,320,390,390,320,320,390,390,390,320,320,390,390,390,390,320,390,390,390,390,480,390,480,480,480,590,480,590,590,720,590,590,590,720,590,590,590,590,590,590,720,720
"photo to photo add online",50,"stable 18%","+18%",28,"0.03","N/A",No,"Contains: photo to photo · Contains: photo add online · Contains: to photo add · Length: Long tail (5+ words) · Seasonality: Evergreen",40,30,50,30,40,20,20,30,30,20,30,30,50,30,40,30,30,20,30,50,30,20,30,40,30,50,40,30,30,70,40,50,70,50,70,50,50,40,20,30,70,90,70,90,70,40,20,70
"picture photo picture",320,"growing 32%","+32%",40,"0.04","$1.25",No,"Length: Body (3–4 words) · Seasonality: Evergreen",590,590,390,320,390,390,390,390,390,320,390,480,390,390,390,390,390,390,390,480,390,320,390,390,260,260,320,210,260,260,260,260,260,260,210,260,260,260,260,260,260,320,320,320,320,320,390,320
"picture app online",10,"declining -40%","-40%",10,"0.41","$2.68",No,"Length: Body (3–4 words) · Seasonality: Evergreen",10,10,10,20,20,30,20,30,30,30,10,20,20,20,20,20,20,20,30,20,20,20,10,10,10,10,10,10,20,20,10,20,20,20,10,10,10,20,20,20,10,20,10,20,10,10,10,10
"photo on photo editor app",20,"declining -40%","-40%",19,"0.13","N/A",No,"Contains: photo editor app · Contains: photo on photo · Contains: on photo editor · Length: Long tail (5+ words) · Seasonality: Evergreen",50,50,50,40,30,30,20,10,20,20,30,50,30,30,10,20,20,30,30,20,40,30,50,30,30,20,20,20,20,20,20,20,10,10,20,10,20,10,20,10,20,30,70,10,10,10,10,10
"exif location",140,"declining -27%","-27%",36,"0","N/A",No,"Length: Head (1–2 words) · Seasonality: Peaks in January",390,320,320,320,320,880,390,320,320,260,260,260,210,210,210,170,260,210,260,210,210,210,170,140,170,140,170,140,140,140,140,140,210,110,110,140,140,210,140,140,170,170,110,140,140,140,110,110
"photo insert photo",10,"stable 0%","0%",14,"0.18","N/A",No,"Length: Body (3–4 words) · Seasonality: Peaks in April",20,10,20,10,10,10,10,20,30,20,20,20,20,10,20,10,20,20,20,10,20,10,10,20,20,10,10,10,10,10,10,20,30,20,10,20,10,10,10,20,20,20,10,10,20,10,10,10
"photo photo editor app",210,"stable -8%","-8%",33,"0.16","$0.12",No,"Contains: photo editor app · Length: Body (3–4 words) · Seasonality: Evergreen",170,170,210,210,210,210,260,260,260,260,260,260,210,210,260,210,210,260,260,260,260,260,260,260,260,210,260,260,210,210,260,210,170,210,170,170,210,320,260,210,210,210,170,170,210,260,260,210
"suit editor online",50,"declining -87%","-87%",24,"0.14","N/A",No,"Length: Body (3–4 words) · Seasonality: Evergreen",170,170,140,170,170,170,170,260,210,260,260,320,320,260,320,260,260,390,320,320,320,320,170,260,170,170,170,140,140,170,140,70,110,140,110,110,110,110,90,90,70,70,50,10,10,20,10,10
"add photo image",1000,"stable 9%","+9%",46,"0.08","$0.38",No,"Length: Body (3–4 words) · Seasonality: Evergreen",590,480,590,480,720,720,590,720,590,720,590,720,720,720,590,590,720,720,590,590,590,590,590,720,720,590,720,590,720,720,720,720,720,720,720,720,880,880,1000,1000,1000,1000,880,1000,1000,1000,1000,1000
"online photo image",140,"declining -35%","-35%",26,"0.27","$1.80",No,"Length: Body (3–4 words) · Seasonality: Evergreen",170,170,140,210,170,140,140,140,140,140,140,140,140,140,170,170,140,140,210,170,170,210,140,140,210,210,210,110,170,140,210,320,170,140,110,140,210,170,140,140,110,140,110,140,170,110,140,90
"image photo editor app",10,"stable 0%","0%",11,"0.36","N/A",No,"Contains: photo editor app · Length: Body (3–4 words) · Seasonality: Peaks in October",40,90,110,50,50,40,10,10,10,0,10,10,10,10,10,0,0,10,10,10,10,10,10,10,10,0,10,10,10,10,10,10,10,10,10,10,10,10,10,10,10,10,10,10,10,10,10,10
"picture of add",480,"growing 30%","+30%",45,"0","N/A",No,"Length: Body (3–4 words) · Seasonality: Evergreen",50,30,70,70,30,50,50,50,40,50,70,50,50,40,90,90,50,70,50,70,50,70,50,30,50,50,110,170,140,170,260,320,320,320,260,260,320,390,480,390,390,390,390,390,390,590,480,480
"take photo with gps location",110,"growing 86%","+86%",15,"0.56","$0.08",No,"Length: Long tail (5+ words) · Seasonality: Evergreen",70,40,50,50,50,50,30,50,50,70,50,70,70,70,90,50,70,90,140,90,50,50,70,90,40,50,70,70,70,40,70,140,110,90,70,70,50,50,110,110,170,140,140,110,50,110,140,140
"photo select",1300,"stable 8%","+8%",50,"0.04","$0.79",No,"Length: Head (1–2 words) · Seasonality: Evergreen",720,720,720,720,720,880,720,880,720,880,880,880,880,880,880,880,880,1000,880,880,1000,880,880,1000,1000,880,880,880,1000,1000,880,1000,880,1000,1000,1000,1000,1600,1300,1000,1600,1300,1300,1300,1300,1600,1300,1300
"simple photo editor online free",50,"declining -29%","-29%",18,"0.35","$1.37",No,"Contains: photo editor online · Contains: editor online free · Length: Long tail (5+ words) · Seasonality: Evergreen",50,40,40,30,30,30,50,50,50,40,70,40,50,50,50,70,50,50,50,140,70,40,40,50,50,50,70,40,40,40,70,50,50,50,40,40,50,70,50,50,50,50,30,50,40,40,50,30
"location of pictures",3600,"growing 52%","+52%",59,"0.01","$0.49",No,"Length: Body (3–4 words) · Seasonality: Evergreen",2400,2400,2400,1900,2400,2400,1900,2400,2400,2400,2400,2900,2900,2900,2400,2400,2400,2400,2400,2900,2900,3600,2900,2900,2900,2900,2900,2900,2900,2900,2900,2900,3600,2900,2900,2900,3600,3600,2900,2400,2900,2900,2900,3600,3600,4400,4400,6600
"photos do",1000,"stable -14%","-14%",50,"0","N/A",No,"Length: Head (1–2 words) · Seasonality: Evergreen",1300,1300,1000,880,1000,1000,1000,1000,880,1000,880,1000,880,880,880,880,880,880,880,880,720,880,720,880,880,880,880,720,720,720,720,720,720,720,880,880,880,1600,1000,1000,1000,1000,880,880,1000,1000,1000,1000
"image apps",6600,"stable -18%","-18%",60,"0.05","$1.59",No,"Length: Head (1–2 words) · Seasonality: Evergreen",8100,8100,8100,6600,6600,8100,6600,8100,8100,8100,14800,14800,12100,8100,8100,6600,6600,6600,6600,6600,6600,6600,6600,6600,6600,6600,8100,6600,6600,6600,6600,6600,6600,8100,6600,6600,6600,8100,6600,6600,6600,6600,5400,6600,5400,6600,5400,5400
"photo app with time stamp",20,"declining -73%","-73%",17,"0.24","N/A",No,"Length: Long tail (5+ words) · Seasonality: Evergreen",10,10,10,10,20,20,20,20,10,10,20,10,10,10,10,20,20,30,30,20,20,30,40,30,40,30,50,40,40,50,40,50,50,40,30,40,50,30,30,20,10,30,30,10,10,10,10,10
"about photo editor",30,"declining -33%","-33%",22,"0.13","N/A",No,"Length: Body (3–4 words) · Seasonality: Evergreen",20,20,20,20,20,10,10,20,20,10,20,10,10,20,20,10,20,30,30,30,40,20,10,30,20,30,20,30,30,10,30,20,20,20,40,30,40,40,40,50,30,30,30,30,20,30,30,20
"image add in image",590,"declining -43%","-43%",43,"0.07","$0.31",No,"Length: Body (3–4 words) · Seasonality: Evergreen",40,40,50,70,50,40,50,90,70,70,90,90,140,140,140,170,260,320,260,390,320,140,320,720,390,170,320,480,590,390,390,320,390,590,720,590,1000,1000,880,210,320,590,720,480,480,590,720,320
"as photo editor",10,"stable 0%","0%",17,"0.02","N/A",No,"Length: Body (3–4 words) · Seasonality: Peaks in August",70,10,10,10,10,30,10,10,10,10,10,10,10,10,10,20,10,10,10,10,10,10,10,10,10,10,10,10,10,10,10,10,10,0,10,10,10,10,10,10,10,10,10,10,10,10,10,10
"photo editor insert photo",590,"declining -45%","-45%",36,"0.22","$0.79",No,"Length: Body (3–4 words) · Seasonality: Evergreen",720,720,720,720,880,720,720,720,880,720,720,720,720,720,720,720,880,880,720,720,720,720,720,720,720,720,880,720,720,720,720,720,720,720,720,720,880,880,880,720,720,720,590,590,480,480,480,480
"add photo picture",140,"declining -47%","-47%",34,"0.04","N/A",No,"Length: Body (3–4 words) · Seasonality: Evergreen",30,20,30,50,70,70,90,90,90,50,90,90,110,40,70,50,50,50,50,70,70,70,90,90,70,70,90,90,90,70,70,110,110,110,140,140,260,260,210,170,90,90,90,70,90,140,110,140
"add photo to picture",14800,"declining -41%","-41%",60,"0.14","$1.04",No,"Contains: add photo to · Length: Body (3–4 words) · Seasonality: Evergreen",9900,9900,12100,9900,12100,12100,9900,12100,12100,12100,12100,12100,12100,12100,12100,12100,14800,14800,14800,14800,14800,14800,14800,14800,14800,14800,18100,14800,18100,18100,14800,18100,18100,18100,18100,18100,18100,18100,18100,18100,18100,14800,14800,14800,12100,12100,9900,9900
"image of a photo",390,"growing 30%","+30%",41,"0.05","N/A",No,"Contains: of a photo · Length: Body (3–4 words) · Seasonality: Evergreen",140,140,140,210,210,210,210,170,170,170,170,170,170,170,170,210,140,260,210,170,170,170,170,210,170,170,210,320,260,210,170,210,260,210,260,260,260,390,390,320,390,390,390,390,390,480,390,480
"photo metadata online",480,"stable -14%","-14%",43,"0.03","$0.03",No,"Length: Body (3–4 words) · Seasonality: Peaks in October",880,880,880,880,880,880,720,1000,880,880,590,720,720,2400,3600,1000,1600,1300,1300,3600,1600,880,720,720,720,720,720,720,590,590,480,720,590,590,590,590,480,480,480,480,480,720,390,320,390,720,260,260
"add photo to photos",10,"declining -25%","-25%",14,"0.19","N/A",No,"Contains: add photo to · Length: Body (3–4 words) · Seasonality: Evergreen",10,10,20,10,10,10,10,10,10,20,20,10,10,20,30,10,10,10,10,10,10,20,10,10,10,10,10,10,10,20,10,10,10,10,10,10,10,20,10,10,10,10,10,10,10,10,10,10
"editor app for pictures",10,"stable 0%","0%",15,"0.11","N/A",No,"Length: Body (3–4 words) · Seasonality: Evergreen",70,70,70,90,70,50,20,30,50,50,70,20,20,40,50,20,50,50,50,20,30,30,30,40,50,40,20,30,40,20,10,20,20,10,10,10,10,10,10,10,10,10,10,10,10,0,10,20
"www photo editor",90,"stable 15%","+15%",28,"0.13","$0.15",No,"Length: Body (3–4 words) · Seasonality: Evergreen",320,320,320,260,260,260,260,260,320,320,260,260,260,210,170,170,170,210,170,170,140,140,140,140,140,110,90,110,110,110,110,90,110,70,70,70,70,110,90,90,90,70,70,90,140,90,110,110
"add geotag to old photo",10,"stable 0%","0%",16,"0.09","N/A",No,"Length: Long tail (5+ words) · Seasonality: Evergreen",10,10,30,50,90,70,70,30,40,10,20,10,10,20,10,10,10,20,20,10,10,10,10,10,10,10,10,10,10,20,10,10,20,40,40,20,10,20,10,20,10,10,10,20,20,10,10,20
"from photo editor",5400,"declining -53%","-53%",62,"0.01","$0.62",No,"Length: Body (3–4 words) · Seasonality: Peaks in February",140,1300,480,320,210,210,480,880,480,320,390,590,880,880,720,720,1000,720,720,1600,1600,880,590,40500,8100,6600,14800,1300,1000,8100,60500,8100,4400,12100,5400,12100,2400,3600,5400,2400,33100,3600,9900,2900,1900,1900,1900,1600
"photo in photo add",170,"declining -35%","-35%",32,"0.14","$1.75",No,"Length: Body (3–4 words) · Seasonality: Evergreen",40,30,50,50,50,70,50,90,50,70,70,50,70,70,40,70,110,90,90,70,110,110,110,70,90,70,90,90,90,110,110,110,90,110,140,110,170,170,170,170,210,260,170,110,70,110,110,110
"photo to photo add",720,"stable -15%","-15%",45,"0.05","$0.28",No,"Contains: photo to photo · Contains: to photo add · Length: Body (3–4 words) · Seasonality: Evergreen",170,210,260,170,170,210,210,260,260,210,260,260,320,260,320,260,390,480,390,480,390,480,390,480,590,480,590,480,720,720,590,720,720,720,720,720,1000,1000,720,720,720,880,720,720,720,720,880,720
"photos 4",1300,"growing 45%","+45%",50,"0.03","$1.08",No,"Length: Head (1–2 words) · Seasonality: Evergreen",480,390,390,390,320,390,390,590,720,880,1000,880,880,880,1000,1000,1300,1000,1000,1300,1000,1300,1300,1600,1600,1300,1600,1300,1300,1300,1600,1600,1600,1600,1600,1300,1000,1000,1300,1300,1300,1600,1300,1600,1600,1600,1600,1600
"image add on image",170,"growing 329%","+329%",36,"0.04","$0.42",No,"Length: Body (3–4 words) · Seasonality: Peaks in April",20,30,30,20,20,30,20,30,30,50,40,30,40,40,30,20,30,20,50,30,30,50,40,50,50,50,50,50,70,70,50,90,90,90,90,70,70,50,50,90,140,140,170,210,320,260,260,210
"image on photo",20,"growing 20%","+20%",22,"0.02","N/A",No,"Length: Body (3–4 words) · Seasonality: Evergreen",20,20,20,20,30,20,20,20,20,30,10,20,20,20,20,20,20,30,30,10,20,20,20,10,20,10,20,20,20,30,20,20,10,20,20,20,20,10,20,20,20,20,30,10,20,20,10,30
"online photo editor app download",10,"declining -50%","-50%",7,"0.57","N/A",No,"Contains: photo editor app · Contains: editor app download · Contains: online photo editor · Length: Long tail (5+ words) · Seasonality: Evergreen",30,40,20,20,30,30,40,40,20,30,20,30,20,20,20,20,20,20,20,20,40,10,30,20,10,10,10,10,10,10,10,10,10,10,10,10,10,20,10,10,10,10,10,10,10,10,0,10
"image ka photo",170,"stable -5%","-5%",37,"0.01","N/A",No,"Length: Body (3–4 words) · Seasonality: Evergreen",170,110,110,140,140,110,140,110,70,90,110,110,90,70,70,70,90,110,90,90,110,90,70,90,140,170,110,170,140,140,140,170,140,140,170,170,170,170,210,170,140,170,170,210,140,170,140,210
"photo photo add",20,"growing 20%","+20%",22,"0.02","N/A",No,"Length: Body (3–4 words) · Seasonality: Evergreen",10,10,10,10,10,10,10,10,20,10,10,20,10,10,10,10,10,10,10,30,20,20,10,20,30,20,20,20,10,20,20,20,20,30,30,30,10,20,20,10,20,20,20,20,20,20,20,20
"no download photo editor",90,"declining -22%","-22%",24,"0.28","$2.21",No,"Length: Body (3–4 words) · Seasonality: Evergreen",140,140,170,110,140,140,140,110,140,90,110,110,140,90,110,90,140,170,140,140,90,170,110,140,110,110,90,140,70,90,70,140,110,110,90,90,110,70,90,70,90,70,70,90,70,90,50,70
"photo editor i",880,"stable -3%","-3%",34,"0.3","$1.08",No,"Length: Body (3–4 words) · Seasonality: Evergreen",50,70,90,50,90,90,90,110,140,140,210,210,210,210,210,170,260,390,320,260,260,260,260,260,210,260,260,210,210,260,320,390,390,260,260,260,260,1300,1000,880,720,720,720,720,720,880,880,720
"photo for editor",40,"growing 45%","+45%",27,"0.01","N/A",No,"Length: Body (3–4 words) · Seasonality: Evergreen",20,40,30,30,30,30,40,50,30,30,30,30,20,20,30,30,50,70,50,50,40,40,50,70,40,40,40,30,30,30,40,50,40,30,40,50,40,30,40,30,50,50,30,50,50,70,50,40
"photo from editor",210,"growing 171%","+171%",38,"0.02","$0.26",No,"Length: Body (3–4 words) · Seasonality: Peaks in July",20,70,30,50,50,70,40,40,40,50,70,70,50,40,30,50,70,50,70,110,90,140,30,320,210,170,170,50,50,70,320,110,90,170,140,170,110,170,70,110,320,140,210,210,110,260,480,210
"photo with editor",40,"declining -24%","-24%",24,"0.11","$0.23",No,"Length: Body (3–4 words) · Seasonality: Evergreen",50,30,30,40,40,50,50,40,40,30,30,40,50,20,20,20,50,40,40,50,40,50,40,40,40,40,50,20,30,50,40,40,50,40,30,50,50,70,50,40,30,50,40,20,40,50,40,40
"image in photo",74000,"stable -13%","-13%",74,"0.09","$1.75",No,"Length: Body (3–4 words) · Seasonality: Evergreen",246000,201000,165000,135000,110000,165000,165000,201000,110000,110000,74000,74000,74000,74000,74000,74000,90500,90500,90500,90500,110000,135000,110000,90500,90500,90500,110000,90500,90500,90500,74000,90500,90500,90500,74000,90500,74000,90500,90500,90500,74000,90500,74000,74000,74000,74000,74000,74000
"image with photo",20,"stable -17%","-17%",17,"0.22","N/A",No,"Length: Body (3–4 words) · Seasonality: Peaks in August",50,30,50,40,30,10,10,10,30,10,20,20,50,20,20,30,30,30,30,20,30,20,30,30,30,30,40,40,40,30,20,20,30,20,20,20,20,20,20,10,10,20,10,20,10,10,20,20
"online add photo to photo",40,"declining -64%","-64%",24,"0.11","N/A",No,"Contains: add photo to · Contains: photo to photo · Length: Long tail (5+ words) · Seasonality: Evergreen",20,20,40,30,40,20,20,50,20,30,30,20,20,30,30,20,30,20,20,20,20,20,10,20,20,20,30,20,30,30,50,50,40,40,20,20,70,50,20,30,70,90,50,40,40,10,20,20
"image from photo",74000,"stable -13%","-13%",74,"0.09","$1.75",No,"Length: Body (3–4 words) · Seasonality: Evergreen",246000,201000,165000,135000,110000,165000,165000,201000,110000,110000,74000,74000,74000,74000,74000,74000,90500,90500,90500,90500,110000,135000,110000,90500,90500,90500,110000,90500,90500,90500,74000,90500,90500,90500,74000,90500,74000,90500,90500,90500,74000,90500,74000,74000,74000,74000,74000,74000
"photo photo editor app download",10,"stable 0%","0%",11,"0.36","N/A",No,"Contains: photo editor app · Contains: editor app download · Length: Long tail (5+ words) · Seasonality: Peaks in December",10,10,10,10,10,10,10,10,20,20,10,10,10,10,20,10,50,10,10,10,30,10,20,10,10,10,10,10,10,10,10,0,10,10,10,10,10,10,10,10,10,10,10,10,10,10,10,10
"photo com editor",140,"declining -29%","-29%",31,"0.14","$0.46",No,"Length: Body (3–4 words) · Seasonality: Evergreen",320,260,260,260,320,260,260,320,320,320,260,320,260,390,320,320,320,320,320,320,260,210,210,210,170,210,210,210,260,210,210,390,320,210,140,170,170,210,170,170,170,140,110,110,90,140,140,110
"photo editor online free download",260,"declining -24%","-24%",36,"0.1","$0.35",No,"Contains: photo editor online · Contains: editor online free · Length: Long tail (5+ words) · Seasonality: Evergreen",170,260,210,210,210,210,210,210,210,260,260,260,260,320,320,260,260,320,390,320,320,320,390,320,260,260,320,260,260,210,260,320,390,260,260,320,260,320,210,320,260,260,320,320,210,260,170,170
"picture location app",20,"declining -20%","-20%",15,"0.31","$0.37",No,"Length: Body (3–4 words) · Seasonality: Evergreen",90,110,110,90,90,90,70,90,90,90,90,110,90,70,90,70,70,90,70,70,50,50,50,70,50,40,50,30,40,30,50,50,30,30,30,30,20,20,10,20,20,30,30,10,20,20,10,10
"free editor online image",33100,"declining -28%","-28%",53,"0.29","$0.52",No,"Length: Body (3–4 words) · Seasonality: Evergreen",33100,33100,40500,40500,40500,40500,40500,49500,40500,40500,40500,40500,40500,40500,40500,40500,40500,49500,49500,49500,40500,40500,40500,40500,40500,40500,40500,40500,49500,49500,49500,49500,49500,49500,40500,40500,40500,40500,40500,40500,40500,33100,33100,33100,33100,33100,27100,27100
"app to time stamp photos",10,"stable 0%","0%",12,"0.29","N/A",No,"Length: Long tail (5+ words) · Seasonality: Evergreen",10,10,10,10,10,10,10,10,10,10,10,10,10,10,10,10,10,10,10,10,10,10,10,10,10,10,20,10,10,10,10,20,10,10,20,10,10,10,10,10,10,10,10,10,10,10,10,10
"photos into",4400,"stable -7%","-7%",59,"0.03","$1.47",No,"Length: Head (1–2 words) · Seasonality: Evergreen",1900,1600,2400,1900,1900,1900,1900,1900,1900,1900,1900,1900,2400,2400,3600,2900,4400,3600,3600,3600,3600,3600,3600,3600,3600,3600,3600,2900,2900,2900,2900,3600,3600,2900,3600,3600,4400,5400,4400,3600,4400,4400,4400,4400,4400,4400,4400,4400
"add to image",320,"growing 22%","+22%",39,"0.07","$1.29",No,"Length: Body (3–4 words) · Seasonality: Evergreen",110,140,140,170,140,140,390,320,210,320,260,260,320,210,170,210,210,170,170,170,170,170,170,210,210,170,210,210,210,210,210,260,210,320,210,260,320,260,320,260,260,260,210,260,260,320,390,390
"picture image editor",301000,"stable -1%","-1%",74,"0.19","$0.88",No,"Length: Body (3–4 words) · Seasonality: Evergreen",135000,135000,135000,135000,135000,135000,165000,165000,246000,165000,165000,165000,165000,165000,201000,201000,201000,246000,246000,201000,201000,246000,201000,246000,301000,301000,301000,301000,246000,246000,201000,246000,246000,246000,246000,246000,246000,368000,301000,301000,301000,301000,301000,301000,301000,301000,301000,301000
"google photo editor online free",210,"stable -19%","-19%",33,"0.14","$0.60",No,"Contains: photo editor online · Contains: editor online free · Length: Long tail (5+ words) · Seasonality: Evergreen",50,70,50,50,70,50,50,70,70,70,70,90,90,70,110,90,140,140,170,140,140,140,140,110,170,170,210,170,140,140,110,140,140,110,110,140,210,480,210,260,320,170,110,140,140,260,210,260
"photos you",1000,"stable -17%","-17%",50,"0.01","N/A",No,"Length: Head (1–2 words) · Seasonality: Evergreen",720,720,720,720,720,720,720,720,720,720,720,720,880,880,880,720,880,880,720,720,720,1300,880,880,1000,1000,1000,880,1000,1000,1000,720,1000,1600,1000,1000,1000,1300,1300,1300,1300,1000,880,880,1000,1000,1000,1000
"photo editor online no sign up",70,"growing 56%","+56%",29,"0.05","$0.48",No,"Contains: photo editor online · Length: Long tail (5+ words) · Seasonality: Evergreen",10,10,10,20,20,20,30,20,20,30,20,20,30,20,40,20,30,30,30,30,50,40,50,50,50,50,40,40,50,50,40,70,50,70,70,70,50,70,40,40,70,70,90,90,50,70,110,70
"add image to picture",9900,"stable -18%","-18%",63,"0.06","$0.96",No,"Contains: add image to · Length: Body (3–4 words) · Seasonality: Evergreen",4400,4400,4400,4400,5400,5400,4400,5400,5400,5400,5400,6600,6600,5400,6600,6600,8100,8100,6600,8100,8100,8100,8100,8100,8100,8100,9900,8100,9900,9900,9900,9900,9900,9900,9900,9900,9900,9900,9900,9900,9900,9900,9900,9900,8100,8100,8100,8100
"fake photo editor online",10,"stable 0%","0%",16,"0.07","N/A",No,"Contains: photo editor online · Length: Body (3–4 words) · Seasonality: Peaks in August",170,90,70,90,70,90,140,170,170,110,170,140,140,70,90,90,90,70,70,70,50,50,70,50,50,50,40,40,40,40,20,30,20,20,10,10,10,10,10,10,10,10,10,10,10,10,10,10
"online photo in photo editor",10,"stable 0%","0%",16,"0.07","N/A",No,"Length: Long tail (5+ words) · Seasonality: Evergreen",20,10,10,10,10,10,10,10,10,20,20,10,10,10,20,10,10,10,10,10,20,10,10,10,10,10,10,10,10,10,10,10,10,10,10,10,10,10,10,10,10,10,10,10,10,10,10,10
"online photo on photo editor",10,"declining -40%","-40%",15,"0.14","N/A",No,"Contains: photo on photo · Contains: on photo editor · Length: Long tail (5+ words) · Seasonality: Evergreen",20,30,40,30,30,50,20,30,30,20,30,20,10,20,20,30,30,20,40,20,40,30,30,30,30,20,40,20,20,20,30,20,10,10,20,10,20,10,20,20,10,10,10,10,10,10,10,10
"photo editor no",10,"growing 33%","+33%",17,"0","N/A",No,"Length: Body (3–4 words) · Seasonality: Evergreen",10,10,10,10,20,10,10,10,10,10,10,10,10,10,10,10,10,10,10,10,10,10,10,10,10,10,0,10,10,10,10,10,10,10,10,10,10,10,10,10,10,10,10,10,10,10,10,20
"photo and image",74000,"stable -13%","-13%",74,"0.09","$1.75",No,"Length: Body (3–4 words) · Seasonality: Evergreen",246000,201000,165000,135000,110000,165000,165000,201000,110000,110000,74000,74000,74000,74000,74000,74000,90500,90500,90500,90500,110000,135000,110000,90500,90500,90500,110000,90500,90500,90500,74000,90500,90500,90500,74000,90500,74000,90500,90500,90500,74000,90500,74000,74000,74000,74000,74000,74000
"photo on image",20,"declining -58%","-58%",22,"0.01","N/A",No,"Length: Body (3–4 words) · Seasonality: Evergreen",20,10,20,10,20,30,20,20,30,30,10,10,30,10,40,20,30,20,20,30,20,20,10,20,20,20,20,20,20,30,10,30,20,10,50,70,50,30,40,20,30,20,10,20,20,20,20,10
"picture it photo editor",10,"declining -25%","-25%",6,"0.63","$1.47",No,"Length: Body (3–4 words) · Seasonality: Evergreen",20,10,20,10,10,30,20,10,20,10,10,10,20,10,10,10,20,20,20,30,20,10,10,10,20,10,10,10,10,10,10,20,10,10,10,10,10,10,20,10,20,20,10,10,10,10,10,10
"photo ka image",90,"declining -21%","-21%",33,"0","N/A",No,"Length: Body (3–4 words) · Seasonality: Peaks in August",170,90,90,70,70,70,50,50,70,40,70,70,90,90,50,70,50,40,70,50,70,70,50,110,140,70,90,70,50,70,70,70,70,70,70,50,70,110,110,50,90,70,70,90,40,70,70,90
"the image online",30,"growing 37%","+37%",25,"0.01","N/A",No,"Length: Body (3–4 words) · Seasonality: Evergreen",50,30,50,50,70,70,40,30,30,20,30,40,40,40,40,30,50,40,50,40,40,30,50,30,40,50,30,30,40,40,40,30,50,40,20,40,30,20,30,30,30,40,30,40,30,50,30,30
"i need photo editor",90,"growing 164%","+164%",22,"0.33","$2.59",No,"Length: Body (3–4 words) · Seasonality: Peaks in July",30,20,30,20,10,30,30,10,30,20,20,30,10,20,20,10,20,20,10,20,20,10,10,10,20,20,10,40,30,20,30,30,30,30,50,30,50,40,50,70,70,70,70,90,90,110,90,170
"add image photo",40,"declining -42%","-42%",26,"0.04","N/A",No,"Length: Body (3–4 words) · Seasonality: Peaks in November",30,50,40,30,30,40,40,50,50,40,40,40,50,50,70,90,70,70,90,90,90,90,90,90,110,140,260,590,390,390,390,170,70,70,70,50,70,50,70,50,40,50,30,30,30,30,30,50
"photo edit tag",40,"declining -62%","-62%",27,"0","N/A",No,"Length: Body (3–4 words) · Seasonality: Evergreen",390,390,390,480,480,590,480,480,480,480,480,480,480,390,320,260,260,320,320,260,170,170,170,140,140,110,110,50,70,70,70,70,70,50,70,50,70,90,50,30,50,30,30,20,20,40,30,10
"photo details editor",320,"stable -6%","-6%",36,"0.14","$0.31",No,"Length: Body (3–4 words) · Seasonality: Evergreen",110,110,140,110,140,110,110,140,90,170,110,140,170,140,170,140,170,170,210,170,140,170,170,170,210,260,260,320,320,260,320,320,260,320,260,320,320,320,320,320,320,320,260,320,320,260,320,320
"photo ki image",70,"stable -9%","-9%",31,"0","N/A",No,"Length: Body (3–4 words) · Seasonality: Evergreen",70,90,70,50,50,70,40,50,70,70,50,50,50,90,30,50,50,50,40,50,50,70,70,50,70,40,50,50,50,50,50,70,70,50,50,70,70,90,70,70,70,70,70,70,50,70,70,70
"add to image online",10,"declining -25%","-25%",15,"0.16","$0.34",No,"Length: Body (3–4 words) · Seasonality: Evergreen",10,10,10,20,20,20,20,20,10,10,20,30,20,10,10,10,10,10,10,10,10,20,10,20,20,10,20,10,20,20,20,30,20,10,10,20,20,10,10,10,10,10,10,10,10,10,10,10
"photo with image",20,"stable 14%","+14%",14,"0.35","N/A",No,"Length: Body (3–4 words) · Seasonality: Evergreen",30,40,30,20,30,20,30,20,20,20,30,30,20,30,10,30,20,30,20,20,30,30,20,30,40,20,30,20,20,30,30,40,20,20,20,20,30,20,20,20,30,10,20,20,20,30,30,20
"photo app image",70,"growing 21%","+21%",29,"0.06","$0.66",No,"Length: Body (3–4 words) · Seasonality: Evergreen",50,50,90,210,210,210,50,70,50,50,40,50,50,50,50,70,50,90,70,70,50,90,40,70,50,50,70,50,70,50,50,90,50,70,70,50,50,70,70,50,50,70,70,70,50,70,110,50
"add photo into photo",1300,"declining -43%","-43%",42,"0.2","$0.73",No,"Length: Body (3–4 words) · Seasonality: Evergreen",1300,1000,1300,1000,1300,1300,1000,1300,1300,1300,1300,1300,1600,1600,1600,1600,1600,1600,1600,1600,1600,1600,1600,1600,1900,1600,1900,1600,1900,1900,1600,1900,1600,1600,1600,1600,1600,1600,1600,1300,1600,1300,1000,1300,1000,1000,880,880
"photo editor com free",50,"growing 24%","+24%",23,"0.18","$0.17",No,"Length: Body (3–4 words) · Seasonality: Evergreen",20,70,90,70,40,10,10,10,10,10,20,20,20,30,20,10,40,20,70,50,70,30,40,50,30,10,30,50,50,20,50,50,50,30,20,30,50,70,50,20,30,30,20,30,40,70,70,70
"add photos to photo",170,"declining -35%","-35%",32,"0.14","$1.75",No,"Length: Body (3–4 words) · Seasonality: Evergreen",40,30,50,50,50,70,50,90,50,70,70,50,70,70,40,70,110,90,90,70,110,110,110,70,90,70,90,90,90,110,110,110,90,110,140,110,170,170,170,170,210,260,170,110,70,110,110,110
"add date and time stamp to photos online",10,"stable 0%","0%",17,"0","N/A",No,"Contains: stamp to photos · Contains: time stamp to · Length: Long tail (5+ words) · Seasonality: Evergreen",20,20,20,10,20,10,10,10,10,10,10,20,20,20,20,40,10,20,20,40,30,10,40,50,30,30,30,30,20,30,20,30,40,30,10,10,20,10,10,10,10,10,10,10,20,20,10,10
"photo add download",10,"declining -50%","-50%",15,"0.14","N/A",No,"Length: Body (3–4 words) · Seasonality: Evergreen",30,30,20,40,70,70,50,50,70,50,50,40,30,40,30,30,30,50,30,30,20,50,20,40,30,20,30,10,20,20,20,30,10,20,20,20,20,20,20,20,20,10,10,10,10,10,10,10
"image to online",20,"stable 0%","0%",20,"0.1","N/A",No,"Length: Body (3–4 words) · Seasonality: Evergreen",20,20,30,30,30,20,20,20,20,20,20,20,20,20,30,40,40,30,40,30,20,30,30,50,40,30,40,30,30,20,20,30,20,20,40,20,10,20,30,30,30,20,30,30,20,30,20,10
"photo upload image",12100,"stable -6%","-6%",66,"0.03","$1.97",No,"Length: Body (3–4 words) · Seasonality: Evergreen",18100,14800,14800,14800,14800,18100,14800,18100,14800,14800,14800,14800,14800,14800,14800,14800,14800,14800,14800,14800,14800,14800,14800,14800,14800,12100,12100,12100,12100,12100,12100,12100,12100,12100,12100,12100,12100,12100,12100,12100,12100,12100,9900,12100,9900,9900,12100,12100
"exif data editor online",90,"declining -36%","-36%",32,"0.02","N/A",No,"Length: Body (3–4 words) · Seasonality: Evergreen",170,110,140,110,90,140,140,110,140,140,90,140,110,140,110,110,110,110,140,170,110,140,110,110,110,140,140,110,110,170,110,140,170,140,140,140,140,110,110,90,90,90,70,90,70,90,70,70
"photo editor online tool",10,"declining -25%","-25%",12,"0.29","$1.20",No,"Contains: photo editor online · Length: Body (3–4 words) · Seasonality: Peaks in February",20,20,30,20,10,20,40,20,10,20,10,10,30,10,20,20,20,10,50,20,10,10,10,20,40,30,20,20,10,10,10,20,30,20,50,10,10,20,10,10,20,10,10,10,10,10,10,10
"pictorial editor",20,"growing 50%","+50%",15,"0.33","$0.22",No,"Length: Head (1–2 words) · Seasonality: Peaks in April",20,40,20,20,20,20,20,40,30,30,70,50,30,10,30,20,20,40,20,10,40,40,30,30,20,40,40,20,30,30,20,50,70,30,20,20,20,10,10,20,10,10,30,30,30,20,30,10
"add image onto image",9900,"stable -18%","-18%",63,"0.06","$0.96",No,"Length: Body (3–4 words) · Seasonality: Evergreen",4400,4400,4400,4400,5400,5400,4400,5400,5400,5400,5400,6600,6600,5400,6600,6600,8100,8100,6600,8100,8100,8100,8100,8100,8100,8100,9900,8100,9900,9900,9900,9900,9900,9900,9900,9900,9900,9900,9900,9900,9900,9900,9900,9900,8100,8100,8100,8100
"photo into photo",40500,"stable -18%","-18%",74,"0.03","$1.39",No,"Length: Body (3–4 words) · Seasonality: Evergreen",110000,110000,110000,90500,90500,90500,90500,90500,90500,74000,74000,74000,74000,74000,74000,74000,74000,90500,74000,74000,74000,74000,74000,90500,49500,49500,49500,40500,40500,40500,40500,49500,40500,40500,40500,40500,49500,49500,40500,40500,40500,40500,33100,40500,33100,40500,40500,33100
"add on image",170,"stable -7%","-7%",36,"0.02","$1.03",No,"Length: Body (3–4 words) · Seasonality: Evergreen",90,70,110,70,90,90,90,140,110,90,140,110,110,110,90,90,140,110,140,140,110,140,110,110,110,140,170,140,110,140,170,140,140,170,170,170,170,210,170,170,210,170,170,170,170,170,170,170
"photoshoot editor online",301000,"growing 305%","+305%",87,"0.05","$0.45",No,"Length: Body (3–4 words) · Seasonality: Peaks in May",165000,165000,165000,165000,165000,165000,165000,201000,165000,201000,165000,165000,201000,201000,201000,165000,201000,201000,201000,201000,165000,165000,165000,135000,135000,135000,165000,135000,135000,135000,135000,135000,135000,135000,135000,135000,135000,135000,135000,110000,110000,110000,90500,246000,550000,823000,450000,368000
"drop your image",50,"declining -76%","-76%",28,"0.03","N/A",No,"Length: Body (3–4 words) · Seasonality: Peaks in February",10,20,30,30,20,20,30,30,50,40,40,20,30,20,30,20,30,40,20,30,30,20,20,30,30,20,20,20,20,20,390,70,70,70,70,70,40,390,30,20,20,10,30,20,30,50,30,30
"google photos add location",30,"declining -45%","-45%",25,"0","N/A",No,"Length: Body (3–4 words) · Seasonality: Evergreen",40,30,30,20,40,40,30,30,40,50,50,50,70,50,50,40,40,50,40,50,50,50,50,50,50,50,50,40,40,40,50,40,50,30,50,50,50,30,30,40,30,40,50,30,20,10,20,30
"gps coordinates in photos",320,"growing 22%","+22%",37,"0.12","$0.13",No,"Length: Body (3–4 words) · Seasonality: Evergreen",260,210,260,210,260,260,210,260,210,260,210,260,320,260,260,260,210,260,260,210,210,210,260,260,260,260,260,210,210,210,210,210,210,260,260,260,260,320,320,260,320,320,260,390,390,390,320,390
"into pictures",30,"stable -11%","-11%",25,"0","N/A",No,"Length: Head (1–2 words) · Seasonality: Evergreen",20,20,40,30,20,20,30,50,30,50,20,30,20,20,40,30,10,40,50,20,30,20,10,20,30,30,20,20,20,10,20,20,20,20,20,10,20,40,30,30,30,50,20,30,20,30,20,30
"image editor app download",90,"declining -25%","-25%",23,"0.3","$0.12",No,"Contains: editor app download · Contains: image editor app · Length: Body (3–4 words) · Seasonality: Evergreen",170,170,210,170,140,210,110,170,210,210,260,320,260,210,170,210,210,260,170,210,260,260,170,210,320,260,260,390,260,170,140,140,140,110,140,140,140,110,110,90,90,70,50,90,90,90,90,90
"image location data",260,"declining -29%","-29%",39,"0.02","$0.85",No,"Length: Body (3–4 words) · Seasonality: Evergreen",590,480,480,480,390,480,320,480,390,480,390,390,390,390,390,320,320,320,390,320,390,390,390,390,390,390,320,320,320,320,320,320,390,480,320,390,320,320,320,260,260,260,260,260,260,260,210,210
"add timestamp to photo online",110,"declining -53%","-53%",34,"0.01","N/A",No,"Contains: to photo online · Length: Long tail (5+ words) · Seasonality: Evergreen",140,210,170,140,140,170,140,140,140,140,170,170,170,210,170,170,210,210,260,260,210,210,320,260,320,260,260,260,210,170,140,140,110,110,140,170,140,170,140,140,110,90,110,140,110,70,70,70
"photos i can use",50,"stable -7%","-7%",26,"0.09","$3.67",No,"Length: Body (3–4 words) · Seasonality: Evergreen",70,50,50,50,50,70,70,50,50,50,30,40,50,50,50,50,50,70,50,50,50,50,50,50,40,40,50,50,50,40,30,50,40,40,50,30,50,50,50,50,70,40,40,40,50,50,50,40
"online suit editor",10,"declining -67%","-67%",16,"0.07","N/A",No,"Length: Body (3–4 words) · Seasonality: Evergreen",50,50,40,70,50,90,70,90,90,110,90,140,170,140,170,140,140,170,260,170,210,210,210,210,110,70,70,90,90,90,110,90,90,90,90,50,50,20,20,10,10,10,10,10,10,10,10,10
"photo modifier online free",90500,"stable 1%","+1%",68,"0.18","$0.69",No,"Length: Body (3–4 words) · Seasonality: Evergreen",60500,60500,60500,60500,60500,74000,74000,74000,74000,74000,74000,74000,74000,74000,74000,74000,74000,90500,90500,110000,90500,90500,90500,90500,90500,90500,110000,165000,90500,90500,90500,90500,90500,90500,90500,90500,90500,90500,90500,90500,90500,90500,74000,90500,74000,74000,90500,110000
"image adder online",90,"declining -30%","-30%",31,"0.06","$0.39",No,"Length: Body (3–4 words) · Seasonality: Evergreen",170,170,170,170,170,170,260,260,320,390,320,260,320,210,260,210,260,260,210,170,140,170,110,170,140,110,110,110,110,110,70,110,90,90,90,90,110,110,110,110,110,110,90,90,90,70,70,90
"timestamp on pictures",720,"growing 38%","+38%",47,"0.02","N/A",No,"Length: Body (3–4 words) · Seasonality: Evergreen",140,170,170,140,140,170,210,210,170,210,260,170,170,210,170,210,210,210,320,170,170,140,170,170,170,170,140,140,170,170,110,140,140,210,260,260,480,720,720,590,720,590,590,720,720,880,880,880
"photo on photo online",210,"declining -30%","-30%",36,"0.07","$0.46",No,"Contains: photo on photo · Length: Body (3–4 words) · Seasonality: Evergreen",320,260,260,320,320,260,260,260,260,260,260,210,260,210,260,260,260,320,320,390,320,320,320,320,320,320,390,320,260,320,320,390,320,260,320,320,260,260,210,170,170,210,140,210,210,170,170,170
"location on pictures",3600,"growing 52%","+52%",59,"0.01","$0.49",No,"Length: Body (3–4 words) · Seasonality: Evergreen",2400,2400,2400,1900,2400,2400,1900,2400,2400,2400,2400,2900,2900,2900,2400,2400,2400,2400,2400,2900,2900,3600,2900,2900,2900,2900,2900,2900,2900,2900,2900,2900,3600,2900,2900,2900,3600,3600,2900,2400,2900,2900,2900,3600,3600,4400,4400,6600
"photo editor app app",10,"stable 0%","0%",9,"0.46","$0.04",No,"Contains: photo editor app · Length: Body (3–4 words) · Seasonality: Evergreen",10,10,10,10,20,20,10,20,20,10,10,10,10,10,10,10,10,10,10,20,20,10,10,10,10,10,10,10,10,10,10,10,20,10,20,10,10,10,20,10,10,10,10,10,10,20,10,10
"app for photo with location",70,"stable -15%","-15%",14,"0.55","$0.09",No,"Length: Long tail (5+ words) · Seasonality: Evergreen",20,30,30,40,20,20,10,30,30,40,40,40,50,50,50,30,50,40,40,50,50,30,30,50,110,70,90,50,70,70,50,90,50,40,90,90,110,90,70,50,90,70,70,50,50,70,70,90
"photo photo online",210,"declining -30%","-30%",36,"0.07","$0.46",No,"Length: Body (3–4 words) · Seasonality: Evergreen",320,260,260,320,320,260,260,260,260,260,260,210,260,210,260,260,260,320,320,390,320,320,320,320,320,320,390,320,260,320,320,390,320,260,320,320,260,260,210,170,170,210,140,210,210,170,170,170
"add photo online free",30,"stable 14%","+14%",23,"0.07","$0.42",No,"Contains: add photo online · Length: Body (3–4 words) · Seasonality: Evergreen",10,10,10,10,10,10,10,10,10,10,10,20,20,20,10,20,20,20,20,20,20,10,20,30,30,50,40,30,30,30,30,30,30,20,30,20,30,20,20,20,40,40,30,30,20,20,30,30
"photo maker photo",10,"declining -40%","-40%",15,"0.16","N/A",No,"Length: Body (3–4 words) · Seasonality: Peaks in June",30,10,20,30,30,50,30,40,30,40,90,40,50,10,20,20,30,40,40,30,20,40,30,30,30,20,20,20,10,10,10,20,20,20,20,20,30,10,10,10,10,10,10,10,10,10,10,10
"image coordinates online",30,"declining -50%","-50%",25,"0","N/A",No,"Length: Body (3–4 words) · Seasonality: Evergreen",90,110,70,70,70,90,50,110,50,70,90,70,90,70,110,90,110,70,90,110,70,90,90,110,70,70,50,70,70,90,50,50,50,70,40,50,30,40,30,30,30,30,20,30,10,20,10,20
"picture fix online",880,"declining -27%","-27%",32,"0.34","$1.10",No,"Length: Body (3–4 words) · Seasonality: Evergreen",1600,1600,1600,1600,1900,1900,1900,1900,1900,1900,1900,1900,1900,1900,2400,1900,1900,1900,1900,1900,1900,1900,1900,1900,1600,1600,1600,1600,1300,1300,1600,1600,1300,1300,1300,1000,1000,1000,1000,1000,1000,880,720,880,720,880,720,590
"photos adding app download",50,"stable -14%","-14%",21,"0.27","$0.11",No,"Length: Body (3–4 words) · Seasonality: Evergreen",140,110,170,170,170,110,40,50,90,90,140,140,140,110,110,140,170,170,140,140,210,170,140,70,110,70,70,90,90,90,90,90,90,70,70,70,50,70,90,50,50,30,40,40,40,70,70,40
"photo add on",70,"stable -7%","-7%",28,"0.09","$1.44",No,"Length: Body (3–4 words) · Seasonality: Peaks in December",110,110,90,90,320,90,90,90,110,90,90,90,70,90,70,70,90,50,50,70,70,70,70,50,40,50,70,70,140,50,480,70,30,320,70,70,50,50,50,50,170,50,90,50,50,50,50,40
"photo information location",10,"stable 0%","0%",17,"0","N/A",No,"Length: Body (3–4 words) · Seasonality: Peaks in April",20,30,30,30,20,10,10,10,20,10,10,20,20,10,20,20,20,30,40,30,70,40,40,20,10,10,10,10,20,20,10,10,20,10,10,10,10,10,10,10,10,10,10,10,10,10,10,10
"geo photo",2400,"declining -22%","-22%",53,"0.06","$0.06",No,"Length: Head (1–2 words) · Seasonality: Peaks in September",1900,3600,1900,1900,1600,1900,1900,1900,1900,1600,1600,1900,1900,2900,1900,1900,1600,2400,1900,1900,2400,1900,2400,2400,2400,5400,4400,2900,2900,3600,2900,2900,2900,2900,2400,2400,2400,4400,2400,2400,1900,2400,1900,1900,2400,2400,2400,2400
"photo 4",1300,"growing 45%","+45%",50,"0.03","$1.08",No,"Length: Head (1–2 words) · Seasonality: Evergreen",480,390,390,390,320,390,390,590,720,880,1000,880,880,880,1000,1000,1300,1000,1000,1300,1000,1300,1300,1600,1600,1300,1600,1300,1300,1300,1600,1600,1600,1600,1600,1300,1000,1000,1300,1300,1300,1600,1300,1600,1600,1600,1600,1600
"image details editor",110,"stable -13%","-13%",29,"0.14","$0.17",No,"Length: Body (3–4 words) · Seasonality: Evergreen",50,40,110,110,70,50,70,70,70,70,70,50,70,50,90,170,40,70,70,50,50,70,70,90,70,110,110,70,90,110,70,90,90,110,90,140,110,110,90,90,110,110,110,90,90,90,90,90
"photo metadata editor online",20,"declining -56%","-56%",22,"0","N/A",No,"Length: Body (3–4 words) · Seasonality: Peaks in August",30,20,70,50,50,50,50,50,50,50,40,40,320,170,40,50,40,70,50,50,50,70,50,50,50,90,70,70,50,50,50,50,50,40,40,40,40,40,10,20,10,30,20,10,20,10,20,10
"image download image",1600,"growing 78%","+78%",53,"0","N/A",No,"Length: Body (3–4 words) · Seasonality: Peaks in July",40,40,50,50,40,70,50,90,90,110,90,90,90,170,140,140,170,170,140,70,50,40,50,90,50,260,260,210,260,260,170,170,210,260,260,480,880,1300,1300,1300,1300,1300,1300,1300,1600,1900,1900,2400
"online picture online picture",10,"declining -40%","-40%",17,"0","N/A",No,"Length: Body (3–4 words) · Seasonality: Evergreen",10,10,10,10,10,10,10,10,10,10,10,10,10,20,10,10,20,10,10,10,10,20,10,10,10,20,10,10,20,10,20,20,10,20,20,20,10,10,30,20,20,10,10,10,10,10,10,10
"photo photo image",40,"growing 33%","+33%",26,"0.02","N/A",No,"Length: Body (3–4 words) · Seasonality: Evergreen",50,50,40,70,50,70,50,50,40,50,70,50,40,50,40,40,40,50,50,70,70,50,50,50,40,40,50,40,40,30,30,50,50,40,40,30,30,40,50,30,30,40,40,30,40,40,70,50
"photo editor now",40,"declining -28%","-28%",22,"0.17","$0.85",No,"Length: Body (3–4 words) · Seasonality: Peaks in September",50,40,40,30,40,50,30,20,40,30,40,50,40,40,30,20,50,30,40,40,50,50,40,30,50,40,30,20,20,20,20,50,50,30,30,30,20,110,50,30,30,20,40,30,40,70,30,30
"photos create",2400,"growing 46%","+46%",43,"0.23","$0.29",No,"Length: Head (1–2 words) · Seasonality: Evergreen",590,590,720,880,880,720,720,720,720,720,720,720,720,880,1000,1300,1600,1600,1300,1600,1000,1000,1000,1000,1300,1000,1000,1000,1300,1000,1000,1300,1300,1300,1300,1300,1300,2900,1900,1900,2400,1900,1600,2400,2400,3600,2900,2400
"photo editor that can insert photo",10,"stable 0%","0%",2,"0.86","N/A",No,"Length: Long tail (5+ words) · Seasonality: Evergreen",20,10,10,10,10,10,10,10,10,10,10,20,10,10,10,10,10,20,10,10,20,10,10,10,10,10,10,10,20,10,10,10,10,10,10,10,10,10,10,10,10,10,10,10,10,10,10,10
"your photo image",40,"declining -28%","-28%",27,"0","N/A",No,"Length: Body (3–4 words) · Seasonality: Evergreen",110,70,90,90,140,140,140,110,170,260,210,210,210,170,210,210,170,170,140,170,170,140,140,140,90,70,110,70,70,50,50,70,50,50,50,40,90,50,40,20,30,40,50,30,30,40,40,50
"image upload image",110000,"stable -18%","-18%",82,"0.02","$1.04",No,"Length: Body (3–4 words) · Seasonality: Evergreen",165000,135000,135000,135000,135000,165000,135000,165000,135000,135000,135000,135000,165000,135000,135000,135000,135000,135000,135000,135000,135000,135000,110000,110000,110000,110000,110000,110000,110000,110000,110000,110000,110000,110000,110000,135000,135000,110000,110000,110000,110000,110000,90500,90500,90500,110000,90500,90500
"pic editor pic",50,"declining -28%","-28%",27,"0.06","N/A",No,"Length: Body (3–4 words) · Seasonality: Evergreen",210,210,140,140,110,140,140,110,140,170,110,110,70,70,90,50,90,90,110,90,90,70,110,70,70,50,50,50,40,50,40,40,40,30,30,50,40,70,70,50,40,50,20,50,50,50,40,40
"photo take photo",20,"stable -14%","-14%",22,"0","N/A",No,"Length: Body (3–4 words) · Seasonality: Evergreen",40,20,20,20,20,10,10,20,30,30,10,20,20,20,10,10,10,10,10,10,20,20,10,10,10,10,20,10,10,20,10,20,20,20,20,20,20,30,20,10,10,20,20,30,20,30,10,20
"photo location apps",480,"declining -25%","-25%",30,"0.33","$0.07",No,"Length: Body (3–4 words) · Seasonality: Evergreen",720,590,590,590,720,720,720,720,720,880,720,1000,880,720,720,720,720,720,720,880,880,720,720,720,590,590,590,720,590,590,480,590,590,480,590,590,590,480,480,480,720,390,320,320,320,390,390,390
"add photo in image",1000,"stable 9%","+9%",46,"0.08","$0.38",No,"Length: Body (3–4 words) · Seasonality: Evergreen",590,480,590,480,720,720,590,720,590,720,590,720,720,720,590,590,720,720,590,590,590,590,590,720,720,590,720,590,720,720,720,720,720,720,720,720,880,880,1000,1000,1000,1000,880,1000,1000,1000,1000,1000
"photo work online",50,"declining -48%","-48%",28,"0.03","N/A",No,"Length: Body (3–4 words) · Seasonality: Evergreen",50,70,70,50,90,50,50,50,50,90,70,70,70,70,70,50,70,70,90,50,50,70,50,90,90,90,70,50,50,90,50,70,50,50,50,70,90,70,70,50,70,50,40,70,40,50,30,40
"editor editor app",260,"growing 22%","+22%",37,"0.08","$0.17",No,"Length: Body (3–4 words) · Seasonality: Evergreen",90,90,90,110,110,110,110,140,170,140,140,170,140,110,140,140,140,170,170,170,140,140,170,170,210,140,140,140,110,210,140,170,170,170,210,210,210,320,260,210,260,260,210,260,260,320,320,320
"photo overlay editor online",10,"declining -40%","-40%",17,"0.03","N/A",No,"Length: Body (3–4 words) · Seasonality: Evergreen",10,10,10,10,10,10,10,10,10,10,10,10,20,10,10,10,20,10,10,10,20,10,10,10,10,10,10,20,10,10,10,30,30,30,10,10,20,20,10,10,10,10,10,10,10,10,10,10
"online image editor app",50,"declining -48%","-48%",24,"0.17","$1.66",No,"Contains: image editor app · Length: Body (3–4 words) · Seasonality: Evergreen",110,90,90,70,110,90,90,110,90,90,50,90,90,70,90,70,90,110,90,90,70,90,90,50,50,70,70,40,90,50,70,70,70,50,50,90,50,90,90,70,40,50,50,40,50,50,30,40
"photo of a photo",40500,"stable -18%","-18%",74,"0.03","$1.39",No,"Contains: of a photo · Length: Body (3–4 words) · Seasonality: Evergreen",110000,110000,110000,90500,90500,90500,90500,90500,90500,74000,74000,74000,74000,74000,74000,74000,74000,90500,74000,74000,74000,74000,74000,90500,49500,49500,49500,40500,40500,40500,40500,49500,40500,40500,40500,40500,49500,49500,40500,40500,40500,40500,33100,40500,33100,40500,40500,33100
"editor app editor app",390,"stable 13%","+13%",39,"0.09","$0.11",No,"Length: Body (3–4 words) · Seasonality: Evergreen",170,170,170,140,170,170,140,170,210,260,210,210,210,170,210,170,210,260,260,260,260,320,260,260,320,260,320,320,260,260,320,320,320,320,320,390,320,480,390,480,390,480,390,480,480,480,480,390
"photo photo editor download",1000,"declining -23%","-23%",32,"0.36","$0.25",No,"Length: Body (3–4 words) · Seasonality: Evergreen",2900,2900,2900,2900,2400,2400,2400,2400,2400,2400,1900,2400,2400,2400,2400,1900,1900,2400,1900,1900,1900,1900,1600,1600,1600,1600,1600,1600,1300,1600,1300,1300,1300,1300,1000,1000,1000,1000,1000,1000,1000,1300,880,1000,1000,880,720,720
"select image online",20,"declining -50%","-50%",21,"0.05","N/A",No,"Length: Body (3–4 words) · Seasonality: Evergreen",70,40,70,50,70,50,70,50,50,70,70,70,90,70,90,90,70,90,90,50,90,70,90,90,70,70,70,70,70,50,30,40,30,30,40,20,30,40,30,30,30,10,20,20,10,20,10,20
"site of photo",2900,"stable -19%","-19%",19,"0.67","$2.28",No,"Length: Body (3–4 words) · Seasonality: Evergreen",3600,3600,3600,4400,4400,3600,2900,3600,2900,3600,2900,2900,3600,3600,3600,4400,4400,4400,3600,3600,3600,3600,3600,2900,2900,3600,3600,4400,4400,3600,2900,3600,2900,2900,2900,2900,3600,3600,3600,3600,3600,3600,2900,2900,2900,2900,2900,2900
"photos pic",22200,"growing 41%","+41%",62,"0.15","$2.14",No,"Length: Head (1–2 words) · Seasonality: Evergreen",33100,33100,27100,27100,27100,27100,27100,27100,27100,33100,33100,27100,33100,27100,33100,33100,33100,33100,33100,33100,33100,33100,33100,27100,22200,22200,27100,33100,27100,27100,18100,22200,22200,22200,18100,22200,22200,22200,22200,22200,22200,22200,18100,22200,22200,22200,22200,49500
"time stamp photo app",880,"growing 42%","+42%",43,"0.12","$0.97",No,"Length: Body (3–4 words) · Seasonality: Evergreen",390,390,390,320,320,390,480,390,390,480,480,480,480,480,390,390,480,480,390,320,320,390,390,390,390,390,390,480,390,390,480,480,480,480,480,720,720,880,720,880,880,880,880,880,1000,1000,1000,1300
"all photo editor online",70,"declining -30%","-30%",28,"0.1","$0.34",No,"Contains: photo editor online · Length: Body (3–4 words) · Seasonality: Evergreen",40,30,20,30,30,30,30,50,40,40,50,40,30,30,30,30,50,40,50,70,40,70,50,70,90,70,90,50,70,50,70,50,50,50,50,30,50,140,110,50,90,70,50,70,50,90,70,50
"pic add app",70,"declining -32%","-32%",24,"0.23","$0.25",No,"Length: Body (3–4 words) · Seasonality: Evergreen",140,170,90,90,50,40,70,30,40,70,70,40,40,40,40,40,50,90,70,90,50,70,90,70,70,70,70,70,50,50,50,70,70,70,70,70,70,90,90,70,90,90,50,90,70,70,50,50
"photo iphone to jpg",40,"stable 0%","0%",21,"0.23","$0.65",No,"Length: Body (3–4 words) · Seasonality: Evergreen",20,30,30,30,20,20,10,10,20,30,10,20,20,20,20,20,20,10,20,10,30,20,30,40,30,40,40,40,30,30,40,40,30,30,50,30,40,50,30,30,30,30,30,50,30,40,50,30
"photo changer online",6600,"stable 8%","+8%",53,"0.17","$0.44",No,"Length: Body (3–4 words) · Seasonality: Evergreen",8100,8100,8100,8100,9900,9900,8100,9900,8100,9900,9900,9900,9900,9900,9900,8100,8100,9900,9900,9900,9900,9900,8100,8100,8100,8100,8100,6600,6600,6600,6600,6600,6600,6600,6600,6600,6600,6600,6600,6600,6600,6600,6600,6600,6600,8100,6600,6600
"photo here",1000,"declining -27%","-27%",50,"0","N/A",No,"Length: Head (1–2 words) · Seasonality: Evergreen",1000,480,880,590,590,720,590,590,720,590,590,720,880,590,590,590,590,720,590,590,720,720,720,590,720,590,590,590,480,590,590,590,720,720,880,720,1600,880,1300,880,880,1000,1000,1000,880,1000,880,880
"pic add",9900,"growing 38%","+38%",65,"0.02","$0.83",No,"Length: Head (1–2 words) · Seasonality: Evergreen",5400,5400,5400,6600,5400,5400,5400,6600,5400,5400,5400,5400,6600,5400,6600,5400,5400,6600,6600,6600,5400,6600,5400,5400,5400,5400,6600,5400,5400,5400,5400,5400,5400,5400,5400,5400,5400,8100,8100,9900,9900,9900,8100,9900,8100,9900,9900,9900
"online free graphic editor",210,"declining -37%","-37%",26,"0.34","$1.36",No,"Length: Body (3–4 words) · Seasonality: Evergreen",390,320,390,320,390,320,320,390,390,320,320,320,320,390,390,390,320,480,390,390,390,390,390,320,390,390,320,320,320,320,390,390,320,320,320,260,260,260,260,210,210,260,210,210,210,210,140,140
"google photos photo editor",27100,"growing 132%","+132%",74,"0","N/A",No,"Length: Body (3–4 words) · Seasonality: Peaks in June",20,20,30,30,30,20,30,40,40,50,40,40,30,20,30,40,40,40,30,30,40,40,50,50,110,170,170,210,590,720,1300,1600,2400,3600,4400,4400,9900,18100,27100,27100,18100,22200,22200,22200,8100,49500,60500,18100
"photo data editor",70,"stable 0%","0%",29,"0.06","$0.78",No,"Length: Body (3–4 words) · Seasonality: Evergreen",40,40,70,70,50,50,50,50,50,70,40,70,70,50,50,40,50,50,40,40,70,70,50,70,70,70,170,50,90,90,90,90,70,90,110,90,70,70,50,50,50,70,70,70,50,50,70,70
"4to editor online",10,"declining -25%","-25%",16,"0.08","N/A",No,"Length: Body (3–4 words) · Seasonality: Evergreen",10,20,10,20,10,10,10,10,10,10,10,10,10,10,10,10,10,10,10,10,10,10,10,10,10,10,10,20,20,20,20,30,20,10,20,10,10,10,20,20,20,20,10,10,20,10,10,10
"online photo to photo add",10,"declining -20%","-20%",16,"0.07","N/A",No,"Contains: photo to photo · Contains: to photo add · Length: Long tail (5+ words) · Seasonality: Evergreen",20,20,20,10,10,30,10,20,20,10,40,20,10,10,10,10,10,20,20,20,10,20,20,10,20,10,10,10,10,30,10,20,10,10,10,20,20,20,10,10,30,10,10,10,10,20,10,10
"fix photo editor",30,"declining -33%","-33%",20,"0.19","$4.00",No,"Length: Body (3–4 words) · Seasonality: Evergreen",20,30,40,30,30,30,40,20,20,40,30,20,40,20,30,30,20,20,40,30,20,30,30,30,20,20,20,20,30,30,30,30,40,20,30,20,30,40,20,20,40,40,30,30,40,30,10,20
"photo date and time stamp online",50,"declining -32%","-32%",28,"0.03","N/A",No,"Length: Long tail (5+ words) · Seasonality: Evergreen",260,170,260,320,210,170,210,170,170,140,110,110,140,210,110,110,170,110,140,140,110,110,210,110,140,140,210,90,110,90,90,110,110,70,70,70,90,50,50,70,50,50,70,40,40,40,40,50
"jpg photo iphone",20,"declining -57%","-57%",16,"0.29","N/A",No,"Length: Body (3–4 words) · Seasonality: Evergreen",40,50,50,40,20,40,40,30,30,20,30,40,30,30,30,30,30,20,10,30,20,20,20,20,30,40,20,10,20,30,30,30,20,20,10,10,30,20,20,20,20,20,10,20,10,10,10,10
"geotag photos iphone",390,"declining -29%","-29%",38,"0.11","$0.41",No,"Length: Body (3–4 words) · Seasonality: Evergreen",720,720,590,590,480,590,480,590,480,720,480,590,590,590,590,480,480,480,480,480,480,590,590,590,590,590,590,480,480,480,480,590,590,590,590,590,480,480,390,390,480,390,320,390,390,320,320,320
"app for geo tagging",40,"declining -26%","-26%",13,"0.5","$0.07",No,"Length: Body (3–4 words) · Seasonality: Evergreen",30,40,30,20,10,20,20,10,30,40,50,40,40,50,40,20,40,70,140,50,50,40,30,90,70,70,50,40,40,50,40,70,70,50,50,50,70,70,50,20,30,30,20,30,30,40,50,50
"pic add pic",40,"declining -36%","-36%",21,"0.23","$0.20",No,"Length: Body (3–4 words) · Seasonality: Evergreen",10,20,20,30,30,30,30,40,50,40,50,20,40,40,30,30,40,40,40,30,20,30,30,40,20,50,50,40,70,50,40,50,40,40,70,70,50,50,40,40,40,40,40,30,40,40,30,20
"photographer editor app",90,"declining -36%","-36%",8,"0.74","$2.47",No,"Length: Body (3–4 words) · Seasonality: Evergreen",90,140,140,170,140,140,110,110,110,140,140,140,140,110,140,140,110,110,110,110,90,140,70,90,140,110,110,90,140,110,90,140,110,110,110,110,110,140,110,110,90,90,70,90,90,90,70,70
"editor photo photo",70,"growing 57%","+57%",30,"0.04","$0.28",No,"Length: Body (3–4 words) · Seasonality: Evergreen",110,140,110,70,70,90,90,70,70,70,110,70,70,40,70,40,50,90,210,90,90,90,110,70,90,90,70,70,90,70,110,50,110,50,70,70,50,90,70,70,50,50,50,50,50,110,110,110
"online photo on photo",10,"stable 0%","0%",16,"0.05","N/A",No,"Contains: photo on photo · Length: Body (3–4 words) · Seasonality: Evergreen",10,20,10,10,20,10,10,10,10,20,20,40,20,10,20,10,10,30,20,10,10,10,20,20,10,20,10,20,20,10,10,20,10,10,10,10,10,10,10,10,10,20,10,10,10,10,10,10
"photo in the photo",170,"growing 102%","+102%",37,"0","N/A",No,"Length: Body (3–4 words) · Seasonality: Peaks in July",10,10,20,50,70,70,30,40,40,50,50,70,40,40,70,40,50,40,50,10,10,10,10,20,20,10,30,40,40,30,20,40,30,50,40,70,140,140,140,170,140,140,110,170,170,210,320,320
"photo a photo",70,"growing 38%","+38%",30,"0.02","N/A",No,"Length: Body (3–4 words) · Seasonality: Evergreen",90,70,70,50,70,70,50,90,70,70,70,70,90,70,90,90,70,90,90,90,90,90,70,90,90,90,110,90,90,90,70,90,110,90,90,70,70,70,70,50,70,70,70,70,70,110,90,90
"photo online upload",1000,"stable -16%","-16%",46,"0.09","$1.42",No,"Length: Body (3–4 words) · Seasonality: Evergreen",1600,1600,1600,1600,1600,1600,1600,1600,1600,1600,1300,1300,1600,1300,1600,1600,1600,1600,1300,1600,1600,1600,1300,1300,1300,1300,1300,1300,1300,1300,1000,1600,1300,1300,1300,1300,1300,1000,1000,1000,880,1000,1000,1000,880,1000,880,880
"photo edit ka apps",170,"stable -14%","-14%",32,"0.13","$0.06",No,"Length: Body (3–4 words) · Seasonality: Evergreen",110,110,110,110,110,110,110,170,170,170,170,170,140,170,140,110,170,210,210,260,210,210,210,320,320,170,210,170,210,170,140,140,140,140,140,140,170,210,210,140,210,170,110,170,110,170,170,170
"online apps online",30,"declining -25%","-25%",22,"0.11","$0.53",No,"Length: Body (3–4 words) · Seasonality: Evergreen",30,40,20,20,20,20,30,30,40,30,40,30,30,30,30,40,30,30,20,30,40,40,30,40,20,20,40,20,30,50,40,40,30,30,40,30,40,50,30,10,30,40,30,20,20,40,30,20
"photo by photo",70,"stable 11%","+11%",31,"0.01","N/A",No,"Length: Body (3–4 words) · Seasonality: Peaks in December",40,50,40,50,50,30,40,40,40,40,20,70,40,30,30,20,30,50,50,40,40,50,30,30,50,40,30,30,50,30,30,40,50,40,40,40,40,30,20,40,320,30,30,40,50,40,20,40
"photo i photo",50,"stable -14%","-14%",28,"0.03","N/A",No,"Length: Body (3–4 words) · Seasonality: Evergreen",140,140,140,140,110,140,110,110,140,110,110,110,110,110,110,90,90,110,90,90,110,70,90,90,90,70,90,90,90,70,50,70,50,50,50,50,40,50,50,50,50,70,50,70,50,40,50,30
"photo ka photo",590,"stable -13%","-13%",46,"0","$0.65",No,"Length: Body (3–4 words) · Seasonality: Peaks in August",2900,1600,1000,1000,1000,1000,880,880,880,880,880,1000,1600,1000,1000,1000,1000,1300,1000,1000,1000,1000,1000,1000,1000,590,720,720,720,720,590,590,590,720,720,880,880,590,720,590,720,720,590,590,590,590,590,720
"photo mein photo",140,"stable -7%","-7%",35,"0.01","N/A",No,"Length: Body (3–4 words) · Seasonality: Evergreen",260,170,210,170,170,210,210,210,210,210,480,480,320,210,210,170,170,210,170,210,210,210,170,140,140,140,110,110,170,170,210,210,210,320,210,210,140,140,170,110,140,170,140,110,140,140,140,140
"photo se photo",70,"declining -26%","-26%",31,"0.01","N/A",No,"Length: Body (3–4 words) · Seasonality: Evergreen",70,70,70,70,90,90,70,70,70,90,70,70,70,50,50,50,90,70,90,50,50,70,50,40,70,50,70,70,70,90,50,70,70,70,50,90,70,90,70,50,90,90,70,70,40,70,50,50
"photo the photo",880,"stable 5%","+5%",48,"0.02","N/A",No,"Length: Body (3–4 words) · Seasonality: Evergreen",480,480,480,480,480,390,390,480,590,480,880,1300,1300,1900,1000,1000,1300,1000,1300,1300,1300,1000,880,1000,1000,880,880,880,1000,1000,880,1000,1000,1000,880,880,880,880,880,880,1000,1000,880,1000,880,1000,880,880
"add photo online editor",10,"declining -25%","-25%",12,"0.29","N/A",No,"Contains: add photo online · Length: Body (3–4 words) · Seasonality: Evergreen",30,20,20,20,20,10,20,20,10,10,10,10,10,10,10,10,10,10,10,10,10,10,10,10,10,20,20,10,10,10,10,10,10,10,10,10,10,20,10,10,10,10,10,10,10,10,10,10
"online photo photo",210,"declining -30%","-30%",36,"0.07","$0.46",No,"Length: Body (3–4 words) · Seasonality: Evergreen",320,260,260,320,320,260,260,260,260,260,260,210,260,210,260,260,260,320,320,390,320,320,320,320,320,320,390,320,260,320,320,390,320,260,320,320,260,260,210,170,170,210,140,210,210,170,170,170
"for you photos",140,"declining -24%","-24%",36,"0","N/A",No,"Length: Body (3–4 words) · Seasonality: Peaks in April",170,170,110,170,140,110,140,140,390,210,210,210,210,210,140,140,170,170,140,110,170,170,140,170,170,110,140,110,110,140,110,210,390,260,210,210,170,170,170,170,170,170,140,140,140,140,140,110
"photo editing ka wallpaper",10,"declining -33%","-33%",16,"0.05","N/A",No,"Length: Body (3–4 words) · Seasonality: Evergreen",140,170,110,70,90,170,210,170,110,110,110,110,140,90,110,90,110,90,140,210,90,140,90,70,110,70,50,40,20,20,30,20,30,20,20,10,20,20,20,10,10,20,10,10,10,20,10,10
"give your photo",40,"stable 9%","+9%",26,"0.02","N/A",No,"Length: Body (3–4 words) · Seasonality: Evergreen",70,70,40,50,50,30,30,40,30,30,30,40,50,20,30,30,50,30,30,30,40,40,30,30,40,30,30,40,50,40,20,50,50,70,30,30,50,30,30,40,40,40,30,50,30,40,40,40
"image to photo editing",10,"stable 0%","0%",14,"0.21","N/A",No,"Contains: image to photo · Length: Body (3–4 words) · Seasonality: Evergreen",10,10,10,10,10,10,10,10,10,10,10,10,10,10,10,0,0,10,0,0,10,10,10,10,10,10,10,10,10,0,0,10,0,10,0,10,10,10,10,10,10,10,10,10,10,10,10,10
"photo maker image",10,"declining -25%","-25%",17,"0","N/A",No,"Length: Body (3–4 words) · Seasonality: Evergreen",20,20,20,20,20,20,30,10,20,20,50,30,30,30,10,30,30,40,30,40,30,30,40,30,30,40,20,10,10,10,10,10,10,20,10,10,20,10,10,10,10,10,10,30,10,10,10,10
"photo pic online",140,"declining -35%","-35%",26,"0.27","$1.80",No,"Length: Body (3–4 words) · Seasonality: Evergreen",170,170,140,210,170,140,140,140,140,140,140,140,140,140,170,170,140,140,210,170,170,210,140,140,210,210,210,110,170,140,210,320,170,140,110,140,210,170,140,140,110,140,110,140,170,110,140,90
"add photo with photo",10,"declining -40%","-40%",17,"0.04","N/A",No,"Length: Body (3–4 words) · Seasonality: Evergreen",10,10,20,10,20,20,10,10,20,20,20,20,20,20,10,20,20,20,30,30,10,20,10,20,10,30,40,20,30,40,20,10,20,20,20,20,20,10,20,10,10,10,10,10,10,10,10,10
"photos take",14800,"declining -54%","-54%",67,"0.03","$1.20",No,"Length: Head (1–2 words) · Seasonality: Peaks in September",14800,14800,14800,14800,14800,14800,12100,14800,14800,14800,14800,14800,12100,12100,14800,14800,12100,12100,12100,12100,12100,12100,12100,12100,12100,12100,12100,12100,12100,12100,12100,12100,12100,14800,12100,12100,12100,49500,18100,14800,14800,14800,12100,12100,12100,14800,12100,9900
"photo and photo",2900,"stable -19%","-19%",56,"0.03","$2.38",No,"Length: Body (3–4 words) · Seasonality: Peaks in August",33100,27100,18100,14800,18100,18100,14800,14800,14800,6600,6600,6600,4400,3600,3600,3600,3600,3600,3600,3600,3600,3600,3600,3600,3600,3600,3600,3600,3600,3600,2900,3600,3600,3600,3600,3600,3600,3600,3600,2900,2900,3600,2900,2900,2900,2900,2900,2900
"image exif data editor",20,"declining -29%","-29%",22,"0.01","N/A",No,"Length: Body (3–4 words) · Seasonality: Evergreen",20,20,20,30,20,20,20,20,20,20,20,30,40,20,10,20,20,10,10,20,10,10,10,20,20,10,30,20,10,20,50,50,50,40,30,30,30,20,20,30,20,30,20,20,30,20,20,10
"photo image photo image",74000,"stable -13%","-13%",74,"0.09","$1.75",No,"Length: Body (3–4 words) · Seasonality: Evergreen",246000,201000,165000,135000,110000,165000,165000,201000,110000,110000,74000,74000,74000,74000,74000,74000,90500,90500,90500,90500,110000,135000,110000,90500,90500,90500,110000,90500,90500,90500,74000,90500,90500,90500,74000,90500,74000,90500,90500,90500,74000,90500,74000,74000,74000,74000,74000,74000
"photo timestamp app",880,"growing 42%","+42%",43,"0.12","$0.97",No,"Length: Body (3–4 words) · Seasonality: Evergreen",390,390,390,320,320,390,480,390,390,480,480,480,480,480,390,390,480,480,390,320,320,390,390,390,390,390,390,480,390,390,480,480,480,480,480,720,720,880,720,880,880,880,880,880,1000,1000,1000,1300
"your photo photo",10,"stable 0%","0%",17,"0","N/A",No,"Length: Body (3–4 words) · Seasonality: Evergreen",10,30,10,30,30,40,20,20,20,40,30,30,40,20,10,10,20,20,20,30,30,20,20,20,20,10,10,10,20,10,10,20,10,10,10,10,10,10,10,10,10,10,10,10,10,10,10,10
"photo editor text add online",10,"stable 0%","0%",9,"0.48","N/A",No,"Length: Long tail (5+ words) · Seasonality: Evergreen",10,10,10,10,30,40,10,10,20,20,20,20,20,10,10,30,30,20,20,10,20,10,10,10,10,10,10,10,10,10,10,10,10,10,10,10,10,10,10,10,10,10,10,10,10,10,10,10
"location cameras",4400,"stable 7%","+7%",33,"0.45","$0.06",No,"Length: Head (1–2 words) · Seasonality: Evergreen",2400,2400,2400,2400,1900,2400,2400,2400,2400,2400,2900,2900,2400,4400,2900,2900,2900,3600,4400,3600,3600,3600,3600,3600,4400,4400,3600,3600,3600,4400,4400,4400,4400,4400,4400,4400,4400,5400,4400,4400,4400,4400,4400,4400,4400,4400,5400,5400
"photo editor for apple iphone",90,"declining -67%","-67%",24,"0.26","$2.56",No,"Length: Long tail (5+ words) · Seasonality: Evergreen",90,110,170,140,210,140,140,140,140,170,140,140,110,90,140,110,170,140,140,110,110,90,140,90,110,140,170,140,110,110,110,110,140,140,140,140,140,110,110,90,110,90,90,70,70,50,40,30
"photo exif data online",30,"stable 0%","0%",22,"0.1","N/A",No,"Length: Body (3–4 words) · Seasonality: Evergreen",50,40,40,40,30,40,30,30,30,50,40,50,50,70,50,90,70,50,50,40,30,50,20,20,30,30,30,40,40,30,50,40,30,30,30,20,30,20,20,30,30,30,20,40,30,20,30,20
"apps for geotagging photos",90,"stable -15%","-15%",16,"0.52","$0.12",No,"Length: Body (3–4 words) · Seasonality: Evergreen",70,70,50,70,40,90,40,50,70,70,70,90,70,90,70,50,90,90,70,90,90,110,110,110,90,40,40,50,40,50,30,40,90,90,90,140,70,110,90,90,110,170,140,90,70,50,90,90
"camera editor app download",70,"growing 40%","+40%",27,"0.14","$0.04",No,"Contains: editor app download · Length: Body (3–4 words) · Seasonality: Evergreen",50,110,70,90,50,70,50,40,70,40,70,70,70,70,50,50,70,40,40,50,50,40,50,70,70,110,110,70,70,50,70,50,50,70,70,70,50,50,50,50,70,50,40,90,70,90,70,50
"online ki picture",20,"stable 17%","+17%",19,"0.13","$0.57",No,"Length: Body (3–4 words) · Seasonality: Evergreen",20,40,20,20,20,10,10,50,20,20,20,20,30,20,10,20,20,30,20,20,30,10,10,10,20,20,20,20,30,20,20,20,20,20,30,20,30,20,10,20,20,20,20,20,20,30,20,20
"location and photo app",10,"stable 0%","0%",6,"0.63","$0.07",No,"Length: Body (3–4 words) · Seasonality: Evergreen",10,10,10,10,10,10,10,0,0,0,10,10,10,10,10,10,10,10,10,0,0,0,0,0,0,10,10,10,10,10,10,10,10,10,10,10,10,10,10,10,10,10,10,10,10,10,10,10
"location with photo app",70,"growing 21%","+21%",14,"0.54","$0.07",No,"Length: Body (3–4 words) · Seasonality: Evergreen",30,20,20,20,20,10,20,30,30,30,20,40,30,30,30,10,30,20,30,40,30,40,40,50,40,40,50,40,40,50,50,70,90,70,70,90,70,50,70,70,70,90,70,70,50,70,90,70
"picture metadata online",480,"stable -14%","-14%",43,"0.03","$0.03",No,"Length: Body (3–4 words) · Seasonality: Peaks in October",880,880,880,880,880,880,720,1000,880,880,590,720,720,2400,3600,1000,1600,1300,1300,3600,1600,880,720,720,720,720,720,720,590,590,480,720,590,590,590,590,480,480,480,480,480,720,390,320,390,720,260,260
"photo by image",40,"declining -54%","-54%",26,"0.05","N/A",No,"Length: Body (3–4 words) · Seasonality: Evergreen",20,20,10,20,20,20,30,30,20,20,20,20,20,10,20,20,30,20,30,20,20,20,40,20,40,30,20,20,50,50,50,50,40,30,50,30,50,40,40,30,50,40,40,40,20,30,10,20
"photo ki photo",480,"stable 0%","0%",45,"0","N/A",No,"Length: Body (3–4 words) · Seasonality: Evergreen",1300,1300,880,720,880,880,720,880,720,590,590,590,590,720,720,720,720,880,720,720,720,720,880,720,480,480,480,480,480,480,480,480,480,480,590,480,480,480,480,480,390,390,320,390,390,480,480,480
"geotag old photos",20,"declining -43%","-43%",19,"0.12","N/A",No,"Length: Body (3–4 words) · Seasonality: Evergreen",30,20,20,30,10,20,10,20,10,10,20,30,30,20,20,30,20,20,10,20,30,10,30,10,20,20,20,20,20,10,20,30,40,20,20,20,20,30,20,20,10,10,20,10,10,10,20,10
"picture image picture",10,"stable 0%","0%",17,"0","N/A",No,"Length: Body (3–4 words) · Seasonality: Evergreen",10,10,10,10,10,10,10,10,10,10,10,10,10,10,10,10,10,10,10,10,10,10,10,10,10,10,10,10,10,10,10,10,10,10,10,10,10,10,10,10,10,10,10,10,10,10,10,10
"select photo online",10,"stable 0%","0%",16,"0.08","N/A",No,"Length: Body (3–4 words) · Seasonality: Evergreen",40,30,40,30,40,40,40,40,40,50,50,30,50,30,40,40,40,30,30,30,20,40,30,20,40,30,10,10,20,10,20,20,20,20,20,10,10,20,10,10,10,20,10,10,10,20,10,10
"image to editor",110,"stable -9%","-9%",31,"0.1","$0.24",No,"Length: Body (3–4 words) · Seasonality: Evergreen",50,40,40,50,40,40,50,50,50,50,40,50,50,70,70,50,70,90,90,90,90,140,90,110,110,110,90,110,110,90,90,140,140,140,140,140,110,140,90,110,110,140,110,110,140,90,110,110
"pictures of online",2900,"stable 0%","0%",36,"0.37","$4.23",No,"Length: Body (3–4 words) · Seasonality: Evergreen",2400,2400,2400,2400,2400,2400,2400,2900,2400,2400,2400,2400,2400,2400,2400,2900,3600,2900,2400,2900,2900,2900,2400,2900,2900,2900,3600,3600,3600,3600,2900,3600,3600,3600,2900,2900,2900,2900,2900,2900,2900,2900,2900,2900,2900,2900,2900,2900
"image photo image photo",74000,"stable -13%","-13%",74,"0.09","$1.75",No,"Length: Body (3–4 words) · Seasonality: Evergreen",246000,201000,165000,135000,110000,165000,165000,201000,110000,110000,74000,74000,74000,74000,74000,74000,90500,90500,90500,90500,110000,135000,110000,90500,90500,90500,110000,90500,90500,90500,74000,90500,90500,90500,74000,90500,74000,90500,90500,90500,74000,90500,74000,74000,74000,74000,74000,74000
"image preview online",50,"declining -26%","-26%",28,"0","N/A",No,"Length: Body (3–4 words) · Seasonality: Evergreen",50,50,50,50,50,50,50,70,50,50,50,40,40,50,70,50,70,70,40,50,70,50,70,70,50,70,70,70,70,70,70,90,90,70,70,90,70,70,50,70,50,50,50,50,50,40,50,50
"download your photos",70,"stable 0%","0%",31,"0.01","N/A",No,"Length: Body (3–4 words) · Seasonality: Evergreen",90,90,90,90,110,110,70,40,90,70,90,70,70,50,70,70,90,110,50,70,70,70,70,50,90,50,70,50,70,70,50,30,50,50,50,70,50,70,70,70,70,40,40,90,110,70,70,50
"pic editor app download",9900,"growing 48%","+48%",62,"0.07","$0.07",No,"Contains: editor app download · Length: Body (3–4 words) · Seasonality: Evergreen",18100,18100,18100,18100,18100,18100,18100,18100,18100,14800,14800,18100,18100,14800,12100,12100,12100,12100,12100,12100,9900,9900,12100,9900,9900,9900,9900,8100,8100,8100,6600,6600,6600,5400,5400,5400,6600,9900,9900,9900,9900,9900,8100,9900,9900,12100,14800,12100
"ph0to editor",90,"declining -26%","-26%",25,"0.22","$0.14",No,"Length: Head (1–2 words) · Seasonality: Evergreen",90,70,40,50,70,70,70,90,140,170,170,140,110,110,90,110,50,90,170,170,170,170,170,140,110,90,70,90,70,110,70,70,70,50,140,140,110,110,170,170,90,70,90,50,30,90,90,110
"photo app with time and date stamp",10,"declining -20%","-20%",11,"0.36","$0.27",No,"Length: Long tail (5+ words) · Seasonality: Peaks in September",10,20,20,20,10,10,10,10,10,10,10,20,30,30,30,20,10,10,10,20,30,10,10,30,20,20,10,10,10,10,10,10,10,10,10,10,10,20,20,10,10,10,10,10,10,10,20,10
"tool photos",1900,"stable -6%","-6%",54,"0.01","$0.69",No,"Length: Head (1–2 words) · Seasonality: Peaks in October",1000,1600,2400,1900,1300,1300,1300,1300,1300,1300,1300,1300,1600,1600,3600,2400,1300,1600,1600,1300,1300,1600,1600,1600,1300,1600,3600,2400,1600,1600,1600,1600,1600,1600,1600,1900,1600,1600,1900,1900,1900,1900,1900,1900,1600,1600,1600,1600
"i want photo editor",20,"growing 167%","+167%",16,"0.27","$0.22",No,"Length: Body (3–4 words) · Seasonality: Evergreen",10,10,10,10,10,10,10,10,10,10,0,10,10,10,10,10,10,10,10,10,10,10,10,10,10,10,10,10,10,10,10,10,10,10,10,10,10,10,10,10,10,30,20,20,20,20,40,20
"like photo editor",170,"growing 129%","+129%",36,"0.02","$0.33",No,"Length: Body (3–4 words) · Seasonality: Evergreen",140,110,110,140,170,170,140,170,110,110,110,170,110,110,90,50,70,90,90,110,50,70,40,50,50,70,30,40,40,20,40,50,40,30,40,50,90,110,140,110,140,140,140,140,170,260,260,260
"photos easily",480,"declining -45%","-45%",44,"0.02","$2.32",No,"Length: Head (1–2 words) · Seasonality: Peaks in October",480,1300,1300,880,480,720,480,720,590,590,480,260,320,1300,1600,880,590,880,720,880,590,590,390,320,880,880,480,480,320,590,590,590,390,320,480,1300,1000,590,720,480,480,720,480,480,320,390,390,480
"add a timestamp to a photo",30,"growing 29%","+29%",22,"0.12","$2.55",No,"Length: Long tail (5+ words) · Seasonality: Evergreen",50,30,30,20,30,30,30,20,20,20,20,30,40,40,40,30,20,30,40,40,30,30,30,30,30,40,50,20,30,30,30,30,40,30,40,30,30,20,20,30,20,30,20,30,30,30,30,30
"add photo in a photo online",10,"declining -50%","-50%",15,"0.12","N/A",No,"Length: Long tail (5+ words) · Seasonality: Evergreen",10,10,10,10,20,10,10,20,10,20,10,10,20,10,20,10,20,10,10,10,10,10,10,10,10,10,10,10,10,20,10,20,10,10,10,20,20,10,30,20,10,20,10,10,10,10,10,10
"online photo editor insert image",20,"declining -50%","-50%",21,"0.04","N/A",No,"Contains: online photo editor · Length: Long tail (5+ words) · Seasonality: Evergreen",40,50,50,30,50,70,40,50,70,40,40,30,40,30,40,40,40,30,20,50,40,40,50,40,40,50,50,30,50,50,40,50,40,30,30,20,30,30,20,20,30,20,10,10,30,10,20,10
"photo image photo",50,"declining -29%","-29%",28,"0.01","N/A",No,"Length: Body (3–4 words) · Seasonality: Evergreen",140,170,140,140,140,140,110,110,90,170,110,90,110,110,90,90,90,110,90,110,70,110,90,90,110,70,70,50,50,90,90,50,70,50,70,50,70,90,50,70,50,50,70,50,50,30,50,70
"site photo editor",8100,"declining -24%","-24%",48,"0.27","$1.02",No,"Length: Body (3–4 words) · Seasonality: Evergreen",6600,6600,8100,8100,9900,9900,9900,9900,9900,9900,9900,9900,9900,9900,9900,9900,9900,9900,9900,9900,9900,9900,9900,9900,8100,8100,8100,8100,8100,8100,8100,8100,8100,8100,8100,8100,8100,9900,8100,8100,8100,8100,6600,8100,6600,6600,6600,6600
"chobi editor",1000,"stable 7%","+7%",48,"0.04","$0.16",No,"Length: Head (1–2 words) · Seasonality: Evergreen",480,390,480,390,480,590,590,720,590,720,720,590,590,880,720,590,720,720,720,880,720,590,590,720,880,720,720,590,590,590,590,720,720,590,590,590,480,1600,1300,1300,1000,880,880,880,880,1300,1300,1000
"online 4to editor",30,"stable -9%","-9%",21,"0.15","$1.13",No,"Length: Body (3–4 words) · Seasonality: Evergreen",70,70,90,90,110,90,70,90,90,70,90,110,70,90,90,70,70,90,90,70,70,90,70,110,70,70,90,70,70,70,50,70,50,70,50,50,40,40,30,30,40,30,30,30,50,20,40,40
"photo app to",10,"stable 0%","0%",14,"0.19","N/A",No,"Length: Body (3–4 words) · Seasonality: Evergreen",10,10,10,10,10,10,10,10,10,10,10,10,10,10,10,10,10,0,10,10,10,10,10,10,10,10,10,10,10,10,10,10,20,10,10,10,10,10,10,10,10,10,10,10,10,10,10,10
"online image app",10,"stable 0%","0%",13,"0.26","N/A",No,"Length: Body (3–4 words) · Seasonality: Evergreen",10,10,10,10,10,10,20,10,10,10,10,10,10,10,10,10,10,10,10,10,10,10,10,10,10,10,10,20,10,10,10,10,10,10,20,10,10,10,10,10,10,10,10,10,10,10,10,10
"image adding app",10,"declining -25%","-25%",14,"0.19","N/A",No,"Length: Body (3–4 words) · Seasonality: Evergreen",10,10,10,10,10,10,10,10,10,10,10,10,10,10,10,10,10,20,10,10,20,10,20,10,10,10,10,10,10,10,10,20,10,10,10,10,10,10,20,10,10,10,10,10,10,10,10,10
"photo image editor online free",2400,"declining -30%","-30%",42,"0.25","$0.45",No,"Contains: editor online free · Contains: image editor online · Length: Long tail (5+ words) · Seasonality: Evergreen",2400,2400,2400,2400,2900,2900,2900,2900,2900,2900,2900,2900,2900,2900,2400,2400,2900,2900,2900,3600,2900,2900,2900,2400,2400,2400,2400,2400,2900,2900,2400,2400,2400,2900,2900,2900,2900,2900,2400,2400,2900,2400,2400,2400,1900,1900,1900,1900
"photos capture",1600,"stable -18%","-18%",53,"0.01","$2.37",No,"Length: Head (1–2 words) · Seasonality: Evergreen",1600,1600,1300,1300,1600,1600,1300,1600,1300,1600,1600,1600,1300,1600,1300,1300,1600,1300,1600,1600,1600,1600,1600,1600,1600,1600,1600,1600,1600,1600,1600,1600,1600,1600,1600,1900,1900,2400,1900,1600,1600,1900,1600,1600,1600,1900,1600,1600
"photo editor image download",40,"declining -53%","-53%",26,"0.04","N/A",No,"Length: Body (3–4 words) · Seasonality: Evergreen",110,140,140,110,110,110,90,110,110,110,90,110,140,140,70,110,90,140,260,140,140,170,140,110,110,90,70,50,50,50,30,40,30,50,50,70,70,70,50,40,40,20,40,30,40,30,40,20
"photo to image",22200,"stable -7%","-7%",70,"0.04","$2.18",No,"Length: Body (3–4 words) · Seasonality: Evergreen",27100,27100,27100,27100,27100,27100,22200,27100,27100,27100,22200,22200,22200,22200,22200,22200,22200,22200,22200,27100,22200,27100,27100,27100,22200,22200,22200,22200,22200,22200,22200,22200,22200,22200,22200,22200,22200,27100,22200,22200,22200,22200,22200,22200,22200,22200,22200,22200
"picture photo editor app",30,"declining -45%","-45%",17,"0.3","$1.78",No,"Contains: photo editor app · Length: Body (3–4 words) · Seasonality: Evergreen",40,30,70,40,40,70,70,70,40,50,70,90,70,90,30,40,70,30,50,30,50,70,90,50,70,50,40,70,40,70,40,50,40,30,50,40,40,40,30,30,20,10,20,20,20,20,30,10
"image editor online free download",20,"stable 0%","0%",19,"0.13","$0.39",No,"Contains: editor online free · Contains: image editor online · Length: Long tail (5+ words) · Seasonality: Evergreen",10,10,10,20,20,10,10,10,10,10,10,30,40,40,40,30,30,30,30,10,20,20,30,20,20,10,20,20,20,30,20,30,30,20,20,20,30,30,20,20,20,20,20,20,20,30,20,30
"photo manipulation online free",50,"declining -47%","-47%",18,"0.36","$0.96",No,"Length: Body (3–4 words) · Seasonality: Evergreen",70,70,70,70,70,70,70,70,90,70,90,70,70,70,70,50,70,70,70,70,90,70,50,50,40,50,70,50,70,70,90,90,90,50,110,50,50,70,50,50,70,40,50,40,70,40,30,20
"a photo image",140,"growing 25%","+25%",36,"0","N/A",No,"Length: Body (3–4 words) · Seasonality: Evergreen",210,170,170,170,170,170,170,210,170,170,210,260,210,140,170,140,110,140,140,110,110,110,70,210,170,170,110,170,140,170,110,50,140,110,260,260,110,140,110,140,140,210,140,70,90,110,170,170
"picture data",720,"declining -29%","-29%",44,"0.08","$2.36",No,"Length: Head (1–2 words) · Seasonality: Evergreen",1000,1300,1300,1300,1000,1300,1300,1300,1000,1300,1000,1300,1300,1300,1300,1300,1000,1300,1300,1300,1300,1300,1000,1000,1000,1000,1000,880,880,1000,880,1000,880,880,720,720,880,880,720,720,720,720,720,720,720,590,590,590
"photos fake",12100,"declining -24%","-24%",68,"0","$0.86",No,"Length: Head (1–2 words) · Seasonality: Evergreen",14800,14800,18100,18100,18100,18100,14800,18100,18100,18100,18100,18100,18100,18100,18100,18100,18100,18100,18100,18100,18100,18100,18100,14800,14800,14800,14800,14800,14800,14800,12100,14800,14800,14800,14800,14800,12100,14800,14800,14800,12100,12100,12100,12100,12100,12100,9900,9900
"timestamp picture app",40,"stable -17%","-17%",19,"0.3","$1.26",No,"Length: Body (3–4 words) · Seasonality: Evergreen",30,10,30,20,10,20,20,10,10,10,10,20,20,20,20,10,20,20,20,30,30,30,40,40,30,30,40,20,20,30,20,20,30,30,30,30,40,40,40,50,30,40,40,30,40,40,20,40
"metadata photo location",880,"stable 0%","0%",49,"0.01","$0.54",No,"Length: Body (3–4 words) · Seasonality: Evergreen",1000,880,880,720,1600,1900,880,1000,1600,1000,1000,1600,1300,2400,1900,1000,1000,880,880,1300,1000,1000,1000,1000,1300,880,1000,720,880,1000,880,1300,1000,1000,880,1000,880,1000,880,880,880,880,880,1000,1000,1000,880,880
"upload image photo",170,"stable 0%","0%",35,"0.06","N/A",No,"Length: Body (3–4 words) · Seasonality: Evergreen",40,90,70,70,40,70,70,70,90,50,50,70,50,50,50,70,70,90,110,70,90,90,70,90,50,70,50,70,90,70,110,110,90,90,90,110,170,210,210,170,210,210,170,170,170,210,170,210
"online editor for free",8100,"stable -6%","-6%",48,"0.27","$0.82",No,"Length: Body (3–4 words) · Seasonality: Evergreen",9900,8100,9900,12100,9900,12100,9900,12100,12100,12100,9900,9900,8100,8100,8100,8100,9900,9900,9900,12100,12100,9900,8100,8100,8100,9900,9900,8100,8100,9900,8100,9900,8100,8100,8100,8100,8100,8100,8100,8100,9900,8100,8100,8100,8100,8100,8100,6600
"pick your photo",210,"growing 210%","+210%",30,"0.22","$0.88",No,"Length: Body (3–4 words) · Seasonality: Evergreen",20,10,10,30,10,20,10,20,20,20,10,10,20,10,20,10,10,30,20,20,30,30,10,30,30,70,30,50,70,50,50,50,50,40,50,70,110,110,70,170,210,260,260,320,260,260,320,320
"ph0t0 editor",140,"declining -40%","-40%",30,"0.15","$0.13",No,"Length: Head (1–2 words) · Seasonality: Evergreen",210,260,210,210,210,170,170,210,210,110,140,140,140,170,140,140,90,90,210,260,210,320,260,210,260,170,210,170,170,170,170,140,110,140,110,110,170,170,110,90,90,260,170,170,140,110,70,90
"photo edit ka file",30,"stable 9%","+9%",24,"0.03","N/A",No,"Length: Body (3–4 words) · Seasonality: Evergreen",10,10,10,10,20,30,10,20,40,20,20,20,30,30,10,30,20,30,90,30,30,70,70,50,30,50,50,30,30,40,20,20,30,20,20,30,30,30,50,40,30,20,30,20,20,50,40,30
"picture preview",3600,"stable 7%","+7%",59,"0.01","$0.81",No,"Length: Head (1–2 words) · Seasonality: Evergreen",3600,2900,3600,2900,2900,2900,2900,3600,2900,2900,2900,2900,2900,2900,3600,3600,2900,3600,2900,3600,2900,2900,2900,2900,2900,2900,2900,3600,2900,2900,2900,2900,2900,2900,2900,2900,2900,3600,3600,3600,2900,3600,3600,4400,4400,3600,3600,3600
"iphone photo time stamp",1900,"stable -19%","-19%",50,"0.08","$2.59",No,"Contains: photo time stamp · Length: Body (3–4 words) · Seasonality: Evergreen",2900,2900,2900,2400,2400,2400,2400,2400,2400,2400,2400,2400,1900,1900,1900,1900,1900,2400,1900,2400,2400,2400,2400,2400,2400,2400,2400,1900,2400,2400,1900,2400,2400,2400,2400,2400,2400,2400,1900,1900,1600,1900,1600,1900,1600,1900,1900,1600
"online adder",40,"declining -38%","-38%",27,"0","N/A",No,"Length: Head (1–2 words) · Seasonality: Evergreen",110,110,70,70,90,50,90,90,70,50,70,50,50,70,50,70,110,70,70,70,70,70,90,90,70,90,50,70,90,70,90,70,50,70,70,70,70,50,40,40,50,40,20,90,20,30,40,30
"photo editor app by google",590,"declining -40%","-40%",36,"0.21","$1.34",No,"Contains: photo editor app · Length: Long tail (5+ words) · Seasonality: Evergreen",480,480,590,590,590,590,480,480,480,720,720,590,590,480,590,590,590,590,480,480,590,590,480,480,590,720,880,720,1000,1000,480,590,590,720,590,720,880,1000,720,720,720,590,390,480,480,590,480,480
"google photos online editor",20,"declining -43%","-43%",20,"0.09","N/A",No,"Length: Body (3–4 words) · Seasonality: Evergreen",10,10,10,20,10,20,10,30,10,20,20,30,20,10,20,20,10,10,10,10,10,20,20,10,20,20,30,20,20,20,20,20,30,20,20,30,20,30,20,20,20,10,10,20,10,20,10,10
"image data online",10,"declining -50%","-50%",17,"0","N/A",No,"Length: Body (3–4 words) · Seasonality: Evergreen",30,30,20,40,40,40,20,40,30,20,10,30,30,20,30,30,30,30,30,30,40,40,40,20,20,20,30,20,20,30,20,20,30,20,20,20,20,20,20,10,10,20,10,10,20,10,10,10
"time stamp for photos",10,"declining -60%","-60%",14,"0.17","N/A",No,"Length: Body (3–4 words) · Seasonality: Evergreen",10,10,10,20,20,20,10,30,20,20,20,20,20,10,20,10,20,20,20,20,20,20,20,20,20,20,30,30,20,10,20,20,20,30,30,30,20,10,20,10,20,10,10,10,10,0,10,10
"google image editor online",1600,"declining -62%","-62%",43,"0.19","$0.20",No,"Contains: image editor online · Length: Body (3–4 words) · Seasonality: Evergreen",1300,1300,1300,1600,1600,1600,1600,1900,1900,1900,2400,1900,1900,1900,1900,1600,1900,1900,1900,1900,1900,1600,1900,1900,1900,2400,2400,2400,2400,2400,1000,1300,1300,1300,1300,1300,1600,3600,2400,1900,1600,1300,880,880,1000,1000,1000,880
"photo tool download",20,"declining -43%","-43%",21,"0.03","N/A",No,"Length: Body (3–4 words) · Seasonality: Peaks in October",30,40,170,70,40,40,40,40,40,50,50,40,50,70,210,70,70,70,50,30,30,30,40,30,30,30,90,40,20,20,40,30,40,20,40,40,20,30,20,30,20,10,10,20,20,10,20,10
"editing apps photo editing",20,"growing 50%","+50%",19,"0.15","$0.07",No,"Length: Body (3–4 words) · Seasonality: Evergreen",20,20,20,20,20,10,20,20,40,10,20,20,20,10,20,20,40,30,30,20,20,20,20,40,20,20,20,20,20,20,20,20,10,20,20,20,10,20,30,30,10,20,10,30,20,20,30,40
"add longitude and latitude to photo",50,"growing 78%","+78%",24,"0.16","$0.06",No,"Length: Long tail (5+ words) · Seasonality: Evergreen",20,20,20,20,10,10,30,30,30,40,30,40,50,40,40,40,40,70,30,30,40,40,50,50,40,40,50,50,20,70,40,30,40,40,40,20,10,30,50,50,50,70,30,50,50,40,70,50
"picture of a photo",390,"growing 30%","+30%",41,"0.05","N/A",No,"Contains: of a photo · Length: Body (3–4 words) · Seasonality: Evergreen",140,140,140,210,210,210,210,170,170,170,170,170,170,170,170,210,140,260,210,170,170,170,170,210,170,170,210,320,260,210,170,210,260,210,260,260,260,390,390,320,390,390,390,390,390,480,390,480
"free online photo editor app",320,"declining -34%","-34%",26,"0.37","$0.84",No,"Contains: photo editor app · Contains: online photo editor · Length: Long tail (5+ words) · Seasonality: Evergreen",210,210,210,210,260,210,210,260,260,260,260,260,210,210,210,260,320,320,320,320,260,390,320,320,320,320,320,320,260,260,260,390,320,320,320,320,320,390,480,390,320,260,260,260,320,260,320,210
"apps photo apps",90500,"stable -13%","-13%",74,"0.11","$0.87",No,"Length: Body (3–4 words) · Seasonality: Evergreen",110000,110000,90500,90500,110000,110000,90500,90500,90500,90500,74000,74000,74000,74000,90500,74000,74000,90500,74000,90500,90500,90500,90500,90500,90500,74000,90500,90500,90500,90500,74000,74000,74000,74000,74000,90500,90500,110000,110000,90500,110000,90500,74000,90500,90500,90500,90500,90500
"photo editor picture download",20,"declining -40%","-40%",20,"0.07","N/A",No,"Length: Body (3–4 words) · Seasonality: Evergreen",50,50,50,50,40,40,40,70,50,40,90,140,110,110,70,70,70,110,90,50,40,30,70,50,50,40,30,30,20,20,30,20,10,20,10,20,10,20,20,20,20,20,10,10,10,10,10,10
"metadata photo editor",2900,"declining -24%","-24%",54,"0.06","$0.05",No,"Length: Body (3–4 words) · Seasonality: Evergreen",1900,1900,2400,2400,1900,1900,1900,2400,1900,1900,1900,1900,2400,1900,2400,1900,1900,1900,1900,2400,1900,1900,1900,1900,1900,1900,2400,2400,2400,2400,2400,2400,2400,2900,2900,2900,3600,3600,3600,2900,2900,3600,2900,2900,2900,2900,2400,2900
"online image editor free online",10,"stable 0%","0%",15,"0.11","N/A",No,"Length: Long tail (5+ words) · Seasonality: Evergreen",10,10,10,10,10,10,10,10,10,10,10,10,10,10,10,20,10,10,10,10,10,10,10,10,10,10,10,10,10,10,10,10,10,10,10,10,10,10,10,10,10,10,10,10,10,10,10,10
"photo editor like",170,"growing 129%","+129%",36,"0.02","$0.33",No,"Length: Body (3–4 words) · Seasonality: Evergreen",140,110,110,140,170,170,140,170,110,110,110,170,110,110,90,50,70,90,90,110,50,70,40,50,50,70,30,40,40,20,40,50,40,30,40,50,90,110,140,110,140,140,140,140,170,260,260,260
"geotagged photos in iphone",10,"declining -40%","-40%",16,"0.09","N/A",No,"Length: Body (3–4 words) · Seasonality: Evergreen",20,30,20,20,10,20,20,10,10,20,20,20,40,40,30,30,40,50,40,30,30,30,40,90,40,50,20,40,30,20,10,10,20,10,10,20,20,20,10,20,10,10,20,10,10,10,10,10
"pictures 4",1600,"stable -13%","-13%",34,"0.36","$1.02",No,"Length: Head (1–2 words) · Seasonality: Evergreen",2900,2900,2400,1900,1900,1900,1900,1900,1900,1900,1900,2400,1900,1600,1600,1600,1600,1600,1600,1900,1600,1600,1600,1900,1600,1600,1600,1300,1300,1300,1300,1600,1300,1600,1600,1900,1600,1600,1600,1300,1600,1600,1300,1300,1300,1300,1300,1600
"image data editor",70,"declining -30%","-30%",27,"0.12","$0.16",No,"Length: Body (3–4 words) · Seasonality: Evergreen",30,40,20,30,40,30,20,40,20,40,50,40,50,30,40,50,50,50,50,40,40,50,30,40,70,70,70,50,90,70,90,70,90,70,90,70,90,90,90,70,70,90,70,70,90,50,70,70
"the editor photo",50,"growing 36%","+36%",24,"0.15","N/A",No,"Length: Body (3–4 words) · Seasonality: Evergreen",10,0,10,20,10,10,20,10,10,10,20,10,20,10,10,10,10,10,10,10,20,10,10,10,10,10,10,10,10,10,10,10,10,10,10,10,10,50,50,40,70,50,30,50,70,50,50,50
"editor photo iphone",18100,"declining -28%","-28%",56,"0.21","$1.88",No,"Length: Body (3–4 words) · Seasonality: Evergreen",22200,22200,27100,27100,33100,33100,27100,27100,33100,33100,27100,33100,27100,27100,27100,27100,33100,27100,27100,27100,27100,27100,27100,27100,22200,27100,33100,33100,40500,33100,22200,27100,27100,27100,22200,22200,22200,22200,22200,18100,22200,18100,14800,14800,14800,18100,14800,14800
"tag your photo",50,"growing 156%","+156%",28,"0.02","N/A",No,"Length: Body (3–4 words) · Seasonality: Evergreen",40,40,40,50,40,40,50,50,50,50,40,30,30,30,50,30,30,40,20,40,40,30,40,40,30,20,40,30,20,20,30,40,40,30,30,30,30,30,30,40,50,40,90,70,50,70,70,90
"add photo to",70,"stable 10%","+10%",29,"0.05","$0.81",No,"Contains: add photo to · Length: Body (3–4 words) · Seasonality: Evergreen",70,70,50,50,90,90,50,50,70,70,70,50,50,70,70,70,70,90,70,50,90,90,70,50,70,70,70,70,50,90,70,90,50,70,70,90,70,70,70,70,50,70,40,70,50,70,70,90
"add date and time stamp to photos",50,"growing 40%","+40%",27,"0.04","$5.02",No,"Contains: stamp to photos · Contains: time stamp to · Length: Long tail (5+ words) · Seasonality: Evergreen",20,20,30,20,40,30,30,30,30,40,20,20,30,30,40,20,30,20,40,30,20,40,20,30,30,30,30,40,40,50,50,20,30,30,50,50,50,50,50,50,50,40,50,40,50,50,70,90
"add tag to photo",40,"declining -43%","-43%",27,"0.01","N/A",No,"Length: Body (3–4 words) · Seasonality: Evergreen",140,70,90,70,90,90,70,90,70,70,90,70,90,70,90,70,90,110,70,70,90,70,50,70,50,70,40,50,40,70,50,50,50,40,50,40,40,50,50,50,50,40,40,40,30,30,30,20
"you are photo",70,"declining -45%","-45%",31,"0","N/A",No,"Length: Body (3–4 words) · Seasonality: Evergreen",110,90,110,70,90,70,70,90,110,70,110,110,90,90,90,70,70,90,70,70,90,90,90,70,90,90,70,90,70,70,70,70,70,90,210,110,110,110,90,90,90,70,70,70,50,50,70,50
"drop photo editor",20,"declining -67%","-67%",18,"0.19","N/A",No,"Length: Body (3–4 words) · Seasonality: Peaks in February",10,10,20,50,30,70,90,50,50,50,30,70,70,50,50,50,50,40,70,40,40,50,40,40,30,40,40,20,30,40,40,20,40,30,40,30,30,30,30,20,30,20,20,20,10,10,10,10
"using a photo",70,"growing 289%","+289%",31,"0","N/A",No,"Length: Body (3–4 words) · Seasonality: Peaks in July",10,10,10,10,10,10,10,10,10,10,10,10,10,10,10,10,10,10,10,10,10,10,10,10,10,10,10,10,30,30,20,20,20,30,20,20,20,30,40,40,30,50,50,40,70,70,110,170
"image photo photo",74000,"stable -13%","-13%",74,"0.09","$1.75",No,"Length: Body (3–4 words) · Seasonality: Evergreen",246000,201000,165000,135000,110000,165000,165000,201000,110000,110000,74000,74000,74000,74000,74000,74000,90500,90500,90500,90500,110000,135000,110000,90500,90500,90500,110000,90500,90500,90500,74000,90500,90500,90500,74000,90500,74000,90500,90500,90500,74000,90500,74000,74000,74000,74000,74000,74000
"photo editor application download",9900,"growing 48%","+48%",62,"0.07","$0.07",No,"Length: Body (3–4 words) · Seasonality: Evergreen",18100,18100,18100,18100,18100,18100,18100,18100,18100,14800,14800,18100,18100,14800,12100,12100,12100,12100,12100,12100,9900,9900,12100,9900,9900,9900,9900,8100,8100,8100,6600,6600,6600,5400,5400,5400,6600,9900,9900,9900,9900,9900,8100,9900,9900,12100,14800,12100
"photo preview",390,"stable -13%","-13%",41,"0.04","$0.02",No,"Length: Head (1–2 words) · Seasonality: Evergreen",390,390,390,390,390,390,390,390,320,480,880,590,720,590,720,590,480,720,720,590,480,480,480,390,390,390,480,480,480,480,390,390,390,390,390,390,320,390,390,390,390,390,320,390,390,320,320,320
"data from photo",30,"declining -25%","-25%",25,"0.01","N/A",No,"Length: Body (3–4 words) · Seasonality: Evergreen",50,50,30,30,50,50,50,50,50,70,40,40,40,40,40,40,30,40,30,50,50,40,40,40,40,30,30,40,30,40,40,30,40,40,30,40,20,30,30,20,30,30,20,40,30,20,20,20
"photo ka app download",90,"stable -14%","-14%",31,"0.05","$0.05",No,"Length: Body (3–4 words) · Seasonality: Evergreen",90,70,50,70,70,90,70,70,70,110,90,70,90,70,70,70,90,110,70,110,110,90,110,170,110,70,70,90,70,70,70,50,50,50,70,70,90,110,90,90,70,70,90,110,70,90,90,70
"photo free app",2400,"growing 65%","+65%",38,"0.32","$1.18",No,"Length: Body (3–4 words) · Seasonality: Peaks in January",1900,1900,1900,1900,2400,1900,1900,1900,2400,1900,1900,1900,2400,1900,2400,2400,2900,2400,2400,2400,2400,2400,2400,1900,1900,1900,4400,4400,2900,27100,1900,1900,1900,1900,1900,1900,1900,1900,1900,1900,1900,1900,1900,1900,2400,3600,2900,2900
"camera app with geo tagging",40,"stable 18%","+18%",13,"0.53","$0.12",No,"Length: Long tail (5+ words) · Seasonality: Evergreen",20,20,20,20,20,30,30,20,90,110,30,40,30,50,20,30,20,30,50,30,30,20,30,40,50,50,40,40,20,30,70,30,40,40,40,70,30,30,50,50,50,50,30,30,50,30,50,50
"photo in a photo in a photo",110,"stable 3%","+3%",32,"0.05","N/A",No,"Length: Long tail (5+ words) · Seasonality: Evergreen",70,40,50,50,90,70,70,70,50,70,50,50,50,50,50,90,50,50,50,50,50,50,50,50,50,40,40,50,50,50,40,50,30,50,50,50,70,170,140,110,110,110,110,110,90,140,140,110
"image picture photo",320,"stable -6%","-6%",40,"0.05","N/A",No,"Length: Body (3–4 words) · Seasonality: Evergreen",590,720,720,720,590,720,590,720,720,720,590,880,880,720,590,880,720,720,720,1000,720,720,480,480,480,480,480,480,480,480,390,720,320,390,390,390,320,390,320,390,390,320,210,320,320,320,260,390
"picture in photo",140,"declining -27%","-27%",35,"0.01","N/A",No,"Length: Body (3–4 words) · Seasonality: Evergreen",10,20,30,40,70,70,40,70,70,50,50,50,40,50,70,50,50,50,50,30,10,20,20,20,40,40,30,30,30,40,40,30,50,50,70,90,110,170,170,170,140,140,110,140,70,110,110,110
"geotag an image",20,"growing 50%","+50%",22,"0.01","N/A",No,"Length: Body (3–4 words) · Seasonality: Evergreen",30,10,20,20,20,20,20,20,20,20,20,10,10,40,20,20,20,20,20,30,10,20,20,10,20,20,20,20,20,20,20,10,10,30,10,30,10,20,10,10,20,40,10,20,20,10,30,20
"photo correct online",10,"declining -25%","-25%",12,"0.31","$0.28",No,"Length: Body (3–4 words) · Seasonality: Evergreen",10,20,20,20,20,20,20,20,30,10,10,20,20,30,20,20,20,20,10,10,20,20,10,10,20,20,20,10,10,20,10,10,10,10,20,20,20,10,10,20,10,10,10,10,10,10,10,10
"photo of a photo of a photo",2900,"stable -19%","-19%",56,"0.03","$2.38",No,"Contains: of a photo · Length: Long tail (5+ words) · Seasonality: Peaks in August",33100,27100,18100,14800,18100,18100,14800,14800,14800,6600,6600,6600,4400,3600,3600,3600,3600,3600,3600,3600,3600,3600,3600,3600,3600,3600,3600,3600,3600,3600,2900,3600,3600,3600,3600,3600,3600,3600,3600,2900,2900,3600,2900,2900,2900,2900,2900,2900
"photo app goo",480,"growing 29%","+29%",45,"0","N/A",No,"Length: Body (3–4 words) · Seasonality: Evergreen",390,390,480,480,390,480,590,480,480,720,590,590,590,480,590,390,390,390,390,320,320,260,390,480,320,210,260,260,260,320,320,210,260,260,260,210,320,590,480,390,390,390,390,390,480,480,590,720
"photo details online",70,"declining -36%","-36%",30,"0.04","N/A",No,"Length: Body (3–4 words) · Seasonality: Peaks in October",590,590,1300,880,720,880,880,880,880,880,880,880,720,720,1000,880,590,260,210,210,210,170,210,110,140,140,140,110,110,90,110,110,110,140,70,50,90,90,70,70,110,90,90,90,70,40,50,70
"using image",12100,"declining -28%","-28%",68,"0","$0.99",No,"Length: Head (1–2 words) · Seasonality: Evergreen",18100,18100,18100,18100,18100,18100,18100,22200,18100,22200,18100,18100,18100,18100,22200,22200,18100,22200,22200,22200,22200,22200,18100,22200,18100,22200,18100,18100,18100,18100,18100,22200,18100,18100,18100,18100,14800,14800,14800,14800,12100,12100,12100,12100,12100,12100,9900,9900
"online add image to image",170,"declining -29%","-29%",34,"0.08","$0.35",No,"Contains: add image to · Length: Long tail (5+ words) · Seasonality: Evergreen",170,110,140,170,170,170,170,210,210,170,170,210,170,170,210,170,170,170,170,140,140,140,140,140,140,170,170,170,170,210,140,170,110,140,140,140,210,170,170,210,170,140,140,110,170,140,140,110
"photo here editor",10,"declining -40%","-40%",10,"0.43","N/A",No,"Length: Body (3–4 words) · Seasonality: Evergreen",10,20,10,10,10,20,10,30,20,20,10,20,20,10,20,10,10,30,10,20,10,10,20,20,20,10,20,30,20,30,30,20,20,30,10,10,30,10,10,10,10,10,10,10,10,10,10,10
"picture ki photo",210,"stable 0%","0%",39,"0","N/A",No,"Length: Body (3–4 words) · Seasonality: Evergreen",720,720,480,320,320,390,320,320,320,260,260,320,260,260,260,210,260,320,210,260,260,260,260,320,210,210,210,210,260,210,210,210,210,320,260,210,210,260,210,210,170,210,170,170,170,210,260,210
"for your photo",20,"stable 17%","+17%",22,"0.02","N/A",No,"Length: Body (3–4 words) · Seasonality: Evergreen",30,30,30,10,30,20,20,30,30,20,20,30,10,30,30,20,20,30,30,30,20,10,20,10,30,10,10,20,20,20,20,20,10,10,20,20,20,10,30,10,20,20,20,20,20,20,20,30
"picture the photo",10,"declining -25%","-25%",17,"0","N/A",No,"Length: Body (3–4 words) · Seasonality: Evergreen",20,20,10,20,10,10,10,10,20,10,10,10,10,10,10,10,10,10,10,10,10,10,10,10,10,10,10,10,10,10,10,10,10,10,10,10,10,20,10,20,10,10,10,10,10,10,10,10
"photo editor online free hd",2400,"growing 347%","+347%",50,"0.11","$0.23",No,"Contains: photo editor online · Contains: editor online free · Length: Long tail (5+ words) · Seasonality: Peaks in July",170,170,210,210,260,260,320,320,320,390,390,390,590,590,720,720,880,1300,2400,2400,2400,2400,2400,2900,2400,2400,2400,1900,2400,2900,1900,2400,1600,1600,1900,1600,1300,1000,1300,1600,2400,2900,1600,1600,1300,3600,4400,8100
"add time stamp to photos iphone",110,"declining -21%","-21%",30,"0.12","$3.76",No,"Contains: add time stamp · Contains: stamp to photos · Contains: time stamp to · Length: Long tail (5+ words) · Seasonality: Evergreen",140,110,110,110,110,90,90,110,90,110,110,90,90,110,90,90,90,90,90,70,50,70,50,50,50,70,90,50,40,90,110,110,110,140,110,70,140,110,170,110,90,90,90,90,90,110,110,110
"geotagged photo iphone",20,"growing 33%","+33%",20,"0.11","$0.12",No,"Length: Body (3–4 words) · Seasonality: Evergreen",30,20,20,20,10,10,10,10,10,10,10,10,10,10,10,10,10,10,20,10,20,10,10,20,10,20,10,30,30,30,30,30,20,20,30,30,30,20,10,20,10,10,20,20,20,30,30,20
"add photo on picture",10,"stable 0%","0%",16,"0.1","N/A",No,"Contains: add photo on · Length: Body (3–4 words) · Seasonality: Evergreen",10,10,10,10,10,20,10,10,10,10,10,10,10,10,10,10,10,20,10,10,20,10,20,10,20,10,10,10,10,10,10,10,10,10,10,10,10,10,10,10,10,10,10,10,10,10,10,10
"a photo app",90,"declining -31%","-31%",27,"0.18","$1.40",No,"Length: Body (3–4 words) · Seasonality: Evergreen",40,50,50,40,50,40,30,40,40,50,70,50,140,210,210,260,210,170,140,210,110,90,90,170,140,140,140,110,110,90,90,140,140,90,110,140,110,170,110,90,70,70,70,90,90,110,90,70
"full photo editor online",10,"stable 0%","0%",15,"0.14","N/A",No,"Contains: photo editor online · Length: Body (3–4 words) · Seasonality: Evergreen",20,20,20,20,30,10,20,30,40,20,30,30,30,30,10,10,40,20,40,30,30,40,30,30,20,20,10,30,20,20,10,10,10,10,20,10,20,10,10,20,10,10,20,10,10,20,10,10
"geotag photo in iphone",70,"growing 21%","+21%",26,"0.15","$0.14",No,"Length: Body (3–4 words) · Seasonality: Evergreen",10,10,20,10,10,10,10,10,10,10,20,10,30,30,30,40,30,70,50,50,40,40,70,50,50,50,40,40,50,50,40,40,10,10,20,50,50,70,70,70,70,90,90,70,70,70,90,70
"image on image editor online",40,"growing 63%","+63%",27,"0.01","N/A",No,"Contains: image editor online · Length: Long tail (5+ words) · Seasonality: Evergreen",110,90,90,90,140,260,110,140,70,110,140,140,170,110,140,140,90,50,40,110,110,90,70,110,140,110,140,110,70,70,40,70,70,40,20,40,30,30,20,30,30,40,40,30,40,20,40,70
"jpg tag editor",30,"declining -25%","-25%",25,"0","N/A",No,"Length: Body (3–4 words) · Seasonality: Evergreen",40,50,70,70,50,70,50,40,70,50,50,50,50,50,40,40,70,50,50,70,50,40,40,50,40,40,50,40,50,50,30,50,50,30,30,30,30,20,30,70,20,30,30,30,20,20,20,20
"online image tools",480,"stable 7%","+7%",43,"0.04","$0.64",No,"Length: Body (3–4 words) · Seasonality: Evergreen",480,480,590,590,590,720,720,880,590,590,480,720,590,480,590,590,590,720,590,590,590,590,590,720,590,590,590,590,590,590,590,590,590,720,720,590,590,480,480,480,480,480,390,480,390,880,390,390
"photo editor tools online",2400,"declining -38%","-38%",46,"0.19","$0.64",No,"Length: Body (3–4 words) · Seasonality: Evergreen",4400,3600,4400,4400,4400,4400,4400,4400,4400,4400,4400,4400,4400,4400,4400,4400,4400,4400,4400,4400,4400,4400,3600,3600,3600,3600,3600,2900,2900,3600,3600,3600,2900,3600,3600,3600,2900,2900,2900,2400,2400,2400,1900,1900,1900,1900,1900,1600
"photoshop editor app download",10,"declining -20%","-20%",12,"0.28","N/A",No,"Contains: editor app download · Length: Body (3–4 words) · Seasonality: Peaks in October",50,20,40,50,30,30,30,20,30,20,20,10,20,30,30,10,10,20,10,10,10,10,10,10,10,10,20,10,10,10,20,10,10,10,20,20,20,10,20,10,10,10,10,10,10,20,10,10
"tag photos in google photos",320,"declining -38%","-38%",42,"0","N/A",No,"Length: Long tail (5+ words) · Seasonality: Evergreen",880,720,720,720,720,880,720,720,720,720,720,720,880,720,720,720,720,880,720,720,720,720,590,590,590,590,590,590,590,590,390,590,480,480,480,390,480,480,390,320,390,390,320,320,320,320,260,260
"photo create online",50,"declining -52%","-52%",18,"0.35","$0.23",No,"Length: Body (3–4 words) · Seasonality: Evergreen",50,70,40,70,90,110,110,90,90,70,70,70,70,50,40,50,50,70,40,70,70,50,40,50,40,30,50,30,50,50,50,70,90,70,50,70,70,90,70,50,70,70,50,40,40,30,40,40
"your images",2900,"growing 71%","+71%",58,"0","N/A",No,"Length: Head (1–2 words) · Seasonality: Evergreen",1300,1600,1300,1300,1300,1300,1300,1600,1600,1900,1600,1900,1900,1900,1900,1600,1600,1900,1600,1600,1600,1600,1600,1600,1900,1600,1600,1300,1300,1600,1300,1900,1600,1900,1900,1900,2400,2900,2400,1900,2400,2400,2900,3600,3600,4400,4400,4400
"photo editing photo editing apps",50,"stable 7%","+7%",26,"0.1","N/A",No,"Length: Long tail (5+ words) · Seasonality: Evergreen",20,30,20,20,30,20,20,40,30,30,20,30,40,30,30,40,40,40,90,50,50,30,50,70,50,40,30,30,40,40,30,50,70,40,50,40,40,70,40,70,70,40,30,40,30,50,70,40
"exif data photos",1900,"stable 0%","0%",54,"0.01","$0.02",No,"Length: Body (3–4 words) · Seasonality: Evergreen",1900,1600,1600,1600,1600,1900,1900,1900,1900,1600,1600,1900,1600,2400,1900,1900,1900,1900,2400,1900,1900,1900,1900,1900,1900,1900,2400,1900,1900,2400,1900,1900,1900,1900,1900,1900,1900,1900,1900,1900,1900,1900,1900,2400,1900,1900,1900,1900
"i make photos",20,"stable -14%","-14%",18,"0.17","$0.28",No,"Length: Body (3–4 words) · Seasonality: Evergreen",10,10,30,20,10,20,20,10,10,20,10,10,10,20,20,20,20,20,30,20,10,30,10,10,10,20,20,20,10,20,20,10,20,20,20,20,20,30,20,20,20,10,10,20,10,20,20,20
"picture editor add image",20,"declining -29%","-29%",18,"0.2","$0.50",No,"Length: Body (3–4 words) · Seasonality: Evergreen",30,10,10,30,40,20,20,30,30,30,30,10,20,20,40,50,40,30,30,30,10,30,30,20,20,20,20,20,30,30,10,30,10,20,20,20,30,20,20,10,20,20,20,30,20,10,20,20
"photo with picture",33100,"stable -18%","-18%",66,"0.13","$1.43",No,"Length: Body (3–4 words) · Seasonality: Evergreen",40500,49500,40500,40500,33100,33100,33100,33100,40500,40500,40500,49500,40500,49500,40500,40500,49500,49500,49500,49500,49500,60500,49500,49500,49500,49500,49500,49500,40500,40500,33100,40500,40500,40500,33100,40500,40500,40500,40500,40500,33100,40500,33100,33100,33100,33100,33100,33100
"pitcher editor",210,"stable 7%","+7%",33,"0.14","$0.48",No,"Length: Head (1–2 words) · Seasonality: Evergreen",140,90,110,90,70,70,110,110,70,90,90,90,110,140,140,140,170,140,140,170,210,170,140,210,210,170,170,170,170,170,140,140,170,140,140,170,170,170,210,210,210,210,260,260,170,210,170,210
"with your photo",50,"declining -25%","-25%",28,"0.02","N/A",No,"Length: Body (3–4 words) · Seasonality: Evergreen",20,10,20,20,20,10,10,20,10,20,30,20,20,20,20,10,20,20,20,10,30,10,10,20,20,20,20,20,20,20,20,30,50,70,30,40,40,50,70,70,50,40,40,50,40,50,30,40
"photo for picture",40,"declining -33%","-33%",22,"0.17","N/A",No,"Length: Body (3–4 words) · Seasonality: Evergreen",20,30,20,40,20,30,30,30,30,30,20,30,40,30,20,20,30,50,40,50,40,30,20,30,90,50,40,30,40,50,30,20,50,30,40,40,40,30,50,40,30,40,30,40,30,30,20,30
"photo of picture",22200,"growing 41%","+41%",62,"0.15","$2.14",No,"Length: Body (3–4 words) · Seasonality: Evergreen",33100,33100,27100,27100,27100,27100,27100,27100,27100,33100,33100,27100,33100,27100,33100,33100,33100,33100,33100,33100,33100,33100,33100,27100,22200,22200,27100,33100,27100,27100,18100,22200,22200,22200,18100,22200,22200,22200,22200,22200,22200,22200,18100,22200,22200,22200,22200,49500
"photo editor where you can add text",10,"stable 0%","0%",5,"0.7","$2.17",No,"Length: Long tail (5+ words) · Seasonality: Evergreen",30,10,10,10,10,10,10,10,10,10,10,10,10,10,10,10,10,10,20,10,20,10,10,10,10,10,10,10,20,10,10,10,10,10,10,10,10,10,10,10,10,10,10,10,10,10,10,10
"picture for photo",70,"declining -41%","-41%",30,"0.03","N/A",No,"Length: Body (3–4 words) · Seasonality: Evergreen",50,50,50,50,50,50,70,70,40,30,40,30,50,50,50,40,30,50,40,20,30,50,50,30,30,40,50,40,70,50,30,50,50,50,40,30,110,110,70,70,50,50,70,50,70,50,70,50
"pick photo editor",50,"declining -48%","-48%",28,"0.01","N/A",No,"Length: Body (3–4 words) · Seasonality: Evergreen",260,110,110,70,70,110,110,210,210,210,140,140,90,110,210,170,210,210,210,170,170,170,170,140,170,140,90,140,110,110,70,50,70,70,50,90,50,90,70,70,70,30,40,30,50,50,30,30